scenario,strategy,replication,one_minus_soc_mean,one_minus_soc_std,one_minus_soc_min,one_minus_soc_max,E_next_mean,E_next_std,E_next_min,E_next_max,T_idle_mean,T_idle_std,T_idle_min,T_idle_max,eta_WPT_mean,eta_WPT_std,eta_WPT_min,eta_WPT_max,D_mean,D_std,D_min,D_max,score_mean,score_std,score_min,score_max,raw_E_next_kwh_mean,raw_E_next_kwh_std,raw_E_next_kwh_min,raw_E_next_kwh_max,raw_D_s_mean,raw_D_s_std,raw_D_s_min,raw_D_s_max
v3_primary_challenge,C4,1007,0.6365756284701696,0.1733678089552111,0.17182400052321553,0.9310952766678885,0.5224039829302987,0.3377736516610269,0.0,1.0,0.05626801005655892,0.06486821812907374,0.0,0.450933261673579,0.7604353978791198,0.23823957921774688,0.12370768717692188,1.0,0.011867566394066414,0.04453052797137139,0.0,0.3616483620308615,0.40368391229120804,0.10146945204387088,0.11157814068232921,0.6308948396986169,0.014275011853959223,0.0028898412419887847,0.009805555555555555,0.018361111111111113,7.120539836439848,26.718316782822807,0.0,216.9890172185169
v3_primary_challenge,C4,1008,0.5324043913033951,0.16696923495818025,0.13675686135642437,0.891950813488645,0.5013059701492536,0.36151170983946784,0.0,1.0,0.0535291453540509,0.05728814522416607,0.0,0.39269393353643356,0.7531281965609672,0.24879603920915974,0.12370768717692188,1.0,0.009699595260159769,0.03775304947876317,0.0,0.32944699779999004,0.36645008233550436,0.10705383803724074,0.06164655587388278,0.6200042802339267,0.014094506633499171,0.003092933517515445,0.009805555555555555,0.018361111111111113,5.819757156095862,22.65182968725789,0.0,197.66819867999402
v3_primary_challenge,C4,1009,0.6368888066586922,0.12704686557110847,0.20299498434236574,0.9309043182248908,0.5037167449139279,0.3643022394826866,0.0,1.0,0.05873355509939221,0.0677962370555421,0.0,0.4281850516822912,0.7678732672935321,0.2358217578646774,0.12370768717692188,1.0,0.008433780433695682,0.03856023669231185,0.0,0.3783183422705527,0.40090643213361254,0.1017690357233567,0.07898650067474458,0.6341365274508532,0.014115132150930272,0.0031168080489074337,0.009805555555555555,0.018361111111111113,5.060268260217408,23.136142015387126,0.0,226.99100536233163
v3_primary_challenge,C4,1010,0.5128166546258623,0.15051701122695485,0.13005646588047512,0.889458132309333,0.4944901008591706,0.35433532640423293,0.0,1.0,0.05316479004152143,0.06351495150109461,0.0,0.4719867125574638,0.7567082943787921,0.23532036489114033,0.12370768717692188,1.0,0.011702175392633605,0.04360058372853914,0.0,0.37860953978796413,0.35877263446813207,0.10292550702071765,0.07051907316517522,0.6177167864433448,0.014036193085128462,0.0030315355703473277,0.009805555555555555,0.018361111111111113,7.021305235580163,26.16035023712345,0.0,227.16572387277847
v3_primary_challenge,C4,1011,0.5958149574560864,0.13195310319023748,0.27105878723252425,0.9297021831480706,0.5214338507021433,0.35132717342698355,0.0,1.0,0.055637493794876425,0.06340277775659335,0.0,0.44701833862821433,0.7539191959862662,0.2487719702869808,0.12370768717692188,1.0,0.006384405982773426,0.03192812998999353,0.0,0.36966519566873707,0.39156361238366516,0.09884959740958972,0.11972301299190927,0.6426824687012094,0.014266711833785004,0.0030057991504308596,0.009805555555555555,0.018361111111111113,3.830643589664056,19.156877993996115,0.0,221.79911740124226
v3_primary_challenge,C4,1012,0.5589943609335907,0.18343244607444728,0.18741789077727042,0.9218546725687178,0.5023408239700373,0.34614933085948996,0.0,1.0,0.054536630014619766,0.0639614726119358,0.0,0.42882406596714445,0.7574197991630024,0.2456873618787149,0.12370768717692188,1.0,0.01073561136446476,0.039302601185810464,0.0,0.37918694442108974,0.3750588664181868,0.10689399037136482,0.059910860672585414,0.6313676971997721,0.014103360382854766,0.0029614998306867445,0.009805555555555555,0.018361111111111113,6.441366818678855,23.581560711486272,0.0,227.51216665265383
v3_primary_challenge,C4,1013,0.5537298829387417,0.15021316320236122,0.19045241424577108,0.9220732353841715,0.487284894837476,0.34700859733343115,0.0,1.0,0.05554767475615712,0.06879130193379417,0.0,0.630673566795069,0.7594151680684194,0.23631108830663394,0.12370768717692188,1.0,0.010488955776968525,0.040053971964735764,0.0,0.3869427637069202,0.37011606545586334,0.10383144006959791,0.12357983073591867,0.6321220688090725,0.01397454854472063,0.002968851332741577,0.009805555555555555,0.018361111111111113,6.293373466181115,24.032383178841467,0.0,232.16565822415214
v3_primary_challenge,C4,1014,0.5485050949439287,0.17785689473926225,0.10928914044622173,0.9277309784469953,0.4769250382457929,0.3520300876958881,0.0,1.0,0.04947023210928921,0.05615893716835512,0.0,0.4132375358011187,0.7602345601663658,0.23497727145050626,0.12370768717692188,1.0,0.008365097380384502,0.035747371172140135,0.0,0.3606892904944592,0.36555375940157986,0.10515347347066484,0.0935817651663871,0.6472215667434148,0.013885914216102895,0.003011812972509265,0.009805555555555555,0.018361111111111113,5.019058428230701,21.448422703284066,0.0,216.4135742966755
v3_primary_challenge,C4,1015,0.6379129382918768,0.1502288640383789,0.2768112854062217,0.9265412850609933,0.4956730769230768,0.3618765619649479,0.0,1.0,0.0511747689641329,0.05576996262796903,0.0,0.3484560619580326,0.7552749799044822,0.2334468713959198,0.12370768717692188,1.0,0.008018219623899354,0.03373540258384924,0.0,0.30057362807814797,0.3968922201286205,0.10192401064592521,0.10190790366917878,0.6183674676225058,0.014046314102564102,0.0030960550301445543,0.009805555555555555,0.018361111111111113,4.810931774339613,20.24124155030955,0.0,180.3441768468888
v3_primary_challenge,C4,1016,0.5861270295183011,0.143091205831958,0.2920563351844055,0.926663013715742,0.5108612072279891,0.3548459421386051,0.0,1.0,0.05971305092074465,0.08280685815100389,0.0,0.7878766113768829,0.7555228418387075,0.24271030070746438,0.12370768717692188,1.0,0.009005605929937814,0.03663680335901295,0.0,0.35370200891737114,0.3862615312984825,0.1026155222362632,0.11773324136753793,0.6374587614019838,0.014176256995172798,0.003035904171630289,0.009805555555555555,0.018361111111111113,5.403363557962688,21.982082015407766,0.0,212.22120535042268
v3_primary_challenge,C4,1017,0.46601240064388366,0.15560014618706164,0.11792611747464059,0.7714355252344435,0.4998159057437407,0.35041407127203195,0.0,1.0,0.054872356230729794,0.06619252528471409,0.0,0.5233207463596288,0.7586907177815713,0.2382804903593493,0.12370768717692188,1.0,0.00967993105019949,0.03845790127160496,0.0,0.3658869933512612,0.346921635631827,0.10171862392467294,0.05798285373717939,0.582714085928474,0.01408175830469645,0.002997987054216275,0.009805555555555555,0.018361111111111113,5.8079586301196935,23.074740762962985,0.0,219.5321960107567
v3_primary_challenge,C4,1018,0.49841193558251395,0.18086450651485733,0.0835187349553664,0.896719115393725,0.4961832061068701,0.35031146431153654,0.0,1.0,0.0545308477482374,0.06892156675480317,0.0,0.550577799486762,0.7646295117978839,0.2400978634794294,0.12370768717692188,1.0,0.008813427824100847,0.03693889906709934,0.0,0.3939056315011112,0.35644927497867557,0.10154187374068407,0.0721630547622302,0.6069795575562769,0.014050678541136556,0.0029971091946653723,0.009805555555555555,0.018361111111111113,5.288056694460509,22.163339440259605,0.0,236.34337890066672
v3_primary_challenge,C4,1019,0.5443162256084619,0.15312658317774497,0.1917566013955514,0.9291787358243275,0.4931938236489231,0.3564581279336567,0.0,1.0,0.05739837728531851,0.0657284798281191,0.0,0.5008225096046226,0.7591456740153907,0.24025903776854735,0.12370768717692188,1.0,0.011672801561295139,0.04327800124342183,0.0,0.3912559245123005,0.36878308727684717,0.1033706069398706,0.10383775851729427,0.6229277018884802,0.014025102713440787,0.003049697316765733,0.009805555555555555,0.018361111111111113,7.003680936777083,25.966800746053114,0.0,234.75355470738032
v3_primary_challenge,C4,1020,0.625982579721868,0.159010850454733,0.25054652193105104,0.9328684851863137,0.5064285714285713,0.35143133215014133,0.0,1.0,0.05119364333234565,0.058183836149533215,0.0,0.4125092285444569,0.7543763208134682,0.24514202625538184,0.12370768717692188,1.0,0.007563611715344562,0.03298202808148467,0.0,0.3754895557068691,0.396005873011833,0.10228273426227626,0.11949591190677318,0.6224697084838444,0.014138333333333333,0.0030066902861734337,0.009805555555555555,0.018361111111111113,4.538167029206738,19.789216848890778,0.0,225.29373342412146
v3_primary_challenge,C4,1021,0.5319453315312406,0.13117360543356948,0.13674798307663774,0.8626875461686868,0.49183924183924177,0.3586671459998109,0.0,1.0,0.06063896714974693,0.07583468206335399,0.0,0.6044756413672197,0.7579202831203833,0.24501891553753138,0.12370768717692188,1.0,0.010119455457272143,0.040085031544926854,0.0,0.3895511429612452,0.36540739221222857,0.10199865649090714,0.07433512396053998,0.6060751479157092,0.014013513513513515,0.003068596693553937,0.009805555555555555,0.018361111111111113,6.0716732743632855,24.051018926956093,0.0,233.73068577674712
v3_primary_challenge,C4,1022,0.5878278943069781,0.1725022868809438,0.1659666309108343,0.8934069030070138,0.510840623811335,0.3543951276145483,0.0,1.0,0.05871850882826839,0.072596908801657,0.0,0.6638268661420685,0.7682423610055314,0.23406167807909822,0.12370768717692188,1.0,0.009578752131977135,0.03707703586930685,0.0,0.3459883151008277,0.3877747862433252,0.10664266863118835,0.09567606369782483,0.6204308343631231,0.01417608089260809,0.0030320472029244728,0.009805555555555555,0.018361111111111113,5.747251279186281,22.246221521584125,0.0,207.59298906049662
v3_primary_challenge,C4,1023,0.4476468293324795,0.12559444450049703,0.1666715215492851,0.76182546577224,0.506036036036036,0.3600380479355063,0.0,1.0,0.059580984532370644,0.06549561842026895,0.0,0.44330260579663194,0.7611093985431155,0.23747703608556328,0.12370768717692188,1.0,0.009192211782167777,0.038098505149401184,0.0,0.3862637540739767,0.34401270298648645,0.10195231872091974,0.06449946931383307,0.5703495480662939,0.014134974974974974,0.0030803255212260004,0.009805555555555555,0.018361111111111113,5.515327069300666,22.859103089640737,0.0,231.75825244438602
v3_primary_challenge,C4,1024,0.5356736862277339,0.13418578856556712,0.17931347066385164,0.782272745083969,0.4913884007029876,0.34812336747097733,0.0,1.0,0.05497637230068176,0.06406524598348659,0.0,0.44490941892044145,0.7534178776558755,0.24245915087553757,0.12370768717692188,1.0,0.00885029986183676,0.03621771965324957,0.0,0.34234536082454725,0.3653673896823896,0.10165019989589014,0.11212127515417993,0.6028803792138266,0.01400965631712556,0.0029783888105850277,0.009805555555555555,0.018361111111111113,5.310179917102056,21.730631791949747,0.0,205.40721649472835
v3_primary_challenge,C4,1025,0.5476947924628648,0.1593783870168975,0.2048863866922471,0.932942687469079,0.4961887477313974,0.35289032832306066,0.0,1.0,0.05373623512389547,0.057860937804918015,0.0,0.39810035133604593,0.7613888765314297,0.2386223848427229,0.12370768717692188,1.0,0.008531968524829044,0.036099947406257,0.0,0.3572869443009641,0.37084855388847027,0.10245908598799934,0.11434285639668816,0.5994258807447687,0.014050725952813066,0.0030191728089861867,0.009805555555555555,0.018361111111111113,5.119181114897427,21.659968443754213,0.0,214.37216658057844
v3_primary_challenge,C4,1026,0.6260001184943836,0.12774333656854198,0.2952864275064049,0.8622204533823546,0.5184831655675112,0.35512286187393155,0.0,1.0,0.058311330882651315,0.06594625541699002,0.0,0.4672482729121839,0.7580166920206605,0.2380769345089466,0.12370768717692188,1.0,0.007968725706814329,0.03352747801225619,0.0,0.3224074984146062,0.4003754506332938,0.1000010464948973,0.12633027573891842,0.6263118547908858,0.014241467083188707,0.003038273373810299,0.009805555555555555,0.018361111111111113,4.781235424088597,20.116486807353702,0.0,193.4444990487637
v3_primary_challenge,C4,1027,0.5928475283012823,0.16056310826454046,0.15778437095085765,0.929036556060144,0.5148045795499407,0.35085926360040287,0.0,1.0,0.05927828145035619,0.0808316237447908,0.0,0.7838742085325879,0.750884390741232,0.2423466098762756,0.12370768717692188,1.0,0.009574881532546726,0.038542624877679114,0.0,0.3861393243939771,0.3886206083630372,0.10362249009184515,0.09337366020019419,0.6431610561910298,0.014209994736149492,0.0030017959219145606,0.009805555555555555,0.018361111111111113,5.744928919528036,23.125574926607456,0.0,231.68359463638626
v3_primary_challenge,C4,1028,0.5394843938890069,0.11641034202524726,0.19812363536946517,0.826919959130143,0.5219170607493633,0.3461379756877187,0.0,1.0,0.053520957884244304,0.059325812951036117,0.0,0.4141430706756243,0.7563262806375907,0.24057846537413466,0.12370768717692188,1.0,0.011691754166749096,0.043746056351819905,0.0,0.35956589499119823,0.3736470042670888,0.09759118531539131,0.09405718488901614,0.595951043287822,0.014270845964188997,0.002961402680883815,0.009805555555555555,0.018361111111111113,7.015052500049458,26.24763381109193,0.0,215.73953699471895
v3_primary_challenge,C4,1029,0.5961828880697402,0.1884953883216778,0.19404758555947735,0.9316093286732867,0.5065975494816211,0.36034429703164844,0.0,1.0,0.052241697017739605,0.0642068603796459,0.0,0.5319096292301246,0.7649313091198444,0.2342365017211146,0.12370768717692188,1.0,0.011540016871409826,0.04368998670173352,0.0,0.3828810973904304,0.3875256358816907,0.11040149942565139,0.1075209635331021,0.6278985246689441,0.014139779034453868,0.003082945652381887,0.009805555555555555,0.018361111111111113,6.924010122845896,26.21399202104009,0.0,229.72865843425825
v3_primary_challenge,C4,1030,0.5331175363474788,0.15277895805792605,0.12211793894523604,0.9292537124957261,0.49724602203182366,0.3533622241967459,0.0,1.0,0.05672583557247695,0.06636246268151436,0.0,0.44051183196266114,0.7619680573320797,0.24047500384042886,0.12370768717692188,1.0,0.010910045624749948,0.04115354592732036,0.0,0.3593813383480589,0.3667704383563291,0.10326057092857077,0.08272508185627772,0.6306611585438444,0.014059771521827826,0.0030232101403499393,0.009805555555555555,0.018361111111111113,6.546027374849969,24.692127556392208,0.0,215.62880300883535
v3_primary_challenge,C4,1031,0.5601621394900558,0.1730018254050443,0.15313724246445584,0.8238486055500583,0.48529411764705876,0.3553361022205222,0.0,1.0,0.05974822255951221,0.06771640142959832,0.0,0.5127504066630112,0.7572729379395581,0.23689218499361583,0.12370768717692188,1.0,0.009778919348481324,0.03862717628416715,0.0,0.35389030506063135,0.3721059145669678,0.10770780674464475,0.05145235000886961,0.6026772004516818,0.01395751633986928,0.0030400977634422455,0.009805555555555555,0.018361111111111113,5.867351609088794,23.176305770500253,0.0,212.33418303637882
v3_primary_challenge,C4,1032,0.4450482909446967,0.15104323522730992,0.13455334147030276,0.8396637271521034,0.5341114730365544,0.3562809210973575,0.0,1.0,0.053477322166481774,0.06234330999876952,0.0,0.49144461395832667,0.7517949166403688,0.25370593315802176,0.12370768717692188,1.0,0.011060105380914195,0.04160421910708144,0.0,0.3793136252858282,0.34803142445537394,0.10377686118436243,0.07633447794723477,0.5830800448497961,0.014375175935979409,0.003048181213832949,0.009805555555555555,0.018361111111111113,6.636063228548516,24.962531464248865,0.0,227.5881751714969
v3_primary_challenge,C4,1033,0.49922440365468246,0.1913699754446205,0.1650686337435118,0.8864280092574797,0.52021107128634,0.3440077758619322,0.0,1.0,0.05540269150648628,0.06665857150481115,0.0,0.45656946149499467,0.7529957232698389,0.24021436073548352,0.12370768717692188,1.0,0.010163507643258546,0.03867688897838848,0.0,0.35585914565924515,0.3613973634422949,0.10773253758271015,0.09235088204161238,0.6208418780780784,0.01425625027656091,0.0029431776379298673,0.009805555555555555,0.018361111111111113,6.098104585955127,23.206133387033063,0.0,213.5154873955471
v3_primary_challenge,C4,1034,0.5920739619876036,0.1547632830799699,0.1412287972613974,0.8807768310800576,0.5085439658241366,0.3633861331608333,0.0,1.0,0.055992582055508645,0.06667985650300447,0.0,0.5528166229187143,0.7598300158742004,0.24719893943656332,0.12370768717692188,1.0,0.009591642767556566,0.03802346724389186,0.0,0.37425551511279387,0.3872217403945503,0.10348124248982789,0.05950578123737058,0.6337348200906413,0.014156431707606503,0.003108970250376019,0.009805555555555555,0.018361111111111113,5.754985660533939,22.81408034633513,0.0,224.5533090676763
v3_primary_challenge,C4,1035,0.500898760556018,0.16964995286716017,0.1559529175932138,0.929846659901861,0.5066265060240963,0.3508167585670068,0.0,1.0,0.05619314382639256,0.06981025580827739,0.0,0.5099990780731625,0.7560237573606081,0.24135768387917392,0.12370768717692188,1.0,0.009305245429405787,0.03851171313622376,0.0,0.39398054551080347,0.359096552896968,0.1052002550231272,0.10100160203556705,0.6108818094753473,0.014140026773761714,0.0030014322677399483,0.009805555555555555,0.018361111111111113,5.583147257643472,23.10702788173426,0.0,236.3883273064821
v3_primary_challenge,C4,1036,0.5789312054259019,0.16543629395021847,0.21065199838831786,0.932980927473633,0.4658145065398335,0.3638435299585621,0.0,1.0,0.04850230790460294,0.05539995025913728,0.0,0.3830328778231504,0.7443651968671614,0.24912419870034472,0.12370768717692188,1.0,0.009576737578416457,0.03943891546995835,0.0,0.38213610858648434,0.3699295066194523,0.10375717265303955,0.11014643617507489,0.6223307965150452,0.013790857444840798,0.003112883534089919,0.009805555555555555,0.018361111111111113,5.746042547049875,23.66334928197503,0.0,229.2816651518906
v3_primary_challenge,C4,1037,0.5447497503351858,0.1492106501786772,0.24099768267637112,0.9302984124467701,0.5137931034482758,0.34810716619107696,0.0,1.0,0.055825723683242526,0.06341230679584643,0.0,0.4646929412172974,0.7606554638480767,0.2404512324725802,0.12370768717692188,1.0,0.009120511295296433,0.037058569581076777,0.0,0.37088900696683896,0.37448850364085945,0.10357873329445613,0.09571729221072776,0.6162436153153248,0.014201340996168581,0.00297825019963477,0.009805555555555555,0.018361111111111113,5.47230677717786,22.235141748646093,0.0,222.5334041801034
v3_primary_challenge,C4,1038,0.6363790404114719,0.13307464863488894,0.30506903793172074,0.9317722149885007,0.49313725490196075,0.3520095198904292,0.0,1.0,0.05255483189566093,0.06495667096426518,0.0,0.5084517215523616,0.7519597727785463,0.24989081400460184,0.12370768717692188,1.0,0.0076157177510135015,0.03439974490866006,0.0,0.389607309306654,0.3957540843609328,0.10038119891648346,0.12650366481401504,0.6258950016455969,0.014024618736383443,0.003011637003507008,0.009805555555555555,0.018361111111111113,4.569430650608101,20.639846945196023,0.0,233.7643855839924
v3_primary_challenge,C4,1039,0.47834499028587496,0.1306199623267406,0.18560417786365102,0.8766213775227053,0.5156765676567656,0.35698271233847934,0.0,1.0,0.05906053053995693,0.06863613132675546,0.0,0.4855837518493354,0.7676358806465939,0.2309194837339303,0.12370768717692188,1.0,0.009268915633896807,0.0374987605889909,0.0,0.3943618500136654,0.35619152351882744,0.10017508173592818,0.09844802742826608,0.6098197956238172,0.014217455078841217,0.003054185427784767,0.009805555555555555,0.018361111111111113,5.5613493803380845,22.499256353394564,0.0,236.61711000819923
v3_primary_challenge,C4,1040,0.4474168070640189,0.19616243773850892,0.1529499499179606,0.9321815122658071,0.5090809628008752,0.36407709655201953,0.0,1.0,0.05472980362654935,0.06057527795024316,0.0,0.43611715901104514,0.7421003900929313,0.25196085348276054,0.12370768717692188,1.0,0.010246449202330735,0.039786233838156285,0.0,0.3656922246170325,0.34186550253223386,0.10979565943421135,0.06200471759059143,0.6143454168145182,0.014161026015074154,0.0031148818260561687,0.009805555555555555,0.018361111111111113,6.147869521398441,23.87174030289379,0.0,219.4153347702195
v3_primary_challenge,C4,1041,0.5169797679485413,0.1706681251852551,0.1634188791794582,0.8564273147001805,0.49508692365835216,0.3553858522403669,0.0,1.0,0.052861492027759464,0.05795783852773512,0.0,0.40336468575825973,0.7560355038945525,0.24605342319584403,0.12370768717692188,1.0,0.009056386060363965,0.03764322547460165,0.0,0.380100851026012,0.3605871582806968,0.10319839854561969,0.07490996062167005,0.6161287495133027,0.014041299235743682,0.003040523402500919,0.009805555555555555,0.018361111111111113,5.433831636218379,22.58593528476097,0.0,228.0605106156072
v3_primary_challenge,C4,1042,0.6114393194058421,0.15671088472577477,0.003755555555555734,0.9330158439219168,0.4881780250347704,0.35775826176099706,0.0,1.0,0.0522067139297333,0.06450927950533908,0.0,0.5118341087621351,0.7556228276400603,0.2458498307129346,0.12370768717692188,1.0,0.00847237450919033,0.03487573025691393,0.0,0.3300886126389499,0.3871751170320732,0.1054739202194319,0.06345900287506709,0.6371253609243784,0.013982189769741925,0.003060820683955194,0.009805555555555555,0.018361111111111113,5.083424705514199,20.925438154148335,0.0,198.05316758336994
v3_primary_challenge,C4,1043,0.5757375958978189,0.14353875239537311,0.1773154255609941,0.9036887119968503,0.5009134088417975,0.35951087450607083,0.0,1.0,0.05471214079814364,0.06476483930944599,0.0,0.43305751651186764,0.7562441935253341,0.2406298645306182,0.12370768717692188,1.0,0.009258049118869061,0.03720228199345553,0.0,0.32233606051443836,0.3799292616282762,0.1049034796509443,0.08146653286060572,0.6255416573494821,0.014091148053424268,0.003075815259663052,0.009805555555555555,0.018361111111111113,5.554829471321437,22.321369196073345,0.0,193.401636308663
v3_primary_challenge,C4,1044,0.5794308477401564,0.16795840037029042,0.1635430918282569,0.9315138871273323,0.4823999999999999,0.34283706757286436,0.0,1.0,0.05214085674512252,0.05855321860350131,0.0,0.3552049693345988,0.7616951559112891,0.2393809344996608,0.12370768717692188,1.0,0.008331979399586978,0.03594075282723891,0.0,0.340030518453716,0.37675350254502676,0.1048660105004597,0.05777960850586776,0.6386724903585715,0.013932755555555556,0.002933161578123394,0.009805555555555555,0.018361111111111113,4.999187639752186,21.56445169634334,0.0,204.0183110722296
v3_primary_challenge,C4,1045,0.5123172617870266,0.14852724681569368,0.1840405939858917,0.8247878409891726,0.5086113125453227,0.35071199735366093,0.0,1.0,0.05602656947791445,0.06391928945484432,0.0,0.3847695507509909,0.7552997174802051,0.24252768764943317,0.12370768717692188,1.0,0.011030128705343133,0.042597886522530874,0.0,0.38751506052450774,0.3625759381010777,0.1026931973793905,0.103352700471426,0.5986382367663358,0.014157007896221093,0.003000535977359099,0.009805555555555555,0.018361111111111113,6.61807722320588,25.558731913518546,0.0,232.50903631470464
v3_primary_challenge,C4,1046,0.5637722891295365,0.14793720581444467,0.19795790593259385,0.9332246455354655,0.5109176340519623,0.3657387940137217,0.0,1.0,0.05614374187958933,0.07560766044137887,0.0,0.5914685439522549,0.7535661257015095,0.24782515193006938,0.12370768717692188,1.0,0.007517564004431578,0.03314813623486289,0.0,0.32063278817814234,0.3791357563030545,0.104270690841736,0.1062176791789622,0.6266726481736701,0.014176739758000123,0.0031290985710062855,0.009805555555555555,0.018361111111111113,4.510538402658947,19.88888174091772,0.0,192.3796729068854
v3_primary_challenge,C4,1047,0.6063363204021538,0.17502248423162378,0.21988712441184388,0.9207956663216631,0.4893657424990504,0.3515744228015274,0.0,1.0,0.05850777258196863,0.07034434495935853,0.0,0.4336025169537687,0.7548259824303848,0.24543344121081628,0.12370768717692188,1.0,0.008705517546990798,0.03591691366910783,0.0,0.3742068065092947,0.3867599923663444,0.10608245840416508,0.12552695596727095,0.6385986441321445,0.013992351352491878,0.003007914506190844,0.009805555555555555,0.018361111111111113,5.223310528194478,21.550148201464737,0.0,224.52408390557684
v3_primary_challenge,C4,1048,0.502098692766736,0.15198231702773585,0.15164315920132676,0.9085298909365646,0.5059854638734501,0.3513028442972892,0.0,1.0,0.05357527392060393,0.059996780104202445,0.0,0.43675583105997146,0.7523285032141267,0.2443044924978069,0.12370768717692188,1.0,0.00875532243673859,0.03761198122981672,0.0,0.3833340096926986,0.3586440507205389,0.10109559287053926,0.08391589937197855,0.6051470107037468,0.014134542302028407,0.0030055910012101415,0.009805555555555555,0.018361111111111113,5.2531934620431535,22.567188737890017,0.0,230.00040581561916
v3_primary_challenge,C4,1049,0.5662620624119001,0.16289794792054588,0.20428502313057853,0.9309131166865973,0.4882410583047525,0.3545694609617734,0.0,1.0,0.0547354779818462,0.06204176034077248,0.0,0.47407469773534205,0.7683167588203706,0.23133024422792337,0.12370768717692188,1.0,0.009771714068012223,0.04066046140905481,0.0,0.37868121698776425,0.37502653806546976,0.1048097644148074,0.10965431239432225,0.6377047510437301,0.013982729054385105,0.0030335387215618386,0.009805555555555555,0.018361111111111113,5.8630284408073345,24.39627684543291,0.0,227.20873019265855
v3_primary_challenge,C4,1050,0.5244439065143713,0.1426079755623106,0.1349197736133747,0.9185313566819451,0.4932926829268292,0.35076105946166897,0.0,1.0,0.051170404388081375,0.05388213921149438,0.0,0.37762187487679816,0.7654722279839108,0.23737318971081187,0.12370768717692188,1.0,0.008212193885617947,0.034789198021268015,0.0,0.3239828010301153,0.3632366873654984,0.0979091622834576,0.11537265910441341,0.5991950100628751,0.014025948509485096,0.003000955730949835,0.009805555555555555,0.018361111111111113,4.9273163313707675,20.873518812760775,0.0,194.38968061806918
v3_primary_challenge,C4,1051,0.5832331247562321,0.18881536962362652,0.015592592592592602,0.9316461996286161,0.5346851654215581,0.35907535660065154,0.0,1.0,0.052684439037631065,0.062267778734916394,0.0,0.47847983594741283,0.7672148730003566,0.24089873613585502,0.12370768717692188,1.0,0.009624145419999515,0.0380487700371322,0.0,0.3745379602034821,0.39134055285393954,0.10886501884029942,0.032212869059848506,0.644340379935244,0.01438008419305111,0.0030720891620277975,0.009805555555555555,0.018361111111111113,5.77448725199971,22.8292620222793,0.0,224.72277612208927
v3_primary_challenge,C4,1052,0.5566936763047137,0.17248954167669636,0.15708705522090036,0.9244710100617722,0.49162407722884716,0.3536047767596339,0.0,1.0,0.06503162773846988,0.10229799371587513,0.0,0.8716455296962966,0.7591414484452146,0.2429870775597112,0.12370768717692188,1.0,0.010323787320751001,0.04105409140461411,0.0,0.3548469731502602,0.37351825373976766,0.10238675038114764,0.1141659775869543,0.6293480293831873,0.014011672660735695,0.0030252853122768666,0.009805555555555555,0.018361111111111113,6.194272392450602,24.632454842768503,0.0,212.90818389015612
v3_primary_challenge,C4,1053,0.5428797158085508,0.17994940131156115,0.17648955186782755,0.9216173991106752,0.4786792452830188,0.3494834549725397,0.0,1.0,0.05337817548301887,0.06374448859551834,0.0,0.40685715302333847,0.7650257440040776,0.23750873179844498,0.12370768717692188,1.0,0.008939975464356962,0.035670997397316745,0.0,0.3617210088585095,0.36525503169330914,0.10350127399130375,0.10984974746552255,0.6163077111300422,0.013900922431865827,0.0029900251147650667,0.009805555555555555,0.018361111111111113,5.363985278614177,21.40259843839008,0.0,217.03260531510568
v3_primary_challenge,C4,1054,0.5581523269548998,0.11927554898253616,0.19239839945079154,0.8242816824848301,0.48776097912167016,0.35670130419465146,0.0,1.0,0.059345947367852155,0.07036648555990625,0.0,0.5649704712904915,0.761363830763474,0.24078646630170877,0.12370768717692188,1.0,0.011011812151161954,0.04086389043057863,0.0,0.38083644222931373,0.37222185561818033,0.09836998852451818,0.08215245296139988,0.6027859736488724,0.01397862171026318,0.003051777824776464,0.009805555555555555,0.018361111111111113,6.607087290697171,24.518334258347164,0.0,228.50186533758824
v3_primary_challenge,C4,1055,0.6695397203738455,0.16798952309955958,0.21428055817961486,0.9326284602761054,0.5049941245593419,0.3549354354903432,0.0,1.0,0.05452594685233435,0.06569954794777454,0.0,0.4986393429601675,0.7594194260598116,0.24321170642120574,0.12370768717692188,1.0,0.008313178290998641,0.03756251033290388,0.0,0.3962513857504382,0.40956864622762074,0.10627600841874117,0.1147477547860453,0.6379848646868593,0.014126060843452148,0.0030366698369729385,0.009805555555555555,0.018361111111111113,4.987906974599185,22.53750619974237,0.0,237.75083145026292
v3_primary_challenge,C4,1056,0.5498378259334364,0.11358314387392665,0.15328557348880625,0.7913226659928142,0.5024578651685393,0.35872280315876726,0.0,1.0,0.05815540904842531,0.0623800564782687,0.0,0.40008601035710145,0.7553250671449959,0.23468702336184255,0.12370768717692188,1.0,0.01144056236918142,0.04400985475172929,0.0,0.380947183226696,0.37253351967009285,0.0971193206134787,0.11409247381066004,0.5889580131321668,0.014104361735330837,0.0030690728714694543,0.009805555555555555,0.018361111111111113,6.864337421508853,26.405912851037577,0.0,228.5683099360176
