scenario,strategy,replication,requested_tasks,completed_tasks,throughput,completion_rate,mean_delay,max_delay,mean_tardiness,urgent_deadline_violation_rate,normal_deadline_violation_rate,urgent_on_time_rate,idle_ratio,charging_wait,low_soc_stops,detour_distance_m,traction_energy,aux_energy,wpt_input_energy,battery_delivered_energy,wpt_loss,mean_efficiency,fleet_min_soc,opportunity_charging_energy,mandatory_charging_energy,pad_utilization,mean_queue,max_queue,pad_waiting_time,charging_contention_events,different_decision_rate_C4_vs_C3,deferred_charging_requests,charging_sessions,case,seed
eta_corrected,C4,1007,2167,2008,83.66666666666667,92.66266728195663,12.595392876874739,384.64587045694617,11.751304612330218,21.684210526315795,8.21513002364066,78.3157894736842,0.27447939396489535,147.5698750479822,0,12310.0,28.4999999999997,4.6879166666666805,44.48741817263766,37.083678249147496,7.403739923490178,83.35767678232249,19.785713068498524,19.53450371230022,17.549174536847275,61.78808079533012,2.0,4,737.8493752399111,578,34.94809688581315,262,1231,"C4-Fixed scheduler
assumes η=90%",1007
eta_corrected,C4,1007,2167,2061,85.875,95.10844485463775,6.754705389535187,351.8382207446101,5.990927432519779,19.57894736842105,6.14657210401891,80.42105263157895,0.27299182285439294,124.0309245325362,0,12310.0,28.4999999999997,4.6879166666666805,45.022943772418515,37.81459491581418,7.2083488566043314,83.98961006849972,19.646067254076108,20.272818256494418,17.54177665931977,62.53186635058129,2.0,4,620.154622662681,578,51.903114186851205,262,1231,"C4-Variable scheduler
uses predicted η",1007
eta_corrected,C4,1008,2146,2136,89.0,99.53401677539608,0.4281887237263722,3.571786913525769,0.011974988757186097,9.56719817767654,0.0,90.43280182232346,0.32161712434812784,4.7369515717340015e-17,0,14630.0,28.539999999999694,4.664444444444459,29.61783523467397,23.80575891625943,5.812076318414565,80.37643105121245,28.88363648967053,23.80575891625943,0.0,41.13588227038054,2.0,4,2.3684757858670006e-16,699,39.91416309012876,317,1463,"C4-Fixed scheduler
assumes η=90%",1008
eta_corrected,C4,1008,2146,2136,89.0,99.53401677539608,0.4281887237263722,3.571786913525769,0.011974988757186097,9.56719817767654,0.0,90.43280182232346,0.3216171243481278,2.3684757858670008e-17,0,14630.0,28.539999999999694,4.6644444444444595,29.617835234673976,24.490827906287446,5.127007328386542,82.68945961862778,28.949542544818573,24.490827906287446,0.0,41.13588227038054,2.0,4,1.1842378929335003e-16,699,45.20743919885551,317,1463,"C4-Variable scheduler
uses predicted η",1008
eta_corrected,C4,1009,2120,2120,88.33333333333333,100.0,0.4122889213091797,4.0288304580807255,0.011007360279188347,9.336609336609335,0.0,90.66339066339066,0.3276505622905711,0.0,0,14580.0,28.413999999999703,4.6231944444444615,30.045797575394374,24.412231422579815,5.6335661528145975,81.250069535754,21.379352411174988,24.412231422579815,0.0,41.73027441027001,2.0,4,0.0,696,43.67816091954023,320,1458,"C4-Fixed scheduler
assumes η=90%",1009
eta_corrected,C4,1009,2120,2120,88.33333333333333,100.0,0.4122889213091797,4.0288304580807255,0.011007360279188347,9.336609336609335,0.0,90.66339066339066,0.3276505622905711,0.0,0,14580.0,28.413999999999703,4.623194444444461,30.045797575394378,25.28633923374692,4.759458341647493,84.15932101750843,24.49460697568638,25.28633923374692,0.0,41.73027441027001,2.0,4,0.0,696,51.86781609195402,320,1458,"C4-Variable scheduler
uses predicted η",1009
eta_corrected,C4,1010,2162,2153,89.70833333333333,99.58371877890842,0.4032687898204915,4.418069406834669,0.011896557311936399,7.744874715261963,0.0,92.25512528473804,0.31724210487335097,0.0,0,15150.0,29.037999999999666,4.719027777777795,29.59284224559363,23.751887331770785,5.840954913822878,80.26227131091957,26.408979912346876,23.751887331770785,0.0,41.10116978554675,2.0,4,0.0,687,41.3391557496361,332,1515,"C4-Fixed scheduler
assumes η=90%",1010
eta_corrected,C4,1010,2162,2153,89.70833333333333,99.58371877890842,0.4032687898204915,4.418069406834669,0.011896557311936399,7.744874715261963,0.0,92.25512528473804,0.3172421048733509,0.0,0,15150.0,29.037999999999666,4.719027777777796,29.59284224559363,24.638224503288097,4.954617742305571,83.25737791190613,27.358132401381702,24.638224503288097,0.0,41.10116978554675,2.0,4,0.0,687,44.25036390101892,332,1515,"C4-Variable scheduler
uses predicted η",1010
eta_corrected,C4,1011,2201,1904,79.33333333333333,86.50613357564744,35.533465216642206,493.71182185635627,34.29357721188262,29.13752913752914,18.397291196388267,70.86247086247086,0.25217125696805,179.27279186397337,0,11350.0,28.767999999999752,4.749027777777788,49.11834749150199,36.075906267588664,13.042441223913341,73.44690550477128,19.638807317077582,18.516302073431515,17.55960419415715,68.21992707153056,2.0,4,896.3639593198667,560,43.75,251,1135,"C4-Fixed scheduler
assumes η=90%",1011
eta_corrected,C4,1011,2201,1924,80.16666666666667,87.41481144934122,32.88918836920113,457.71177323082884,31.732904992479085,27.505827505827508,16.083521444695258,72.49417249417249,0.25506626217588824,196.0209962649465,0,11610.0,28.819999999999744,4.752638888888899,48.07614561668023,36.93854515647755,11.137600460202687,76.83341641194622,19.601414017263163,19.384790558483168,17.55375459799438,66.77242446761147,2.0,4,980.1049813247324,569,52.54833040421792,259,1161,"C4-Variable scheduler
uses predicted η",1011
eta_corrected,C4,1012,2155,2150,89.58333333333333,99.76798143851508,0.43896390259897616,4.471381576697847,0.01476969067506769,9.112149532710278,0.0,90.88785046728972,0.3217196635858913,2.3684757858670008e-17,0,14590.0,28.73999999999969,4.689583333333349,28.680921109079073,23.090867565239016,5.590053543840081,80.50950482873264,23.207964170223963,23.090867565239016,0.0,39.83461265149875,2.0,4,1.1842378929335003e-16,709,44.99294781382229,328,1459,"C4-Fixed scheduler
assumes η=90%",1012
eta_corrected,C4,1012,2155,2150,89.58333333333333,99.76798143851508,0.43896390259897616,4.471381576697847,0.01476969067506769,9.112149532710278,0.0,90.88785046728972,0.3217196635858914,2.3684757858670008e-17,0,14590.0,28.73999999999969,4.689583333333348,28.680921109079076,23.709061163894628,4.971859945184475,82.66492234933632,23.380146425604,23.709061163894628,0.0,39.83461265149875,2.0,4,1.1842378929335003e-16,709,46.82651622002821,328,1459,"C4-Variable scheduler
uses predicted η",1012
eta_corrected,C4,1013,2173,2164,90.16666666666667,99.58582604693972,0.49324020705760324,5.417435976621399,0.02079807198261153,12.195121951219512,0.05807200929152101,87.8048780487805,0.3154996811825107,1.1842378929335004e-17,0,14470.0,28.787999999999702,4.715416666666682,29.120114774296127,23.277307689905022,5.842807084391131,79.9354943149178,23.1764927931171,23.277307689905022,0.0,40.4446038531891,2.0,4,5.921189464667501e-17,693,44.44444444444444,318,1447,"C4-Fixed scheduler
assumes η=90%",1013
eta_corrected,C4,1013,2173,2164,90.16666666666667,99.58582604693972,0.49324020705760324,5.417435976621399,0.02079807198261153,12.195121951219512,0.05807200929152101,87.8048780487805,0.3154996811825107,1.1842378929335004e-17,0,14470.0,28.7879999999997,4.715416666666682,29.12011477429613,24.12577426951632,4.994340504779833,82.84917300810835,23.242500721772664,24.12577426951632,0.0,40.4446038531891,2.0,4,5.921189464667501e-17,693,49.63924963924964,318,1447,"C4-Variable scheduler
uses predicted η",1013
eta_corrected,C4,1014,2235,2068,86.16666666666667,92.52796420581656,12.854875833194283,390.82350445013606,11.913776111713432,19.730941704035875,9.502515371716047,80.26905829596413,0.2577949940416895,135.98604987202216,0,11930.0,29.01799999999972,4.808888888888902,43.693802144991764,35.80755733799299,7.886244806998776,81.95111338484718,19.75482549571657,18.281815502184568,17.525741835808425,60.685836312488576,2.0,4,679.9302493601109,543,41.62062615101289,261,1193,"C4-Fixed scheduler
assumes η=90%",1014
eta_corrected,C4,1014,2235,2133,88.875,95.43624161073826,5.494379661041886,321.5768752171978,4.606198404722859,19.506726457399104,6.707657909446619,80.49327354260089,0.2604127149925016,101.64026622255687,0,11890.0,29.009999999999717,4.808333333333346,42.7514226026994,36.760418449104115,5.991004153595292,85.98642152970835,19.665261362202017,19.21443174083191,17.545986708272206,59.376975837082526,2.0,4,508.2013311127843,543,46.59300184162063,261,1189,"C4-Variable scheduler
uses predicted η",1014
eta_corrected,C4,1015,2188,1933,80.54166666666667,88.345521023766,44.68275017029069,437.029365535464,42.90733269894403,41.801385681293304,28.034188034188034,58.198614318706696,0.2789137033790414,159.833421726131,0,9020.0,28.031999999999787,4.681666666666669,40.79106678354507,31.72403232365989,9.067034459885193,77.77200947452843,19.74150615779019,14.176830662606141,17.547201661053748,56.65425942159038,2.0,4,799.167108630655,427,39.34426229508197,181,902,"C4-Fixed scheduler
assumes η=90%",1015
eta_corrected,C4,1015,2188,1980,82.5,90.49360146252286,31.34676686515255,361.16215702516456,29.687708183474726,40.184757505773675,25.014245014245017,59.815242494226325,0.285326326960564,136.71341752854272,0,9320.0,28.091999999999782,4.685833333333338,38.482522294196954,32.803448990326565,5.679073303870403,85.24246082298306,19.80948168834517,15.265257866671817,17.53819112365474,53.44794763082913,2.0,4,683.5670876427137,441,52.15419501133787,193,932,"C4-Variable scheduler
uses predicted η",1015
eta_corrected,C4,1016,2129,2127,88.625,99.90605918271488,0.4209402115406583,3.7609962898756444,0.010169763797742077,8.924485125858128,0.0,91.07551487414187,0.32590476981777966,0.0,0,14850.0,28.62399999999969,4.649027777777794,29.774282865599314,24.027478718974255,5.746804146625083,80.69876553344358,23.027005944697798,24.027478718974255,0.0,41.35317064666575,2.0,4,0.0,695,45.75539568345324,311,1485,"C4-Fixed scheduler
assumes η=90%",1016
eta_corrected,C4,1016,2129,2127,88.625,99.90605918271488,0.4209402115406583,3.7609962898756444,0.010169763797742077,8.924485125858128,0.0,91.07551487414187,0.3259047698177796,0.0,0,14850.0,28.62399999999969,4.649027777777794,29.774282865599318,24.837874113617445,4.936408751981892,83.42056205261181,22.975333425471163,24.837874113617445,0.0,41.35317064666575,2.0,4,0.0,695,52.94964028776978,311,1485,"C4-Variable scheduler
uses predicted η",1016
eta_corrected,C4,1017,2134,2131,88.79166666666667,99.85941893158387,0.36891630117860824,4.3543638225032435,0.006777986511525325,6.38766519823789,0.0,93.6123348017621,0.3235697113210859,0.0,0,15160.0,28.595999999999684,4.65333333333335,30.114903924409024,24.137473755268765,5.977430169140282,80.1512560553269,31.603328309412827,24.137473755268765,0.0,41.82625545056813,2.0,4,0.0,711,39.66244725738397,355,1516,"C4-Fixed scheduler
assumes η=90%",1017
eta_corrected,C4,1017,2134,2131,88.79166666666667,99.85941893158387,0.36891630117860824,4.3543638225032435,0.006777986511525325,6.38766519823789,0.0,93.6123348017621,0.32356971132108603,0.0,0,15160.0,28.595999999999684,4.65333333333335,30.11490392440902,24.892277440520882,5.222626483888169,82.65766845214789,31.92594934621919,24.892277440520882,0.0,41.82625545056813,2.0,4,0.0,711,44.86638537271448,355,1516,"C4-Variable scheduler
uses predicted η",1017
eta_corrected,C4,1018,2228,2203,91.79166666666667,98.87791741472172,1.6386533864756705,408.75615478647234,1.0454561036669183,16.228070175438592,1.4108352144469483,83.77192982456141,0.24798304477635588,148.72078755097633,0,13790.0,29.441999999999695,4.829583333333347,47.92610388051187,39.09957646886858,8.826527411643312,81.58304828272843,19.63671722370631,21.54019126398062,17.559385204887953,66.56403316737763,2.0,4,743.6039377548817,596,44.63087248322148,316,1379,"C4-Fixed scheduler
assumes η=90%",1018
eta_corrected,C4,1018,2228,2206,91.91666666666667,99.01256732495511,1.3205766093348754,342.6307317705672,0.7010399497941745,17.324561403508774,1.8623024830699775,82.67543859649122,0.25273547403675906,114.2285103176423,0,13240.0,29.33199999999971,4.821944444444457,46.21522934676672,39.03274313553525,7.1824862112314705,84.4586161039273,19.699657475187347,21.481015430232418,17.551727705302838,64.18781853717601,2.0,4,571.1425515882115,568,49.647887323943664,304,1324,"C4-Variable scheduler
uses predicted η",1018
eta_corrected,C4,1019,2165,2086,86.91666666666667,96.35103926096997,5.2460616753377565,406.0069685077389,4.500611068322746,19.37639198218263,4.720279720279718,80.62360801781738,0.26494431804813623,144.6910083033286,0,13460.0,28.76199999999973,4.703611111111122,48.12004550267091,39.20601546533081,8.914030037340126,81.47543306698384,19.63579760087339,21.65743657948579,17.548578885845014,66.83339653148741,2.0,4,723.4550415166431,651,41.78187403993856,295,1346,"C4-Fixed scheduler
assumes η=90%",1019
eta_corrected,C4,1019,2165,2150,89.58333333333333,99.30715935334872,0.9635818525021016,238.6542850306362,0.2925952549937365,18.04008908685969,1.689976689976691,81.9599109131403,0.2851942044891719,44.344580715077704,0,13590.0,28.787999999999734,4.705416666666679,40.83008638389809,33.27931437198862,7.550772011909503,81.50684291746386,19.705240195446986,22.754067885662216,10.525246486326402,56.70845331096962,2.0,4,221.72290357538853,658,54.40729483282675,300,1359,"C4-Variable scheduler
uses predicted η",1019
eta_corrected,C4,1020,2168,2037,84.875,93.95756457564576,9.324091010788514,396.38908747833045,8.549139576802329,17.721518987341767,7.050197405527358,82.27848101265823,0.26376619041310934,138.07595993507746,0,13410.0,28.553999999999714,4.6929166666666795,48.24417145128063,38.58629182006982,9.657879631210822,79.98125091449893,19.644319599211492,21.02292660971583,17.56336521035399,67.00579368233423,2.0,4,690.3797996753873,632,43.037974683544306,294,1341,"C4-Fixed scheduler
assumes η=90%",1020
eta_corrected,C4,1020,2168,2121,88.375,97.83210332103322,2.3204675958391263,302.69365106344753,1.6271259428190745,16.455696202531644,4.3993231810490645,83.54430379746836,0.26950346036064093,87.96822428663299,0,13670.0,28.60599999999971,4.69652777777779,46.17875427016923,39.89229182006984,6.28646245009941,86.38667813921445,19.785544728481185,22.355792759821334,17.53649906024851,64.13715870856842,2.0,4,439.84112143316503,640,50.31250000000001,300,1367,"C4-Variable scheduler
uses predicted η",1020
eta_corrected,C4,1021,2077,2075,86.45833333333333,99.90370727010111,0.3523624837113242,3.927491739775481,0.012846377652533013,7.263922518159804,0.0,92.7360774818402,0.3345428613685612,0.0,0,15420.0,27.945999999999696,4.536944444444461,31.864569907317932,25.338708690639038,6.525861216678919,79.52000847442731,30.18244037495264,25.338708690639038,0.0,44.256347093497155,2.0,4,0.0,749,47.79706275033378,330,1542,"C4-Fixed scheduler
assumes η=90%",1021
eta_corrected,C4,1021,2077,2075,86.45833333333333,99.90370727010111,0.3523624837113242,3.927491739775481,0.012846377652533013,7.263922518159804,0.0,92.7360774818402,0.3345428613685613,0.0,0,15420.0,27.9459999999997,4.536944444444462,31.86456990731793,26.386584356530292,5.477985550787677,82.80853761177056,29.877117660431686,26.386584356530292,0.0,44.256347093497155,2.0,4,0.0,749,51.4018691588785,330,1542,"C4-Variable scheduler
uses predicted η",1021
eta_corrected,C4,1022,2140,2136,89.0,99.81308411214953,0.5330634697597588,7.386009976900736,0.028772012411647733,13.064133016627078,0.3490401396160525,86.93586698337292,0.32306532247679876,0.0,0,14280.0,28.581999999999695,4.659861111111128,29.69648390835242,24.208955356518647,5.487528551833803,81.52128525124702,26.606077689533148,24.208955356518647,0.0,41.2451165393784,2.0,4,0.0,703,40.6827880512091,308,1428,"C4-Fixed scheduler
assumes η=90%",1022
eta_corrected,C4,1022,2140,2136,89.0,99.81308411214953,0.5330634697597588,7.386009976900736,0.028772012411647733,13.064133016627078,0.3490401396160525,86.93586698337292,0.32306532247679876,0.0,0,14280.0,28.581999999999695,4.659861111111128,29.69648390835242,24.89885542207214,4.797628486280306,83.84445612791586,26.18523003776263,24.89885542207214,0.0,41.2451165393784,2.0,4,0.0,703,50.355618776671406,308,1428,"C4-Variable scheduler
uses predicted η",1022
eta_corrected,C4,1023,2108,2099,87.45833333333333,99.573055028463,0.506678461200047,5.800026870446163,0.026454623160660516,14.1439205955335,0.11730205278592809,85.8560794044665,0.3295124701619257,0.0,0,14650.0,28.26999999999969,4.59819444444446,30.575510741706715,24.779902800946136,5.795607940760606,81.04493498172364,37.54818149592247,24.779902800946136,0.0,42.46598714125937,2.0,4,0.0,735,45.57823129251701,325,1465,"C4-Fixed scheduler
assumes η=90%",1023
eta_corrected,C4,1023,2108,2099,87.45833333333333,99.573055028463,0.506678461200047,5.800026870446163,0.026454623160660516,14.1439205955335,0.11730205278592809,85.8560794044665,0.32951247016192575,0.0,0,14650.0,28.269999999999687,4.59819444444446,30.575510741706715,25.452653277137603,5.122857464569142,83.24522684888058,37.994809773870784,25.452653277137603,0.0,42.46598714125937,2.0,4,0.0,735,52.38095238095239,325,1465,"C4-Variable scheduler
uses predicted η",1023
eta_corrected,C4,1024,2089,2086,86.91666666666667,99.85639061752035,0.3424254369830056,3.8618322079422795,0.005456564076469874,5.398457583547556,0.0,94.60154241645245,0.33316867534591355,0.0,0,15370.0,28.121999999999698,4.564166666666683,31.159276875471072,25.316052045304875,5.843224830166226,81.24723865217152,32.54949725031449,25.316052045304875,0.0,43.27677343815431,2.0,4,0.0,751,40.87882822902797,331,1537,"C4-Fixed scheduler
assumes η=90%",1024
eta_corrected,C4,1024,2089,2086,86.91666666666667,99.85639061752035,0.3424254369830056,3.8618322079422795,0.005456564076469874,5.398457583547556,0.0,94.60154241645245,0.33316867534591355,0.0,0,15370.0,28.12199999999969,4.564166666666684,31.159276875471075,26.08999941371311,5.069277461758001,83.73108117361812,32.43799063474865,26.08999941371311,0.0,43.27677343815431,2.0,4,0.0,751,52.06391478029294,331,1537,"C4-Variable scheduler
uses predicted η",1024
eta_corrected,C4,1025,2110,2103,87.625,99.66824644549763,0.41517274486458056,5.22252709112654,0.014130233845820038,6.904761904761902,0.0,93.0952380952381,0.3280871440752225,0.0,0,15060.0,28.465999999999703,4.614305555555571,30.888628132919855,25.035720069748585,5.8529080631713075,81.05157652847173,28.325841788176426,25.035720069748585,0.0,42.90087240683318,2.0,4,0.0,734,45.095367847411445,312,1506,"C4-Fixed scheduler
assumes η=90%",1025
eta_corrected,C4,1025,2110,2103,87.625,99.66824644549763,0.41517274486458056,5.22252709112654,0.014130233845820038,6.904761904761902,0.0,93.0952380952381,0.32808714407522255,0.0,0,15060.0,28.465999999999706,4.614305555555571,30.88862813291986,25.563547929026726,5.325080203893164,82.7603861816774,25.73061901374697,25.563547929026726,0.0,42.90087240683318,2.0,4,0.0,734,50.13623978201635,312,1506,"C4-Variable scheduler
uses predicted η",1025
eta_corrected,C4,1026,2066,2065,86.04166666666667,99.95159728944822,0.4234125910546373,4.101383649361984,0.017506769508197118,12.244897959183676,0.0,87.75510204081633,0.3388254737403228,9.473903143468003e-17,0,15180.0,27.96999999999969,4.524861111111128,31.422829453483764,25.030900614121823,6.391928839361978,79.6583281947155,26.031105837721675,25.030900614121823,0.0,43.64281868539417,2.0,4,4.736951571734001e-16,785,45.605095541401276,331,1518,"C4-Fixed scheduler
assumes η=90%",1026
eta_corrected,C4,1026,2066,2065,86.04166666666667,99.95159728944822,0.4234125910546373,4.101383649361984,0.017506769508197118,12.244897959183676,0.0,87.75510204081633,0.3388254737403228,9.473903143468003e-17,0,15180.0,27.969999999999686,4.524861111111129,31.422829453483768,26.063758254440827,5.359071199042979,82.9452939399485,25.58300259337895,26.063758254440827,0.0,43.64281868539417,2.0,4,4.736951571734001e-16,785,53.12101910828025,331,1518,"C4-Variable scheduler
uses predicted η",1026
eta_corrected,C4,1027,2159,2133,88.875,98.79573876794812,1.9888013829924414,495.3978427790622,1.452047155959185,14.92890995260664,1.6695451928612548,85.07109004739335,0.24977396667745233,190.4785226582505,0,14390.0,28.877999999999695,4.70416666666668,54.18137199611715,40.18265408866742,13.998717907449741,74.16322733862675,19.78108485284047,22.639080434767905,17.54357365389951,75.25190555016273,2.0,4,952.3926132912527,677,42.540620384047266,353,1439,"C4-Fixed scheduler
assumes η=90%",1027
eta_corrected,C4,1027,2159,2149,89.54166666666667,99.53682260305698,0.5236887053623404,89.38409893044397,0.06117383712788596,13.744075829383885,0.05757052389177009,86.25592417061611,0.30771722991790423,0.0,0,14540.0,28.907999999999696,4.706250000000014,33.32179722955445,27.70639837381676,5.615398855737696,83.14797123020374,19.78862865226305,24.195829806429913,3.5105685673868474,46.280273929936754,2.0,4,0.0,682,52.49266862170088,358,1454,"C4-Variable scheduler
uses predicted η",1027
eta_corrected,C4,1028,2109,2106,87.75,99.85775248933145,0.4672142819731,6.2452068042281095,0.02591184925888442,12.530120481927709,0.17709563164108877,87.46987951807229,0.32901941877830326,0.0,0,14930.0,28.421999999999663,4.61000000000002,30.653009239810785,24.545176795678817,6.107832444131997,80.07428113713748,31.82586223106541,24.545176795678817,0.0,42.57362394418168,2.0,4,0.0,726,40.358126721763085,327,1493,"C4-Fixed scheduler
assumes η=90%",1028
eta_corrected,C4,1028,2109,2106,87.75,99.85775248933145,0.4672142819731,6.2452068042281095,0.02591184925888442,12.530120481927709,0.17709563164108877,87.46987951807229,0.3290194187783033,0.0,0,14930.0,28.42199999999966,4.61000000000002,30.653009239810785,25.478465065915255,5.174544173895564,83.11896840726796,31.619896922315675,25.478465065915255,0.0,42.57362394418169,2.0,4,0.0,726,48.484848484848484,327,1493,"C4-Variable scheduler
uses predicted η",1028
eta_corrected,C4,1029,2179,2029,84.54166666666667,93.11610830656264,12.33438210744004,426.77532273860146,11.506032453217237,16.43835616438356,9.247558874210227,83.56164383561644,0.26057962893679365,160.325430155952,0,12730.0,28.673999999999722,4.715000000000012,48.29133358275428,37.44986426508048,10.841469317673807,77.54986554865926,19.662204297746577,19.90270578099909,17.547158484081393,67.07129664271429,2.0,4,801.62715077976,575,39.30434782608695,295,1273,"C4-Fixed scheduler
assumes η=90%",1029
eta_corrected,C4,1029,2179,2028,84.5,93.07021569527306,13.813939951546619,424.896634044131,12.962524486366393,16.666666666666664,9.534750143595637,83.33333333333334,0.2599938811897022,175.05931066447283,0,12380.0,28.60399999999973,4.710138888888901,48.5022027717072,37.31314204285826,11.189060728848956,76.93081944852233,19.664018564151753,19.76687303565343,17.546269007204828,67.36417051626003,2.0,4,875.296553322364,554,49.63898916967509,287,1238,"C4-Variable scheduler
uses predicted η",1029
eta_corrected,C4,1030,2186,2181,90.875,99.77127172918573,0.7061806402229999,232.63622264318232,0.1988047179823557,13.938053097345138,0.519031141868509,86.06194690265487,0.28208321354048804,30.95903179635842,0,13740.0,28.793999999999702,4.732083333333347,39.850043125424264,29.28256993476066,10.567473190663627,73.48190274875368,19.77545093812024,22.26144057933341,7.0211293554272505,55.34728211864485,2.0,4,154.7951589817921,680,39.852941176470594,308,1374,"C4-Fixed scheduler
assumes η=90%",1030
eta_corrected,C4,1030,2186,2183,90.95833333333333,99.86276303751144,0.5208527051954206,6.3803849459409925,0.02072008811772675,13.716814159292035,0.40369088811995635,86.28318584070797,0.31512843107024885,0.0,0,13830.0,28.811999999999703,4.733333333333348,27.953764814710382,23.375852351289748,4.577912463420661,83.6232704475944,21.928149091687647,23.375852351289748,0.0,38.82467335376446,2.0,4,0.0,687,48.617176128093156,309,1383,"C4-Variable scheduler
uses predicted η",1030
eta_corrected,C4,1031,2102,2091,87.125,99.476688867745,0.6002967406000886,6.971695827987909,0.0353795843106177,14.83375959079284,0.6428988895382792,85.16624040920716,0.3325162839895327,0.0,0,14380.0,28.073999999999696,4.5770833333333485,30.094137763768188,24.02710901217522,6.067028751592998,79.83983193265846,28.660208322010046,24.02710901217522,0.0,41.797413560789195,2.0,4,0.0,755,41.85430463576159,308,1438,"C4-Fixed scheduler
assumes η=90%",1031
eta_corrected,C4,1031,2102,2091,87.125,99.476688867745,0.6002967406000886,6.971695827987909,0.0353795843106177,14.83375959079284,0.6428988895382792,85.16624040920716,0.3325162839895327,0.0,0,14380.0,28.073999999999696,4.5770833333333485,30.094137763768188,25.263934181322988,4.83020358244523,83.94968608052123,31.24804644080988,25.263934181322988,0.0,41.797413560789195,2.0,4,0.0,755,53.64238410596026,308,1438,"C4-Variable scheduler
uses predicted η",1031
eta_corrected,C4,1032,2108,2106,87.75,99.90512333965845,0.5831913354649746,7.039707822564984,0.05379726811977217,14.058956916099774,0.959808038392318,85.94104308390023,0.3309292420403068,0.0,0,14890.0,28.761999999999713,4.632361111111129,30.065472865489532,24.077311014276404,5.988161851213168,80.08292808829691,31.405958975859527,24.077311014276404,0.0,41.75760120206885,2.0,4,0.0,756,43.25396825396825,331,1489,"C4-Fixed scheduler
assumes η=90%",1032
eta_corrected,C4,1032,2108,2106,87.75,99.90512333965845,0.5831913354649746,7.039707822564984,0.05379726811977217,14.058956916099774,0.959808038392318,85.94104308390023,0.3309292420403068,0.0,0,14890.0,28.76199999999971,4.632361111111128,30.065472865489532,25.055170770267427,5.010302095222135,83.33536240178962,30.569614707616292,25.055170770267427,0.0,41.75760120206885,2.0,4,0.0,756,50.661375661375665,331,1489,"C4-Variable scheduler
uses predicted η",1032
eta_corrected,C4,1033,2186,2181,90.875,99.77127172918573,0.5230401105854471,4.626243758502824,0.023124700932486184,12.139917695473246,0.0,87.86008230452676,0.3147888412030697,2.3684757858670008e-17,0,14130.0,29.197999999999702,4.760138888888904,28.076017166894886,22.290665699514406,5.785351467380487,79.3939737499444,23.345653504296248,22.290665699514406,0.0,38.99446828735403,2.0,4,1.1842378929335003e-16,646,43.808049535603715,315,1413,"C4-Fixed scheduler
assumes η=90%",1033
eta_corrected,C4,1033,2186,2181,90.875,99.77127172918573,0.5230401105854471,4.626243758502824,0.023124700932486184,12.139917695473246,0.0,87.86008230452676,0.31478884120306966,2.3684757858670008e-17,0,14130.0,29.197999999999702,4.760138888888904,28.076017166894886,23.41359285739346,4.662424309501444,83.39356938775845,27.219942180179657,23.41359285739346,0.0,38.99446828735403,2.0,4,1.1842378929335003e-16,646,53.56037151702786,315,1413,"C4-Variable scheduler
uses predicted η",1033
eta_corrected,C4,1034,2097,2095,87.29166666666667,99.90462565569862,0.4408793251336665,6.33554474619929,0.024174902971456365,10.023310023310028,0.2997601918465209,89.97668997668997,0.33374795737383767,0.0,0,14840.0,28.44999999999968,4.596944444444463,30.15073534541841,24.299449746167358,5.851285599251086,80.59322423743077,27.238794445648136,24.299449746167358,0.0,41.876021313081175,2.0,4,0.0,750,39.46666666666667,342,1484,"C4-Fixed scheduler
assumes η=90%",1034
eta_corrected,C4,1034,2097,2095,87.29166666666667,99.90462565569862,0.4408793251336665,6.33554474619929,0.024174902971456365,10.023310023310028,0.2997601918465209,89.97668997668997,0.33374795737383767,0.0,0,14840.0,28.449999999999683,4.596944444444462,30.15073534541841,25.310651102211146,4.840084243207306,83.94704411763959,29.57713149552263,25.310651102211146,0.0,41.876021313081175,2.0,4,0.0,750,49.6,342,1484,"C4-Variable scheduler
uses predicted η",1034
eta_corrected,C4,1035,2222,1987,82.79166666666667,89.42394239423942,28.216969766759473,378.3800170898668,26.69255940531056,36.073059360730596,20.515695067264573,63.926940639269404,0.2729210863928605,139.00757983510323,0,10330.0,28.925999999999785,4.786250000000006,39.5484088985702,33.20876231657216,6.33964658199805,83.96990736528154,19.632872832327685,15.638262090592526,17.57050022597964,54.928345692458635,2.0,4,695.0378991755163,470,41.48936170212766,253,1033,"C4-Fixed scheduler
assumes η=90%",1035
eta_corrected,C4,1035,2222,1974,82.25,88.83888388838884,29.4138567455011,449.60829894348063,27.9378988374812,35.15981735159818,19.226457399103136,64.84018264840182,0.261051412601099,162.94505996297963,0,10330.0,28.925999999999785,4.786250000000008,43.821491463604346,33.57367898323885,10.247812480365505,76.61464240924627,19.65111737582736,16.008731291948394,17.564947691290456,60.86318258833939,2.0,4,814.7252998148981,470,50.212765957446805,253,1033,"C4-Variable scheduler
uses predicted η",1035
eta_corrected,C4,1036,2208,1938,80.75,87.77173913043478,36.16874252203866,381.434002599157,34.653239360198846,38.70967741935484,22.891566265060238,61.29032258064516,0.27527133297244183,148.8165505999901,0,10290.0,28.477999999999767,4.737638888888897,40.10232012992094,33.17782736772165,6.9244927621993,82.73293729697991,19.77379049883518,15.642353822022951,17.535473545698693,55.69766684711242,2.0,4,744.0827529999507,485,40.824742268041234,246,1029,"C4-Fixed scheduler
assumes η=90%",1036
eta_corrected,C4,1036,2208,1925,80.20833333333333,87.18297101449275,35.17792929095135,480.2443950448464,33.70385468357618,36.98924731182795,21.45725760183591,63.01075268817205,0.25725201199286196,174.68618394129524,0,10300.0,28.479999999999766,4.7377777777777865,46.58927568256967,33.92174403438832,12.66753164818135,72.81019835017392,19.679786398206296,16.374672600583548,17.547071433804774,64.70732733690234,2.0,4,873.4309197064761,485,49.27835051546392,247,1030,"C4-Variable scheduler
uses predicted η",1036
eta_corrected,C4,1037,2115,2112,88.0,99.8581560283688,0.3998504082185883,5.558017431469974,0.011640114323159926,9.999999999999998,0.05899705014749124,90.0,0.3276314430780319,0.0,0,15030.0,28.365999999999687,4.613611111111128,30.552680491908504,24.82516967825243,5.727510813656104,81.25365525563973,29.297574994269038,24.82516967825243,0.0,42.43427846098407,2.0,4,0.0,736,43.07065217391305,296,1503,"C4-Fixed scheduler
assumes η=90%",1037
eta_corrected,C4,1037,2115,2112,88.0,99.8581560283688,0.3998504082185883,5.558017431469974,0.011640114323159926,9.999999999999998,0.05899705014749124,90.0,0.3276314430780319,0.0,0,15030.0,28.365999999999687,4.613611111111129,30.552680491908497,25.456704063606068,5.095976428302467,83.32068955569369,28.704192118711134,25.456704063606068,0.0,42.43427846098407,2.0,4,0.0,736,52.309782608695656,296,1503,"C4-Variable scheduler
uses predicted η",1037
eta_corrected,C4,1038,2192,1965,81.875,89.6441605839416,22.405305931694375,411.03745613863913,21.26538451155167,24.17061611374408,15.70621468926554,75.82938388625593,0.26387097169464224,143.96792405870914,0,11940.0,28.77799999999975,4.738472222222234,45.80645018992876,36.549644857509456,9.25680533241932,79.79148068877305,19.742710176036127,19.010410342677424,17.539234514832035,63.62006970823442,2.0,4,719.8396202935456,550,45.63636363636363,276,1194,"C4-Fixed scheduler
assumes η=90%",1038
eta_corrected,C4,1038,2192,1972,82.16666666666667,89.96350364963503,24.8358552660833,491.3229570215238,23.797912495665074,23.696682464454977,13.276836158192095,76.30331753554502,0.25149541812109333,204.34933556770994,0,11960.0,28.781999999999748,4.738750000000014,50.26164947640639,37.23383930195391,13.0278101744525,74.08001864211013,19.640043246561373,19.676759863342397,17.557079438611506,69.8078464950089,2.0,4,1021.7466778385497,550,49.27272727272727,276,1196,"C4-Variable scheduler
uses predicted η",1038
eta_corrected,C4,1039,2106,2103,87.625,99.85754985754986,0.5394842832250851,4.42974716797183,0.027558257163463933,16.29072681704261,0.0,83.70927318295739,0.3304453595206329,0.0,0,14550.0,28.4579999999997,4.608750000000017,30.439670572572105,24.41028093425833,6.029389638313799,80.19232953280842,31.710637062790042,24.41028093425833,0.0,42.27732023968352,2.0,4,0.0,753,42.89508632138114,288,1455,"C4-Fixed scheduler
assumes η=90%",1039
eta_corrected,C4,1039,2106,2103,87.625,99.85754985754986,0.5394842832250851,4.42974716797183,0.027558257163463933,16.29072681704261,0.0,83.70927318295739,0.33044535952063303,0.0,0,14550.0,28.457999999999696,4.608750000000017,30.4396705725721,25.181414375119914,5.258256197452228,82.72564683341159,28.80871224577146,25.181414375119914,0.0,42.27732023968352,2.0,4,0.0,753,52.589641434262944,288,1455,"C4-Variable scheduler
uses predicted η",1039
eta_corrected,C4,1040,2148,2147,89.45833333333333,99.95344506517691,0.5885127010752406,6.5895386712940915,0.0496100906973955,14.000000000000002,0.6478209658421719,86.0,0.32418298840827253,0.0,0,13670.0,28.795999999999733,4.684722222222236,28.494124173021852,22.80756040282042,5.686563770201444,80.04303015010564,22.66475572444727,22.80756040282042,0.0,39.57517246253038,2.0,4,0.0,653,41.96018376722817,295,1367,"C4-Fixed scheduler
assumes η=90%",1040
eta_corrected,C4,1040,2148,2147,89.45833333333333,99.95344506517691,0.5885127010752406,6.5895386712940915,0.0496100906973955,14.000000000000002,0.6478209658421719,86.0,0.32418298840827253,0.0,0,13670.0,28.795999999999736,4.684722222222235,28.494124173021852,23.69549237280301,4.798631800218853,83.15922338556322,24.969006337497106,23.69549237280301,0.0,39.57517246253038,2.0,4,0.0,653,51.60796324655437,295,1367,"C4-Variable scheduler
uses predicted η",1040
eta_corrected,C4,1041,2146,2140,89.16666666666667,99.72041006523766,0.3963611242651829,3.5783758812446953,0.009400814558835041,7.126436781609192,0.0,92.87356321839081,0.32243935568799625,0.0,0,14560.0,28.67599999999969,4.673888888888905,29.321831952321343,23.320531085408295,6.00130086691306,79.53299481194954,27.392708714260085,23.320531085408295,0.0,40.72476660044633,2.0,4,0.0,691,43.27062228654125,302,1456,"C4-Fixed scheduler
assumes η=90%",1041
eta_corrected,C4,1041,2146,2140,89.16666666666667,99.72041006523766,0.3963611242651829,3.5783758812446953,0.009400814558835041,7.126436781609192,0.0,92.87356321839081,0.3224393556879962,0.0,0,14560.0,28.67599999999969,4.673888888888905,29.321831952321347,24.27520759357338,5.046624358747976,82.78885041373265,28.247216577181018,24.27520759357338,0.0,40.72476660044633,2.0,4,0.0,691,50.36179450072359,302,1456,"C4-Variable scheduler
uses predicted η",1041
eta_corrected,C4,1042,2196,2058,85.75,93.71584699453553,10.840663084824525,464.1424720304271,10.028295857926958,18.886198547215493,7.459338194054965,81.1138014527845,0.2510875066458244,169.43378298009378,0,13320.0,28.86999999999971,4.749861111111123,50.00849760750319,38.32340881897542,11.685088788527775,76.63379355996778,19.72803139188403,20.786087364432767,17.537321454542653,69.45624667708779,2.0,4,847.1689149004688,581,38.38209982788296,305,1332,"C4-Fixed scheduler
assumes η=90%",1042
eta_corrected,C4,1042,2196,2120,88.33333333333333,96.53916211293262,4.624349341230672,347.1543314248081,3.820248982020763,19.128329297820823,6.954570947840722,80.87167070217917,0.2623376617615782,122.22095174240472,0,13320.0,28.869999999999706,4.749861111111122,45.95844176583182,39.11760326341989,6.840838502411962,85.11516439728857,19.672742580359944,21.569013003273824,17.548590260146057,63.831169119210905,2.0,4,611.1047587120236,581,46.47160068846816,305,1332,"C4-Variable scheduler
uses predicted η",1042
eta_corrected,C4,1043,2134,2130,88.75,99.81255857544518,0.4087340101200393,3.509136097165174,0.008301503644473424,8.056872037914697,0.0,91.9431279620853,0.3245406715577813,0.0,0,14780.0,28.5719999999997,4.6516666666666815,29.76535823919868,24.021288063168782,5.744070176029922,80.70216346845307,22.038852995281506,24.021288063168782,0.0,41.34077533222043,2.0,4,0.0,729,45.67901234567901,345,1478,"C4-Fixed scheduler
assumes η=90%",1043
eta_corrected,C4,1043,2134,2130,88.75,99.81255857544518,0.4087340101200393,3.509136097165174,0.008301503644473424,8.056872037914697,0.0,91.9431279620853,0.3245406715577813,0.0,0,14780.0,28.571999999999697,4.651666666666682,29.765358239198676,24.933851996268473,4.8315062429302404,83.7680225310795,22.098556054498637,24.933851996268473,0.0,41.34077533222043,2.0,4,0.0,729,50.75445816186557,345,1478,"C4-Variable scheduler
uses predicted η",1043
eta_corrected,C4,1044,2171,2153,89.70833333333333,99.17088899124828,1.147755158290596,464.9885989535345,0.6614416453847435,15.061728395061724,0.7361268403170973,84.93827160493828,0.2514551166952024,142.8717906811248,0,14250.0,28.861999999999696,4.71805555555557,52.37615798972712,39.567056154112954,12.809101835614186,75.54402169375139,19.72856538847522,22.021695957211975,17.54536019690098,72.74466387462101,2.0,4,714.358953405624,636,38.83647798742139,338,1425,"C4-Fixed scheduler
assumes η=90%",1044
eta_corrected,C4,1044,2171,2166,90.25,99.76969138645785,0.4535932302591911,5.193132172643891,0.016507086150909484,12.592592592592588,0.0,87.4074074074074,0.3179520838937492,0.0,0,14710.0,28.95399999999968,4.72444444444446,28.43724979825028,23.761891994516734,4.675357803733566,83.55903669692694,22.39152936325842,23.761891994516734,0.0,39.49618027534765,2.0,4,0.0,665,44.661654135338345,350,1471,"C4-Variable scheduler
uses predicted η",1044
eta_corrected,C4,1045,2116,2112,88.0,99.8109640831758,0.36515997870464406,3.8606667661796865,0.010863663232412389,8.584686774941996,0.0,91.415313225058,0.3268092757001256,0.0,0,15120.0,28.475999999999683,4.622500000000017,30.748660747954766,24.532081670677922,6.216579077276876,79.78260214897217,32.28420188198407,24.532081670677922,0.0,42.70647326104833,2.0,4,0.0,726,43.66391184573003,349,1512,"C4-Fixed scheduler
assumes η=90%",1045
eta_corrected,C4,1045,2116,2112,88.0,99.8109640831758,0.36515997870464406,3.8606667661796865,0.010863663232412389,8.584686774941996,0.0,91.415313225058,0.3268092757001256,0.0,0,15120.0,28.475999999999683,4.622500000000018,30.748660747954766,25.58036675036943,5.168293997585369,83.19180779953447,33.07200516247942,25.58036675036943,0.0,42.70647326104833,2.0,4,0.0,726,51.652892561983464,349,1512,"C4-Variable scheduler
uses predicted η",1045
eta_corrected,C4,1046,2191,1965,81.875,89.6850753080785,27.841485336312502,360.8762254662482,26.407232757446803,35.507246376811594,19.921215531795156,64.4927536231884,0.2806285838168324,131.8252081910678,0,10220.0,28.57799999999978,4.723333333333342,39.87370982594031,33.595289244743796,6.278420581196517,84.25423516245782,19.69174732104363,16.04020662347882,17.55508262126498,55.38015253602823,2.0,4,659.126040955339,487,42.71047227926078,233,1022,"C4-Fixed scheduler
assumes η=90%",1046
eta_corrected,C4,1046,2191,1994,83.08333333333333,91.00867183934277,20.361141136512714,429.9791759450437,19.048964119060606,32.850241545893724,17.16375914462578,67.14975845410628,0.2649763413838587,147.33517117227765,0,10740.0,28.681999999999764,4.730555555555566,45.50851710181084,35.26601146696605,10.242505634844802,77.49321162908815,19.76277839737614,17.727886632963642,17.538124834002403,63.20627375251509,2.0,4,736.6758558613884,514,48.054474708171206,246,1074,"C4-Variable scheduler
uses predicted η",1046
eta_corrected,C4,1047,2159,2155,89.79166666666667,99.81472904122278,0.540056839338854,5.06705520732697,0.0302413997346962,13.62586605080831,0.0,86.37413394919169,0.32093872197211376,0.0,0,14250.0,28.621999999999698,4.686388888888903,28.562060090039022,23.087811334011356,5.474248756027691,80.83384483202315,20.597244490175658,23.087811334011356,0.0,39.669527902832016,2.0,4,0.0,709,44.851904090267986,349,1425,"C4-Fixed scheduler
assumes η=90%",1047
eta_corrected,C4,1047,2159,2155,89.79166666666667,99.81472904122278,0.540056839338854,5.06705520732697,0.0302413997346962,13.62586605080831,0.0,86.37413394919169,0.32093872197211376,0.0,0,14250.0,28.6219999999997,4.686388888888904,28.56206009003902,23.82699819397306,4.735061896065981,83.42184743978848,23.433497407647994,23.82699819397306,0.0,39.669527902832016,2.0,4,0.0,709,52.04513399153738,349,1425,"C4-Variable scheduler
uses predicted η",1047
eta_corrected,C4,1048,2178,2173,90.54166666666667,99.7704315886134,0.5330830240280525,7.127702873063572,0.03709402968928366,12.254901960784315,0.5649717514124242,87.74509803921569,0.31535744656509385,0.0,0,14170.0,29.007999999999708,4.736944444444458,28.671319236566195,23.113600160402335,5.557719076163869,80.61575391663254,21.466086210486704,23.113600160402335,0.0,39.821276717453074,2.0,4,0.0,673,42.94205052005943,341,1417,"C4-Fixed scheduler
assumes η=90%",1048
eta_corrected,C4,1048,2178,2172,90.5,99.72451790633609,0.5788896906889284,77.33942861958907,0.07041777869216426,12.745098039215685,0.6214689265536699,87.25490196078431,0.30773554013214127,0.0,0,13680.0,28.909999999999716,4.730138888888901,31.41520555242912,26.23094818300606,5.184257369423085,83.4976175445645,19.693258914174784,22.715611128714798,3.515337054291261,43.63222993392937,2.0,4,0.0,646,47.05882352941176,328,1368,"C4-Variable scheduler
uses predicted η",1048
eta_corrected,C4,1049,2195,2070,86.25,94.30523917995444,13.204205365152625,529.1266670206797,12.246804495776454,24.082568807339456,8.4138715179079,75.91743119266054,0.24342061965025535,237.08422058460607,0,12320.0,28.649999999999718,4.733333333333347,52.868576925908044,37.51057084616181,15.358006079746241,70.95059679539038,19.66716318605696,19.945297594325456,17.565273251836356,73.4285790637612,2.0,4,1185.4211029230305,585,44.27350427350427,279,1232,"C4-Fixed scheduler
assumes η=90%",1049
eta_corrected,C4,1049,2195,2181,90.875,99.3621867881549,1.0427630177515401,234.01428612260642,0.3359487062174759,19.72477064220184,2.6719727117680447,80.27522935779817,0.27913882311318927,42.64783504874314,0,13220.0,28.8299999999997,4.745833333333348,40.01002367925184,32.42074076554788,7.589282913703968,81.03154605819552,19.65341065620866,21.88450793565099,10.536232829896893,55.56947733229425,2.0,4,213.23917524371572,631,49.128367670364504,299,1322,"C4-Variable scheduler
uses predicted η",1049
eta_corrected,C4,1050,2158,2083,86.79166666666667,96.52455977757182,4.096068998010013,376.09533176946496,3.4637005920708943,15.172413793103445,4.0046430644225195,84.82758620689656,0.2675708096253151,132.74817980904618,0,13350.0,28.503999999999714,4.676944444444455,47.87450853488653,38.689248471099695,9.185260063786854,80.81388123891973,19.726067108804784,21.14206258265606,17.54718588844364,66.49237296512021,2.0,4,663.7408990452309,622,37.942122186495176,321,1335,"C4-Fixed scheduler
assumes η=90%",1050
eta_corrected,C4,1050,2158,2148,89.5,99.5366079703429,0.4623708602232739,5.054656402997837,0.01770314886402347,10.344827586206895,0.0,89.65517241379311,0.3202142621356392,2.3684757858670008e-17,0,14320.0,28.697999999999695,4.69041666666668,28.922865631169863,24.034093939943233,4.888771691226659,83.09720843857859,19.960866183952174,24.034093939943233,0.0,40.17064670995819,2.0,4,1.1842378929335003e-16,686,47.08454810495627,344,1432,"C4-Variable scheduler
uses predicted η",1050
eta_corrected,C4,1051,2195,1974,82.25,89.93166287015946,21.093060912176632,405.44808509619884,19.892586601491676,25.336322869955154,14.808461978273302,74.66367713004485,0.26479648439283526,148.22531378173534,0,11840.0,29.097999999999736,4.764444444444457,45.173265618579286,36.790072789203364,8.38319282937593,81.442136815701,19.665541296947094,19.231192330688675,17.558880458514693,62.740646692471245,2.0,4,741.1265689086769,549,39.162112932604735,271,1184,"C4-Fixed scheduler
assumes η=90%",1051
eta_corrected,C4,1051,2195,1960,81.66666666666667,89.29384965831434,24.757977573314705,446.26190863296216,23.538616801853248,25.336322869955154,14.236706689536883,74.66367713004485,0.2548475518610583,185.1635213355345,0,11840.0,29.097999999999736,4.764444444444457,48.754881330018996,37.24073945587005,11.514141874148972,76.38361214293522,19.691705562142936,19.68580155273275,17.554937903137294,67.71511295835975,2.0,4,925.8176066776725,549,53.36976320582878,271,1184,"C4-Variable scheduler
uses predicted η",1051
eta_corrected,C4,1052,2218,2047,85.29166666666667,92.29035166816952,13.523219755574116,494.9404217926751,12.483584418344122,20.049504950495045,9.481808158765158,79.95049504950495,0.2457750816843983,153.57472835989157,0,12060.0,29.095999999999716,4.793055555555567,49.72097059361659,36.61253206522657,13.108438528390035,73.63599629715807,19.781718428754875,19.071873163959694,17.54065890126687,69.05690360224528,2.0,4,767.8736417994577,535,45.23364485981308,282,1206,"C4-Fixed scheduler
assumes η=90%",1052
eta_corrected,C4,1052,2218,2096,87.33333333333333,94.4995491433724,7.678309247355988,359.07838369059465,6.694550948227188,19.3069306930693,7.93825799338479,80.6930693069307,0.2613078437096742,121.2129619496598,0,12180.0,29.119999999999717,4.794722222222234,44.12917626451726,37.420087620782134,6.709088643735151,84.7967054641587,19.655276357736533,19.876109816545828,17.543977804236302,61.290522589607335,2.0,4,606.064809748299,535,48.598130841121495,284,1218,"C4-Variable scheduler
uses predicted η",1052
eta_corrected,C4,1053,2165,2163,90.125,99.90762124711317,0.46227221436527005,6.112415380774352,0.01752591439476319,8.39328537170264,0.22883295194507935,91.60671462829735,0.3193720278966946,0.0,0,14430.0,28.633999999999702,4.694722222222238,28.526069957189925,22.794037678920457,5.732032278269482,79.90598674520629,23.504646809392877,22.794037678920457,0.0,39.619541607208255,2.0,4,0.0,717,43.51464435146444,319,1443,"C4-Fixed scheduler
assumes η=90%",1053
eta_corrected,C4,1053,2165,2163,90.125,99.90762124711317,0.46227221436527005,6.112415380774352,0.01752591439476319,8.39328537170264,0.22883295194507935,91.60671462829735,0.31937202789669455,0.0,0,14430.0,28.633999999999702,4.694722222222236,28.526069957189918,23.825123182110204,4.70094677507974,83.5205242708351,23.765659948206615,23.825123182110204,0.0,39.619541607208255,2.0,4,0.0,717,47.559274755927476,319,1443,"C4-Variable scheduler
uses predicted η",1053
eta_corrected,C4,1054,2101,2099,87.45833333333333,99.90480723465016,0.4492128072557091,5.297109438110662,0.0179789119316144,11.111111111111116,0.0,88.88888888888889,0.33082858430662676,0.0,0,14710.0,27.98399999999968,4.569583333333348,30.801709649614324,24.69534206869166,6.106367580922691,80.17523166608018,29.97250947894826,24.69534206869166,0.0,42.78015229113106,2.0,4,0.0,746,45.0402144772118,300,1471,"C4-Fixed scheduler
assumes η=90%",1054
eta_corrected,C4,1054,2101,2099,87.45833333333333,99.90480723465016,0.4492128072557091,5.297109438110662,0.0179789119316144,11.111111111111116,0.0,88.88888888888889,0.33082858430662676,0.0,0,14710.0,27.983999999999675,4.569583333333348,30.80170964961433,25.6306030647303,5.171106584884056,83.2116247971035,30.68886263074494,25.6306030647303,0.0,42.78015229113105,2.0,4,0.0,746,50.134048257372655,300,1471,"C4-Variable scheduler
uses predicted η",1054
eta_corrected,C4,1055,2142,2137,89.04166666666667,99.76657329598507,0.3942763859607224,4.015896867651342,0.012919442956840417,9.480812641083524,0.0,90.51918735891647,0.32111938092166914,0.0,0,14920.0,28.855999999999675,4.681388888888906,30.197022868199056,24.362346371130393,5.834676497068708,80.6779743733835,20.514210964707573,24.362346371130393,0.0,41.94030953916542,2.0,4,0.0,708,37.28813559322034,344,1492,"C4-Fixed scheduler
assumes η=90%",1055
eta_corrected,C4,1055,2142,2137,89.04166666666667,99.76657329598507,0.3942763859607224,4.015896867651342,0.012919442956840417,9.480812641083524,0.0,90.51918735891647,0.32111938092166914,0.0,0,14920.0,28.855999999999675,4.681388888888907,30.197022868199063,25.213786882503534,4.983235985695562,83.49759177437505,24.119882588234802,25.213786882503534,0.0,41.94030953916542,2.0,4,0.0,708,52.118644067796616,344,1492,"C4-Variable scheduler
uses predicted η",1055
eta_corrected,C4,1056,2079,2073,86.375,99.71139971139971,0.39743823418937746,3.7649380113288013,0.008039733818120374,8.374384236453203,0.0,91.62561576354679,0.33621157632083076,0.0,0,14980.0,27.863999999999674,4.533750000000018,31.06383252450091,24.96879085682579,6.095041667675153,80.37897718233,34.30272818952254,24.96879085682579,0.0,43.14421183958464,2.0,4,0.0,748,45.72192513368984,337,1498,"C4-Fixed scheduler
assumes η=90%",1056
eta_corrected,C4,1056,2079,2073,86.375,99.71139971139971,0.39743823418937746,3.7649380113288013,0.008039733818120374,8.374384236453203,0.0,91.62561576354679,0.33621157632083076,0.0,0,14980.0,27.863999999999674,4.533750000000018,31.063832524500903,25.72885496753271,5.3349775569682345,82.82575869297405,36.74590175695509,25.72885496753271,0.0,43.14421183958464,2.0,4,0.0,748,50.13368983957219,337,1498,"C4-Variable scheduler
uses predicted η",1056
