scenario,strategy,replication,requested_tasks,completed_tasks,throughput,completion_rate,mean_delay,max_delay,mean_tardiness,urgent_deadline_violation_rate,normal_deadline_violation_rate,urgent_on_time_rate,idle_ratio,charging_wait,low_soc_stops,detour_distance_m,traction_energy,aux_energy,wpt_input_energy,battery_delivered_energy,wpt_loss,mean_efficiency,fleet_min_soc,opportunity_charging_energy,mandatory_charging_energy,pad_utilization,mean_queue,max_queue,pad_waiting_time,charging_contention_events,different_decision_rate_C4_vs_C3,deferred_charging_requests,charging_sessions
base_original,C1,1007,1826,1816,75.66666666666667,99.45235487404163,0.8850941477309462,100.2530380521565,0.29513712831886707,0,2.573932092004383,100,0.4231686356601944,3.1364518683634617,0,60.0,21.923999999999943,3.8049999999999904,25.059291162330027,21.059428249147395,3.9998629131826333,84.03840361137046,19.702303679381917,0.0,21.059428249147395,17.402285529395854,0.0,0,15.68225934181731,0,0.0,0,6
base_original,C2,1007,1826,1818,75.75,99.5618838992333,0.1807050623097497,2.9321529450288533,0.0,0,0.0,100,0.3608142592671443,0.0,0,26080.0,27.127999999999453,4.166388888888913,47.50686666382808,37.57674891109768,9.930117752730453,79.09751063357074,52.09397034604879,37.57674891109768,0.0,32.9908796276584,1.5,3,0.0,307,36.156351791530945,466,2608
base_original,C3,1007,1826,1818,75.75,99.5618838992333,0.18080886423823375,2.9321529450288533,0.0,0,0.0,100,0.36086422874026913,0.0,0,25820.0,27.07599999999946,4.162777777777802,47.488877653503124,37.52133044531608,9.967547208187122,79.01077536320389,52.09397034604879,37.52133044531608,0.0,32.97838725937721,1.5,3,0.0,345,56.231884057971016,457,2582
base_original,C4,1007,1826,1818,75.75,99.5618838992333,0.18067651520203354,2.9321529450288533,0.0,0,0.0,100,0.3612962799861738,0.0,0,25950.0,27.101999999999453,4.164583333333358,47.33333920497742,37.54913600087164,9.78420320410585,79.32915072453433,52.09397034604879,37.54913600087164,0.0,32.87037444790101,1.5,3,0.0,302,55.960264900662246,462,2595
base_original,C1,1008,1782,1778,74.08333333333333,99.77553310886644,0.867299579182688,110.42745333128939,0.24454758074986307,0,2.413019079685741,100,0.44800556369434874,2.391521768865908,0,50.0,21.393999999999963,3.7131944444444347,20.51799707003447,17.55840336240997,2.9595937076245002,85.57562077076791,19.705411320751875,0.0,17.55840336240997,14.248609076412828,0.0,0,11.95760884432954,0,0.0,0,5
base_original,C2,1008,1782,1778,74.08333333333333,99.77553310886644,0.1929784441178385,3.258089424490754,0.0,0,0.0,100,0.3785496103057461,0.0,0,25450.0,26.473999999999485,4.065972222222245,45.5221402899314,35.71207859346897,9.810061696462494,78.44991111142413,53.777116231463,35.71207859346897,0.0,31.61259742356352,1.5,3,0.0,249,34.53815261044177,496,2545
base_original,C3,1008,1782,1778,74.08333333333333,99.77553310886644,0.1930971364214455,3.258089424490754,0.0,0,0.0,100,0.37872880827659916,0.0,0,25110.0,26.405999999999494,4.0612500000000225,45.4576290204243,35.6462647211552,9.811364299269178,78.41646273530716,54.974804693860776,35.6462647211552,0.0,31.567797930850237,1.5,3,0.0,248,42.33870967741936,473,2511
base_original,C4,1008,1782,1778,74.08333333333333,99.77553310886644,0.19328025363653928,3.258089424490754,0.0,0,0.0,100,0.37970692792972455,0.0,0,25310.0,26.445999999999486,4.064027777777801,45.105505945299164,35.67034697652803,9.435158968771185,79.08202386597006,54.974804693860776,35.67034697652803,0.0,31.32326801756889,1.5,3,0.0,235,42.12765957446808,497,2531
base_original,C1,1009,1761,1753,73.04166666666667,99.54571266325951,1.2453380352313552,95.863629433669,0.5878805108251565,0,5.678591709256109,100,0.4532322442890978,3.1722267504379245,0,50.0,21.141999999999978,3.669444444444435,20.736392055924806,17.544284740389646,3.192107315535161,84.60625499881445,19.768023185741136,0.0,17.544284740389646,14.400272261058895,0.0,0,15.861133752189623,0,0.0,0,5
base_original,C2,1009,1761,1753,73.04166666666667,99.54571266325951,0.16544240775735453,2.9143122111023634,0.0,0,0.0,100,0.3788087781113879,0.0,0,26230.0,26.37799999999949,4.0330555555555785,47.52883987990035,37.85760533703971,9.671234542860727,79.65186070752266,48.853876393560355,37.85760533703971,0.0,33.006138805486394,1.5,3,0.0,339,27.43362831858407,518,2623
base_original,C3,1009,1761,1753,73.04166666666667,99.54571266325951,0.16553910031777674,2.9143122111023634,0.0,0,0.0,100,0.3790809617791285,0.0,0,25770.0,26.2859999999995,4.0266666666666895,47.43085375951375,37.75915189767761,9.671701861836217,79.60883877217543,51.188346144953954,37.75915189767761,0.0,32.93809288855125,1.5,3,0.0,336,57.44047619047619,504,2577
base_original,C4,1009,1761,1753,73.04166666666667,99.54571266325951,0.16561550020090943,2.9143122111023634,0.0,0,0.0,100,0.3805223716653836,0.0,0,26020.0,26.33599999999949,4.030138888888913,46.91194620046187,37.81272733613128,9.099218864330657,80.6036210362106,49.94704085085343,37.81272733613128,0.0,32.57774041698747,1.5,3,0.0,319,55.79937304075236,513,2602
base_original,C1,1010,1793,1787,74.45833333333333,99.6653653095371,2.196153890476479,138.5020275489078,1.4295334650916534,0,10.150585610708307,100,0.4335274931364391,9.283260259313101,0,60.0,21.52799999999996,3.7362499999999903,24.630102470881937,21.05602646364722,3.574076007234717,85.48899253886563,19.687864355552552,0.0,21.05602646364722,17.104237827001345,0.0,0,46.41630129656551,0,0.0,0,6
base_original,C2,1010,1793,1789,74.54166666666667,99.77691020635805,0.17316355692798036,3.7345489438534667,0.0,0,0.0,100,0.3769236316311539,4.7369515717340015e-17,0,25700.0,26.65599999999948,4.092361111111134,45.007492612784596,35.458457977878034,9.549034634906615,78.78345564135223,50.07656353494302,35.458457977878034,0.0,31.255203203322676,1.5,3,2.3684757858670006e-16,225,28.444444444444443,454,2570
base_original,C3,1010,1793,1789,74.54166666666667,99.77691020635805,0.1730960613272377,3.7345489438534667,0.0,0,0.0,100,0.3770805677193791,4.7369515717340015e-17,0,25310.0,26.577999999999484,4.086944444444467,44.95099562102352,35.419683013921016,9.531312607102544,78.7962146879685,52.80699071106939,35.419683013921016,0.0,31.215969181266367,1.5,3,2.3684757858670006e-16,242,41.32231404958678,437,2531
base_original,C4,1010,1793,1789,74.54166666666667,99.77691020635805,0.17320062385075563,3.7345489438534667,0.0,0,0.0,100,0.3770256297357464,4.7369515717340015e-17,0,25610.0,26.63799999999948,4.091111111111134,44.970773295131295,35.466051404645384,9.50472189048594,78.86466877474192,52.80699071106939,35.466051404645384,0.0,31.229703677174513,1.5,3,2.3684757858670006e-16,236,41.94915254237288,461,2561
base_original,C1,1011,1818,1812,75.5,99.66996699669967,10.61970938565317,198.9955655591435,9.267735722060907,0,20.187018701870187,100,0.4104060610498447,41.347508004228416,0,60.0,21.82799999999995,3.7883333333333233,30.453818022055934,21.05990626758854,9.393911754467387,69.1535828195206,19.718559595175,0.0,21.05990626758854,21.14848473753884,0.0,0,206.73754002114208,0,0.0,0,6
base_original,C2,1011,1818,1814,75.58333333333333,99.77997799779979,0.19749067811627297,3.089745526911429,0.0,0,0.0,100,0.357779899169435,2.3684757858670008e-17,0,26510.0,27.117999999999448,4.155694444444469,49.399236299003405,39.19949423450589,10.199742064497604,79.35242965546962,50.85704332816915,39.19949423450589,0.0,34.30502520764128,1.5,3,1.1842378929335003e-16,358,27.6536312849162,551,2651
base_original,C3,1011,1818,1814,75.58333333333333,99.77997799779979,0.19775702358305153,3.089745526911429,0.0,0,0.0,100,0.35841014853918857,0.0,0,26040.0,27.02399999999946,4.149166666666691,49.1723465258921,39.140630027592785,10.031716498299385,79.59886560830073,52.418391646872244,39.140630027592785,0.0,34.14746286520288,1.5,3,0.0,365,57.80821917808219,540,2604
base_original,C4,1011,1818,1814,75.58333333333333,99.77997799779979,0.19747874550878275,3.089745526911429,0.0,0,0.0,100,0.3598443644541313,0.0,0,26280.0,27.071999999999456,4.152500000000024,48.65602879651275,39.15965478956774,9.496374006945073,80.48263649575604,52.418391646872244,39.15965478956774,0.0,33.78890888646721,1.5,3,0.0,342,56.72514619883041,547,2628
base_original,C1,1012,1800,1795,74.79166666666667,99.72222222222223,2.857986161999569,125.77024349665068,1.6819874891498352,0,16.94444444444444,100,0.4327787822721869,6.374716963178313,0,50.0,21.609999999999957,3.750694444444435,24.199638382012694,17.553815092430845,6.645823289581852,72.53750992195978,19.702347959081823,0.0,17.553815092430845,16.80530443195326,0.0,0,31.873584815891565,0,0.0,0,5
base_original,C2,1012,1800,1795,74.79166666666667,99.72222222222223,0.19094491436049887,3.2487855327953485,0.0,0,0.0,100,0.37233916769009945,0.0,0,25960.0,26.791999999999476,4.110555555555579,45.9578996315642,36.60797258351243,9.349927048051832,79.65545178737851,53.38457305892901,36.60797258351243,0.0,31.91520807747517,1.5,3,0.0,246,31.70731707317073,470,2596
base_original,C3,1012,1800,1795,74.79166666666667,99.72222222222223,0.19134304401084035,3.2487855327953485,0.0,0,0.0,100,0.37226537900501044,2.3684757858670008e-17,0,25580.0,26.715999999999486,4.1052777777778005,45.98446355819625,36.55677702779468,9.427686530401612,79.49810479256708,57.1103148088325,36.55677702779468,0.0,31.933655248747428,1.5,3,1.1842378929335003e-16,286,59.79020979020979,477,2558
base_original,C4,1012,1800,1795,74.79166666666667,99.72222222222223,0.1911895157924834,3.2487855327953485,0.0,0,0.0,100,0.37357134814691795,2.3684757858670008e-17,0,25710.0,26.74199999999948,4.107083333333357,45.51431466710955,36.570179980594695,8.944134686514872,80.34874357236397,57.1103148088325,36.570179980594695,0.0,31.607162963270525,1.5,3,1.1842378929335003e-16,261,54.78927203065134,475,2571
base_original,C1,1013,1796,1788,74.5,99.55456570155901,1.8389394321437427,169.57793709193453,0.9618048839529598,0,9.187082405345215,100,0.4215855584483103,7.932285310672159,0,60.0,21.563999999999957,3.7424999999999904,28.629198958608285,21.06552903105294,7.563669927555347,73.58057436922772,19.712009681407473,0.0,21.06552903105294,19.881388165700198,0.0,0,39.6614265533608,0,0.0,0,6
base_original,C2,1013,1796,1792,74.66666666666667,99.77728285077951,0.2141034877029109,4.4009231719457,0.0,0,0.0,100,0.37344267792477953,0.0,0,25760.0,26.703999999999482,4.099444444444465,45.96063594707935,36.460917919942304,9.499718027137105,79.33075156297804,49.94036620838387,36.460917919942304,0.0,31.917108296582917,1.5,3,0.0,284,36.61971830985916,494,2576
base_original,C3,1013,1796,1792,74.66666666666667,99.77728285077951,0.21427377292595745,4.4009231719457,0.0,0,0.0,100,0.37393305254134523,0.0,0,25490.0,26.649999999999494,4.095694444444465,45.784101085115694,36.40316791994231,9.38093316517344,79.51050049506574,52.326606369449905,36.40316791994231,0.0,31.79451464244147,1.5,3,0.0,305,51.80327868852459,492,2549
base_original,C4,1013,1796,1792,74.66666666666667,99.77728285077951,0.2137100672368762,4.4009231719457,0.0,0,0.0,100,0.3758482639962816,0.0,0,25530.0,26.657999999999486,4.096250000000022,45.094624961338646,36.411723475497865,8.682901485840823,80.74515201471358,52.326606369449905,36.411723475497865,0.0,31.31571177870742,1.5,3,0.0,290,50.689655172413794,491,2553
base_original,C1,1014,1880,1877,78.20833333333333,99.84042553191489,3.5669277165059916,116.71312165864401,2.5348363605567767,0,14.308510638297879,100,0.41752926994659567,6.421336103139135,0,50.0,22.569999999999926,3.917361111111101,21.68946281922556,17.536862893548452,4.152599925677106,80.85429795893221,19.717833098439684,0.0,17.536862893548452,15.062126957795527,0.0,0,32.10668051569567,0,0.0,0,5
base_original,C2,1014,1880,1877,78.20833333333333,99.84042553191489,0.250904099993229,3.522208682511761,0.0,0,0.0,100,0.34902502282522896,1.8947806286936006e-16,0,25920.0,27.743999999999428,4.276666666666691,46.35099178291758,36.83719549590624,9.513796287011388,79.47444936762368,59.41009044529263,36.83719549590624,0.0,32.18818873813724,1.5,3,9.473903143468002e-16,286,31.818181818181817,527,2592
base_original,C3,1014,1880,1877,78.20833333333333,99.84042553191489,0.25038638531125784,3.522208682511761,0.0,0,0.0,100,0.35033372388836226,1.8947806286936006e-16,0,25430.0,27.645999999999432,4.269861111111135,45.87985940018956,36.725445664510694,9.154413735678919,80.04698825288675,62.98016449312844,36.725445664510694,0.0,31.86101347235389,1.5,3,9.473903143468002e-16,303,53.46534653465347,526,2543
base_original,C4,1014,1880,1877,78.20833333333333,99.84042553191489,0.250130119021034,3.522208682511761,0.0,0,0.0,100,0.3507117978420944,0.0,0,25590.0,27.67799999999943,4.272083333333358,45.74375277684599,36.766612162572905,8.977140614273123,80.37515492428723,62.98016449312844,36.766612162572905,0.0,31.766494983920857,1.5,3,0.0,270,55.55555555555556,521,2559
base_original,C1,1015,1838,1836,76.5,99.8911860718172,3.695400903237548,165.43625388049185,2.4964911660548172,0,18.00870511425462,100,0.407107486292838,4.692486848257371,0,60.0,22.06799999999994,3.82999999999999,29.641304934578294,21.04794899032647,8.593355944251819,71.00884740662285,19.722590413776175,0.0,21.04794899032647,20.584239537901592,0.0,0,23.462434241286854,0,0.0,0,6
base_original,C2,1015,1838,1837,76.54166666666667,99.9455930359086,0.2312605679331022,3.5997132630852016,0.0,0,0.0,100,0.35425828320300645,2.3684757858670008e-17,0,25990.0,27.25399999999945,4.190138888888912,48.667018046917676,38.818421212549225,9.8485968343685,79.76330330148056,45.60975474603318,38.818421212549225,0.0,33.79654031035952,1.5,3,1.1842378929335003e-16,372,29.838709677419356,484,2599
base_original,C3,1015,1838,1837,76.54166666666667,99.9455930359086,0.2314765973610895,3.5997132630852016,0.0,0,0.0,100,0.35349605964170683,0.0,0,25780.0,27.211999999999453,4.187222222222244,48.94141852898554,38.773504545882524,10.167913983103077,79.22431697176683,50.39686899871465,38.773504545882524,0.0,33.98709620068442,1.5,3,0.0,384,63.28125,473,2578
base_original,C4,1015,1838,1837,76.54166666666667,99.9455930359086,0.2313016692862147,3.5997132630852016,0.0,0,0.0,100,0.3544050231316821,0.0,0,25870.0,27.229999999999453,4.188472222222245,48.61419167259449,38.79275454588254,9.821437126712006,79.79718105186836,50.39686899871465,38.79275454588254,0.0,33.759855328190625,1.5,3,0.0,375,59.73333333333334,485,2587
base_original,C1,1016,1770,1766,73.58333333333333,99.77401129943503,4.748129973944422,166.48002026456172,3.7590410264798892,0,14.576271186440682,100,0.4501202410017472,24.85906886860241,0,50.0,21.24999999999997,3.688194444444435,20.956713239371012,17.544726577017606,3.4119866623534025,83.71888462002063,19.72427417209711,0.0,17.544726577017606,14.553273082896535,0.0,0,124.29534434301203,0,0.0,0,5
base_original,C2,1016,1770,1766,73.58333333333333,99.77401129943503,0.16758483927005663,2.147405395475198,0.0,0,0.0,100,0.3775198466775814,0.0,0,25330.0,26.305999999999504,4.039305555555577,47.09285519607067,37.2345225707043,9.85833262536644,79.06618194135545,56.79697012358778,37.2345225707043,0.0,32.703371663938,1.5,3,0.0,260,43.84615384615385,436,2533
base_original,C3,1016,1770,1766,73.58333333333333,99.77401129943503,0.16766793357451887,2.147405395475198,0.0,0,0.0,100,0.3772525884760646,0.0,0,25090.0,26.257999999999505,4.035972222222243,47.18906814861677,37.13960885910321,10.049459289513612,78.70384035161726,56.79697012358778,37.13960885910321,0.0,32.77018621431722,1.5,3,0.0,269,63.19702602230484,426,2509
base_original,C4,1016,1770,1766,73.58333333333333,99.77401129943503,0.16765462220364954,2.147405395475198,0.0,0,0.0,100,0.3793369011969621,0.0,0,24960.0,26.231999999999505,4.034166666666688,46.43871556909369,37.15538368181541,9.283331887278333,80.0094990278831,56.79697012358778,37.15538368181541,0.0,32.24910803409284,1.5,3,0.0,245,53.06122448979592,426,2496
base_original,C1,1017,1771,1769,73.70833333333333,99.88706945228685,1.3409437123979613,121.0494252488313,0.6873959132498433,0,6.437041219649919,100,0.4505898756464517,5.765493724489619,0,50.0,21.261999999999972,3.6902777777777684,20.687644767277398,17.5445264679244,3.1431182993529996,84.80678523480539,19.702937317868162,0.0,17.5445264679244,14.36641997727597,0.0,0,28.82746862244809,0,0.0,0,5
base_original,C2,1017,1771,1769,73.70833333333333,99.88706945228685,0.14618579324458986,2.2483927086457696,0.0,0,0.0,100,0.3826915146753754,0.0,0,26330.0,26.517999999999482,4.055277777777801,45.131054716864845,35.45253922426315,9.678515492601715,78.55464368532701,50.287171835641644,35.45253922426315,0.0,31.34101022004502,1.5,3,0.0,229,33.624454148471614,479,2633
base_original,C3,1017,1771,1769,73.70833333333333,99.88706945228685,0.14601855250563106,2.2483927086457696,0.0,0,0.0,100,0.3832334520956907,0.0,0,25980.0,26.44799999999949,4.05041666666669,44.93595724555132,35.37767811315207,9.558279132399326,78.72910756041472,52.0157058365052,35.37767811315207,0.0,31.20552586496623,1.5,3,0.0,244,51.63934426229508,484,2598
base_original,C4,1017,1771,1769,73.70833333333333,99.88706945228685,0.14603793573997464,2.2483927086457696,0.0,0,0.0,100,0.384757789278719,0.0,0,25930.0,26.43799999999949,4.049722222222245,44.38719585966113,35.36379291765271,9.023402942008456,79.67115793811872,52.0157058365052,35.36379291765271,0.0,30.82444156920913,1.5,3,0.0,236,43.22033898305085,479,2593
base_original,C1,1018,1834,1830,76.25,99.78189749182116,4.4253339553871704,141.28131863859016,3.316338824454144,0,15.812431842966191,100,0.43236914650055525,20.0159235215775,0,50.0,22.017999999999944,3.8215277777777676,20.94710725980009,17.53757646886843,3.4095307909316652,83.7231425387555,19.745540515347994,0.0,17.53757646886843,14.546602263750064,0.0,0,100.07961760788749,0,0.0,0,5
base_original,C2,1018,1834,1829,76.20833333333333,99.72737186477644,0.17394096105855414,2.390875639311101,0.0,0,0.0,100,0.3650353046189,0.0,0,26190.0,27.24599999999945,4.184583333333357,45.18729033719603,36.15008517471587,9.037205162480193,80.000559681621,63.60599449307548,36.15008517471587,0.0,31.38006273416391,1.5,3,0.0,230,44.78260869565218,506,2619
base_original,C3,1018,1834,1829,76.20833333333333,99.72737186477644,0.17407624634864421,2.390875639311101,0.0,0,0.0,100,0.36504007135022143,0.0,0,25770.0,27.16199999999946,4.178750000000023,45.18557431392027,36.05628959952462,9.129284714395693,79.79601929816967,63.60599449307548,36.05628959952462,0.0,31.378871051333526,1.5,3,0.0,265,63.77358490566037,501,2577
base_original,C4,1018,1834,1829,76.20833333333333,99.72737186477644,0.17389623965090192,2.390875639311101,0.0,0,0.0,100,0.36642081400649806,0.0,0,25820.0,27.171999999999457,4.179444444444469,44.68850695766069,36.06669989073335,8.621807066927376,80.70688046236157,63.60599449307548,36.06669989073335,0.0,31.033685387264384,1.5,3,0.0,249,55.82329317269076,508,2582
base_original,C1,1019,1794,1787,74.45833333333333,99.6098104793757,4.151031818527484,116.60517725340517,3.0502702950963343,0,16.276477146042367,100,0.44600862615423675,9.480189922767046,0,50.0,21.53799999999996,3.738194444444435,20.03689458447475,17.546876576441765,2.4900180080329855,87.57283471480488,19.708505690414956,0.0,17.546876576441765,13.914510128107466,0.0,0,47.40094961383523,0,0.0,0,5
base_original,C2,1019,1794,1787,74.45833333333333,99.6098104793757,0.22176139295488811,4.845560543756922,0.0,0,0.0,100,0.37237336500833584,0.0,0,25720.0,26.671999999999493,4.094722222222242,46.545588596999124,37.28362338383574,9.26196521316342,80.10130392086067,54.79664170085371,37.28362338383574,0.0,32.32332541458273,1.5,3,0.0,304,43.09210526315789,466,2572
base_original,C3,1019,1794,1787,74.45833333333333,99.6098104793757,0.2218443972649537,4.845560543756922,0.0,0,0.0,100,0.37269008220298255,0.0,0,25390.0,26.605999999999497,4.090138888888909,46.4315704069263,37.22580881251505,9.205761594411262,80.173486458175,56.32517235708187,37.22580881251505,0.0,32.24414611592103,1.5,3,0.0,310,60.322580645161295,463,2539
base_original,C4,1019,1794,1787,74.45833333333333,99.6098104793757,0.22206008309623526,4.845560543756922,0.0,0,0.0,100,0.3734495644313365,0.0,0,25540.0,26.63599999999949,4.092222222222242,46.158156804718885,37.24541612316907,8.912740681549863,80.69086528030807,55.946732953158055,37.24541612316907,0.0,32.05427555883258,1.5,3,0.0,307,52.44299674267101,471,2554
base_original,C1,1020,1795,1790,74.58333333333333,99.72144846796658,3.3134700625680593,122.10475083730422,2.2623683376654458,0,14.428969359331479,100,0.43923512443688395,9.0113388924095,0,50.0,21.54999999999996,3.740277777777768,22.375355202721785,17.53590293118076,4.839452271541026,78.37150638416529,19.716562845431053,0.0,17.53590293118076,15.538441113001241,0.0,0,45.0566944620475,0,0.0,0,5
base_original,C2,1020,1795,1790,74.58333333333333,99.72144846796658,0.21445615746094332,3.1408062626396713,0.0,0,0.0,100,0.3686664585538223,0.0,0,26240.0,26.78799999999949,4.1040277777778,47.78007492062395,38.01008047550907,9.769994445114941,79.55215754402735,50.380200564960106,38.01008047550907,0.0,33.18060758376666,1.5,3,0.0,291,31.27147766323024,510,2624
base_original,C3,1020,1795,1790,74.58333333333333,99.72144846796658,0.2144787100542494,3.1408062626396713,0.0,0,0.0,100,0.36835514478280823,0.0,0,25970.0,26.73399999999949,4.1002777777778,47.89214787818904,37.946017132789784,9.946130745399335,79.23223078092744,52.22800557138174,37.946017132789784,0.0,33.258436026520215,1.5,3,0.0,301,58.139534883720934,506,2597
base_original,C4,1020,1795,1790,74.58333333333333,99.72144846796658,0.21394723057611784,3.1408062626396713,0.0,0,0.0,100,0.37043730274897696,0.0,0,26010.0,26.74199999999949,4.100833333333355,47.14257101036831,37.953796133052045,9.188774877316337,80.50854104818481,51.784168725560264,37.953796133052045,0.0,32.73789653497803,1.5,3,0.0,263,50.57034220532319,497,2601
base_original,C1,1021,1707,1702,70.91666666666667,99.7070884592853,8.608211604039298,223.86346623730714,7.123143275452911,0,24.311657879320446,100,0.4438567051345227,13.929908012593852,0,50.0,20.493999999999982,3.5569444444444356,29.511586151571834,17.563399307331338,11.9481868442405,59.513572795191436,19.70612349147396,0.0,17.563399307331338,20.494157049702668,0.0,0,69.64954006296927,0,0.0,0,5
base_original,C2,1021,1707,1702,70.91666666666667,99.7070884592853,0.14592814329556636,2.886443209682572,0.0,0,0.0,100,0.3957603336639939,0.0,0,25820.0,25.647999999999527,3.9148611111111324,46.826279880962225,36.86072118009803,9.96555870086426,78.71802174719456,51.5591416190073,36.86072118009803,0.0,32.51824991733492,1.5,3,0.0,235,40.42553191489361,458,2582
base_original,C3,1021,1707,1702,70.91666666666667,99.7070884592853,0.1458032824125212,2.886443209682572,0.0,0,0.0,100,0.395399623389619,0.0,0,25490.0,25.58199999999953,3.9102777777777993,46.95613557973721,36.78882172240901,10.167313857328235,78.34720908822902,52.382764603892475,36.78882172240901,0.0,32.608427485928615,1.5,3,0.0,256,65.234375,444,2549
base_original,C4,1021,1707,1702,70.91666666666667,99.7070884592853,0.14575926177955684,2.886443209682572,0.0,0,0.0,100,0.39608301850785205,0.0,0,25690.0,25.621999999999527,3.913055555555577,46.71011333717327,36.830638592785206,9.879474744388105,78.84938819763966,52.382764603892475,36.830638592785206,0.0,32.43757870637031,1.5,3,0.0,223,52.01793721973094,455,2569
base_original,C1,1022,1810,1809,75.375,99.94475138121547,4.736936273170901,155.31106489198027,3.5574423692830863,0,15.856353591160222,100,0.42196627366613093,15.106448305656789,0,60.0,21.731999999999957,3.7716666666666567,27.09214148019286,21.06451743688084,6.027624043312023,77.75139315687233,19.750461991838264,0.0,21.06451743688084,18.81398713902282,0.0,0,75.53224152828395,0,0.0,0,6
base_original,C2,1022,1810,1809,75.375,99.94475138121547,0.2543472146004555,5.169777733259627,0.0,0,0.0,100,0.3673161143317129,0.0,0,25900.0,26.899999999999466,4.130555555555579,46.766198840583385,36.92415878328566,9.842040057297773,78.95480004511963,46.76330692146463,36.92415878328566,0.0,32.47652697262737,1.5,3,0.0,294,30.612244897959183,489,2590
base_original,C3,1022,1810,1809,75.375,99.94475138121547,0.2543661241710346,5.169777733259627,0.0,0,0.0,100,0.3673015228650844,0.0,0,25440.0,26.807999999999478,4.124166666666689,46.77145176856963,36.827042002882145,9.944409765687524,78.73829143706394,49.930243807173916,36.827042002882145,0.0,32.48017483928447,1.5,3,0.0,328,51.829268292682926,481,2544
base_original,C4,1022,1810,1809,75.375,99.94475138121547,0.25420349442212253,5.169777733259627,0.0,0,0.0,100,0.3694274438996108,0.0,0,25420.0,26.803999999999476,4.123888888888911,46.00612019614008,36.82195206305938,9.184168133080796,80.03707312434649,49.930243807173916,36.82195206305938,0.0,31.948694580652855,1.5,3,0.0,313,47.92332268370607,486,2542
base_original,C1,1023,1750,1746,72.75,99.77142857142857,3.23401621634275,220.68412072831754,2.196625374860266,0,13.200000000000001,100,0.4468894286739353,17.430056040883404,0,50.0,21.00999999999997,3.6465277777777683,24.11980567738329,17.549317905811524,6.5704877715717664,72.75895229233628,19.7022570218362,0.0,17.549317905811524,16.749865053738397,0.0,0,87.15028020441702,0,0.0,0,5
base_original,C2,1023,1750,1746,72.75,99.77142857142857,0.22982217655260093,4.0074252612272785,0.0,0,0.0,100,0.39556166409232957,0.0,0,24180.0,25.835999999999533,3.981666666666688,42.59780092676134,33.99877108462262,8.59902984213878,79.8134418794926,60.12329462247801,33.99877108462262,0.0,29.58180619913987,1.5,3,0.0,192,39.0625,417,2418
base_original,C3,1023,1750,1746,72.75,99.77142857142857,0.2301747428232612,4.0074252612272785,0.0,0,0.0,100,0.3956816882174201,0.0,0,23880.0,25.775999999999538,3.97750000000002,42.55459224172876,33.93460441795594,8.619987823772858,79.7436954046992,60.12329462247801,33.93460441795594,0.0,29.551800167867217,1.5,3,0.0,203,61.083743842364534,434,2388
base_original,C4,1023,1750,1746,72.75,99.77142857142857,0.23029915026707143,4.0074252612272785,0.0,0,0.0,100,0.3965584572112008,0.0,0,24140.0,25.827999999999534,3.981111111111132,42.238955403967694,33.99021552906707,8.248739874900679,80.47125030434398,60.12329462247801,33.99021552906707,0.0,29.332607919422028,1.5,3,0.0,191,61.25654450261781,430,2414
base_original,C1,1024,1749,1745,72.70833333333333,99.77129788450543,2.1762351515570684,129.73600503789348,1.3375676317740313,0,11.720983419096632,100,0.4561954974780974,8.366211549615644,0,50.0,20.997999999999983,3.644444444444435,20.869620907884926,17.53117062164833,3.338450286236594,84.00330173235074,19.6828065229105,0.0,17.53117062164833,14.492792297142309,0.0,0,41.831057748078216,0,0.0,0,5
base_original,C2,1024,1749,1745,72.70833333333333,99.77129788450543,0.14921517053347616,2.5666726350612104,0.0,0,0.0,100,0.38604682544133634,0.0,0,26070.0,26.201999999999504,4.005833333333356,46.12314284111895,36.373749401106934,9.749393440012078,78.86225257113139,55.91286586335739,36.373749401106934,0.0,32.02996030633264,1.5,3,0.0,263,29.65779467680608,517,2607
base_original,C3,1024,1749,1745,72.70833333333333,99.77129788450543,0.1494069548965307,2.5666726350612104,0.0,0,0.0,100,0.3864207137254835,0.0,0,25650.0,26.117999999999512,4.000000000000022,45.98854305882597,36.320728977079725,9.667814081746288,78.97777698810829,57.66502874513297,36.320728977079725,0.0,31.93648823529582,1.5,3,0.0,286,57.34265734265735,509,2565
base_original,C4,1024,1749,1745,72.70833333333333,99.77129788450543,0.14961088917276275,2.5666726350612104,0.0,0,0.0,100,0.3874774899130829,0.0,0,26110.0,26.2099999999995,4.006388888888912,45.608103631290206,36.40659294264181,9.201510688648444,79.82483384304638,57.66502874513297,36.40659294264181,0.0,31.672294188396016,1.5,3,0.0,263,56.27376425855514,522,2611
base_original,C1,1025,1778,1772,73.83333333333333,99.66254218222723,3.3169856944578977,127.67610231531447,2.3213516710904005,0,14.229471316085485,100,0.44993441252402383,8.884226325149575,0,50.0,21.345999999999968,3.7048611111111014,20.223611491351434,17.534247697310214,2.689363794041217,86.70186185493466,19.709539303088462,0.0,17.534247697310214,14.044174646771827,0.0,0,44.421131625747876,0,0.0,0,5
base_original,C2,1025,1778,1772,73.83333333333333,99.66254218222723,0.19501167285056273,3.7918534805214827,0.0,0,0.0,100,0.37751424270695033,0.0,0,25630.0,26.4619999999995,4.060138888888909,46.2948726254979,36.6090948053685,9.68577782012947,79.07807653240036,53.97657067939991,36.6090948053685,0.0,32.14921710104025,1.5,3,0.0,272,39.338235294117645,483,2563
base_original,C3,1025,1778,1772,73.83333333333333,99.66254218222723,0.19513718178028044,3.7918534805214827,0.0,0,0.0,100,0.37745973942916955,0.0,0,25390.0,26.413999999999504,4.056805555555576,46.31449380549897,36.61989392224652,9.694599883252488,79.06789195631583,54.821570679399926,36.61989392224652,0.0,32.162842920485424,1.5,3,0.0,290,59.6551724137931,475,2539
base_original,C4,1025,1778,1772,73.83333333333333,99.66254218222723,0.19459283641550137,3.7918534805214827,0.0,0,0.0,100,0.3792111128810626,0.0,0,25290.0,26.393999999999505,4.055416666666687,45.68399936281752,36.5789762415237,9.105023121293868,80.06955772636567,54.7966009248998,36.5789762415237,0.0,31.724999557512174,1.5,3,0.0,284,58.80281690140845,471,2529
base_original,C1,1026,1715,1710,71.25,99.70845481049562,1.5236933849474765,111.91408940205766,0.7005400624637506,0,8.979591836734691,100,0.46184782560926985,6.1221229916423425,0,50.0,20.589999999999996,3.5736111111111017,22.234782780662833,17.548084842698984,4.6866979379638485,78.92177322262945,19.73999586544466,0.0,17.548084842698984,15.440821375460299,0.0,0,30.610614958211713,0,0.0,0,5
base_original,C2,1026,1715,1710,71.25,99.70845481049562,0.16713381638945102,3.3519587603881518,0.0,0,0.0,100,0.3922723303268665,0.0,0,25440.0,25.66799999999953,3.926250000000021,47.281961082328046,37.17472373158841,10.10723735073973,78.62348109220603,50.46056938219737,37.17472373158841,0.0,32.83469519606116,1.5,3,0.0,290,41.724137931034484,440,2544
base_original,C3,1026,1715,1710,71.25,99.70845481049562,0.1671167481993011,3.3519587603881518,0.0,0,0.0,100,0.3919120172067846,0.0,0,24970.0,25.573999999999536,3.919722222222242,47.41167380555756,37.074195953810616,10.337477851747023,78.19634486193738,51.02390271553071,37.074195953810616,0.0,32.92477347608165,1.5,3,0.0,314,58.917197452229296,432,2497
base_original,C4,1026,1715,1710,71.25,99.70845481049562,0.16720403873846448,3.3519587603881518,0.0,0,0.0,100,0.3940822746147482,0.0,0,25060.0,25.591999999999533,3.9209722222222423,46.630381138690645,37.09344595381062,9.536935184880102,79.54780777683385,51.02390271553071,37.09344595381062,0.0,32.38220912409075,1.5,3,0.0,291,59.106529209621996,427,2506
base_original,C1,1027,1772,1767,73.625,99.7178329571106,1.4347900339144337,167.65393726481585,0.5507175977178254,0,7.844243792325056,100,0.4108680855282166,0.0,0,60.0,21.27599999999997,3.69249999999999,34.887489209842016,21.04357075533394,13.84391845450808,60.31838699758707,19.7832581912007,0.0,21.04357075533394,24.227423062390294,0.0,0,0.0,0,0.0,0,6
base_original,C2,1027,1772,1768,73.66666666666667,99.77426636568849,0.1945332623281689,3.008861510051793,0.0,0,0.0,100,0.37667636177494074,0.0,0,26310.0,26.525999999999485,4.057083333333355,47.19650976102133,37.35637335803261,9.840136402988769,79.15071166742187,49.17603219575294,37.35637335803261,0.0,32.775354000709264,1.5,3,0.0,285,30.87719298245614,506,2631
base_original,C3,1027,1772,1768,73.66666666666667,99.77426636568849,0.19434368978973865,3.008861510051793,0.0,0,0.0,100,0.3770347160068391,0.0,0,25800.0,26.42399999999949,4.050000000000022,47.06750223753797,37.24335754666734,9.824144690870668,79.12754188380208,50.30269886241962,37.24335754666734,0.0,32.68576544273472,1.5,3,0.0,313,57.50798722044729,493,2580
base_original,C4,1027,1772,1768,73.66666666666667,99.77426636568849,0.19435889044120339,3.008861510051793,0.0,0,0.0,100,0.3776274730497692,0.0,0,25970.0,26.457999999999487,4.052361111111133,46.8541097020831,37.2824297906585,9.571679911424653,79.57131194619828,50.30269886241962,37.2824297906585,0.0,32.53757618200218,1.5,3,0.0,305,54.75409836065573,503,2597
base_original,C1,1028,1752,1749,72.875,99.82876712328768,1.1403653305245665,136.10946971639157,0.559262528562132,0,5.47945205479452,100,0.4516553841197656,9.391116231514145,0,50.0,21.033999999999978,3.6506944444444347,22.20406171688441,17.53759063517485,4.666471081709559,78.98370513823116,19.79825375977753,0.0,17.53759063517485,15.419487303391954,0.0,0,46.95558115757073,0,0.0,0,5
base_original,C2,1028,1752,1749,72.875,99.82876712328768,0.203101201946681,2.938794138768056,0.0,0,0.0,100,0.38752442715201413,0.0,0,25350.0,26.093999999999497,4.002083333333357,45.29120622527492,35.610125045261036,9.681081180013942,78.62481045026502,53.87008477035648,35.610125045261036,0.0,31.45222654532983,1.5,3,0.0,270,30.74074074074074,482,2535
base_original,C3,1028,1752,1749,72.875,99.82876712328768,0.2029106532828107,2.938794138768056,0.0,0,0.0,100,0.3891673476880538,0.0,0,25100.0,26.043999999999496,3.9986111111111353,44.69975483230063,35.62059719292872,9.079157639371978,79.688573967723,55.398580523567,35.62059719292872,0.0,31.041496411319926,1.5,3,0.0,259,55.98455598455598,483,2510
base_original,C4,1028,1752,1749,72.875,99.82876712328768,0.2028120040116487,2.938794138768056,0.0,0,0.0,100,0.39024053839653844,0.0,0,25130.0,26.049999999999496,3.9990277777778016,44.31340617724618,35.63659056845504,8.676815608791182,80.4194343037289,55.14436086548776,35.63659056845504,0.0,30.77319873419875,1.5,3,0.0,253,53.359683794466406,479,2513
base_original,C1,1029,1822,1818,75.75,99.78046103183314,1.2290270954274805,90.68981219872622,0.3753248456262349,0,5.762897914379805,100,0.4275336334005857,0.0,0,60.0,21.87599999999995,3.7966666666666566,23.887891975789152,21.056058709524798,2.8318332662643515,88.1453195236546,19.706032251173543,0.0,21.056058709524798,16.588813872075804,0.0,0,0.0,0,0.0,0,6
base_original,C2,1029,1822,1819,75.79166666666667,99.83534577387486,0.18270860302785394,3.0085599974877066,0.0,0,0.0,100,0.36046772881110883,0.0,0,26800.0,27.223999999999453,4.168055555555578,48.03161762800081,37.943530931747546,10.088086696253333,78.99698741278235,47.35853668874972,37.943530931747546,0.0,33.35529001944506,1.5,3,0.0,309,28.802588996763756,537,2680
base_original,C3,1029,1822,1819,75.79166666666667,99.83534577387486,0.1825078307608323,3.0085599974877066,0.0,0,0.0,100,0.36207480696343375,0.0,0,26250.0,27.11399999999946,4.1604166666666895,47.45306949316383,37.825892042858634,9.627177450305261,79.7122134497704,51.433118307215786,37.825892042858634,0.0,32.95352048136378,1.5,3,0.0,317,56.46687697160884,524,2625
base_original,C4,1029,1822,1819,75.79166666666667,99.83534577387486,0.18275817996821148,3.0085599974877066,0.0,0,0.0,100,0.36265558391428954,0.0,0,26390.0,27.14199999999946,4.162361111111133,47.24398979085578,37.855836487303094,9.388153303552768,80.12836480341085,51.09196686508067,37.855836487303094,0.0,32.80832624364988,1.5,3,0.0,320,55.93749999999999,518,2639
base_original,C1,1030,1800,1797,74.875,99.83333333333333,0.6607838872546333,111.98014714693029,0.26737220736493744,0,0.7777777777777772,100,0.4300076061483026,0.0,0,60.0,21.61199999999996,3.7508333333333237,25.19726178661109,21.064598494957952,4.132663291653138,83.5987603468521,19.68664258057593,0.0,21.064598494957952,17.498098462924368,0.0,0,0.0,0,0.0,0,6
base_original,C2,1030,1800,1798,74.91666666666667,99.8888888888889,0.20198475183465536,3.293035727416403,0.0,0,0.0,100,0.3723227007100329,0.0,0,25990.0,26.797999999999472,4.110972222222245,45.96382774438816,36.656827408311635,9.307000336076575,79.75146807216716,49.509611682512954,36.656827408311635,0.0,31.919324822491795,1.5,3,0.0,292,33.9041095890411,503,2599
base_original,C3,1030,1800,1798,74.91666666666667,99.8888888888889,0.2022340456300048,3.293035727416403,0.0,0,0.0,100,0.37230094260416774,3.789561257387201e-16,0,25450.0,26.689999999999483,4.103472222222244,45.971660662499595,36.542036359286335,9.42962430321332,79.48817996278026,50.712835158880395,36.542036359286335,0.0,31.9247643489581,1.5,3,1.8947806286936005e-15,303,54.12541254125413,487,2545
base_original,C4,1030,1800,1798,74.91666666666667,99.8888888888889,0.2021576652479042,3.293035727416403,0.0,0,0.0,100,0.3724465342566591,3.789561257387201e-16,0,25660.0,26.731999999999477,4.106388888888912,45.91924766760273,36.56682276795051,9.352424899652254,79.63288735183131,50.712835158880395,36.56682276795051,0.0,31.888366435835238,1.5,3,1.8947806286936005e-15,307,50.814332247557005,492,2566
base_original,C1,1031,1775,1773,73.875,99.88732394366198,3.7522247734345013,147.33505592062417,2.7845352013962312,0,12.90140845070422,100,0.4540596452080141,14.836838079832013,0,50.0,21.309999999999967,3.6986111111111013,19.038527725114918,17.54674531160334,1.4917824135115798,92.16440244198255,19.685195695739743,0.0,17.54674531160334,13.221199809107581,0.0,0,74.18419039916007,0,0.0,0,5
base_original,C2,1031,1775,1773,73.875,99.88732394366198,0.24270096075267286,4.2083959100495125,0.0,0,0.0,100,0.3820146279176916,0.0,0,24890.0,26.277999999999516,4.043611111111132,44.97473394963103,35.49249531160385,9.482238638027237,78.916520887824,50.966480655836,35.49249531160385,0.0,31.23245413168825,1.5,3,0.0,297,36.7003367003367,457,2489
base_original,C3,1031,1775,1773,73.875,99.88732394366198,0.24250523323039813,4.2083959100495125,0.0,0,0.0,100,0.3824639598198387,3.552713678800501e-17,0,24420.0,26.18399999999952,4.037083333333354,44.81297446485809,35.39196753382605,9.421006931032084,78.97705509724666,55.21766873797681,35.39196753382605,0.0,31.120121156151495,1.5,3,1.7763568394002506e-16,301,57.80730897009967,451,2442
base_original,C4,1031,1775,1773,73.875,99.88732394366198,0.24241295525154224,4.2083959100495125,0.0,0,0.0,100,0.38394095831831415,3.552713678800501e-17,0,24490.0,26.197999999999517,4.038055555555577,44.281255005406905,35.40693975604825,8.874315249358673,79.95920565423211,55.21766873797681,35.40693975604825,0.0,30.75087153153259,1.5,3,1.7763568394002506e-16,278,53.597122302158276,457,2449
base_original,C1,1032,1743,1742,72.58333333333333,99.94262765347102,0.9161926362262658,103.88997426487913,0.2586687496520907,0,2.409638554216864,100,0.4562765831658956,2.166789431762469,0,50.0,20.92599999999998,3.631944444444435,21.44043006027758,17.535930461174654,3.9044995991029268,81.7890798452931,19.814479907217862,0.0,17.535930461174654,14.889187541859432,0.0,0,10.833947158812347,0,0.0,0,5
base_original,C2,1032,1743,1742,72.58333333333333,99.94262765347102,0.29888226369674165,4.610338213048453,0.0,0,0.0,100,0.39535786870875167,2.3684757858670008e-17,0,24090.0,25.73399999999954,3.9658333333333533,43.371167264849404,34.463430461175115,8.9077368036743,79.46161617168728,56.997935185679296,34.463430461175115,0.0,30.11886615614542,1.5,3,1.1842378929335003e-16,208,33.17307692307692,430,2409
base_original,C3,1032,1743,1742,72.58333333333333,99.94262765347102,0.2991245475556084,4.610338213048453,0.0,0,0.0,100,0.3943363942746016,2.3684757858670008e-17,0,24010.0,25.71799999999954,3.9647222222222425,43.73889806114344,34.44631935006399,9.292578711079464,78.75442884251639,56.997935185679296,34.44631935006399,0.0,30.374234764682953,1.5,3,1.1842378929335003e-16,230,48.69565217391305,434,2401
base_original,C4,1032,1743,1742,72.58333333333333,99.94262765347102,0.29891732311606717,4.610338213048453,0.0,0,0.0,100,0.3958657645997868,2.3684757858670008e-17,0,23870.0,25.689999999999543,3.9627777777777977,43.18832474407676,34.41637490561955,8.771949838457235,79.68907131629301,56.997935185679296,34.41637490561955,0.0,29.991892183386653,1.5,3,1.1842378929335003e-16,222,51.35135135135135,419,2387
base_original,C1,1033,1824,1816,75.66666666666667,99.56140350877193,10.675070851739253,171.2810277905023,9.208325125006542,0,22.478070175438592,100,0.42718251757468934,39.16018265731982,0,50.0,21.89799999999995,3.800694444444435,23.814293673111834,17.54485199816454,6.269441674947297,73.67361904155077,19.717554561559524,0.0,17.54485199816454,16.537703939661,0.0,0,195.8009132865991,0,0.0,0,5
base_original,C2,1033,1824,1816,75.66666666666667,99.56140350877193,0.20921252748926902,3.030853396520615,0.0,0,0.0,100,0.369512456287515,0.0,0,25400.0,26.967999999999467,4.152777777777802,44.57551573649462,35.303935331498366,9.271580404996286,79.20028461408137,62.47162950260679,35.303935331498366,0.0,30.95521926145461,1.5,3,0.0,233,39.48497854077253,485,2540
base_original,C3,1033,1824,1816,75.66666666666667,99.56140350877193,0.20936745563903184,3.030853396520615,0.0,0,0.0,100,0.36937494303091556,0.0,0,25210.0,26.929999999999474,4.150138888888912,44.62502050887044,35.263296442609466,9.36172406626098,79.02135627164569,66.61648403539444,35.263296442609466,0.0,30.989597575604474,1.5,3,0.0,246,66.26016260162602,481,2521
base_original,C4,1033,1824,1816,75.66666666666667,99.56140350877193,0.20957946033738556,3.030853396520615,0.0,0,0.0,100,0.3706117640886407,0.0,0,25190.0,26.925999999999465,4.149861111111134,44.17976492808934,35.25901866483169,8.92074626325768,79.8080721394109,66.61648403539444,35.25901866483169,0.0,30.680392311173165,1.5,3,0.0,225,48.44444444444444,495,2519
base_original,C1,1034,1777,1776,74.0,99.94372537985369,1.13427911498841,116.98209460207096,0.5227008475901271,0,4.9521665728756386,100,0.451587017514078,7.784616634304135,0,50.0,21.333999999999968,3.702777777777768,19.728673694931928,17.534715128980164,2.1939585659517626,88.87934080173181,19.778479280685136,0.0,17.534715128980164,13.700467843702725,0.0,0,38.92308317152068,0,0.0,0,5
base_original,C2,1034,1777,1776,74.0,99.94372537985369,0.20315731042774063,4.280564230390155,0.0,0,0.0,100,0.3817895896964158,0.0,0,25000.0,26.323999999999504,4.049305555555577,44.85574770929029,35.69280963131119,9.16293807797916,79.57243264037416,50.876172108481946,35.69280963131119,0.0,31.149824798118278,1.5,3,0.0,256,26.953125,468,2500
base_original,C3,1034,1777,1776,74.0,99.94372537985369,0.2030639010733607,4.280564230390155,0.0,0,0.0,100,0.3834373774794271,0.0,0,24440.0,26.211999999999513,4.041527777777799,44.262544107406235,35.56826743121199,8.694276676194324,80.35748542809252,52.26978514660742,35.56826743121199,0.0,30.737877852365486,1.5,3,0.0,273,50.18315018315018,460,2444
base_original,C4,1034,1777,1776,74.0,99.94372537985369,0.2031510141268175,4.280564230390155,0.0,0,0.0,100,0.3839868582194129,0.0,0,24720.0,26.267999999999507,4.045416666666688,44.06473104101136,35.629789734877164,8.434941306134245,80.85784003019617,52.26978514660742,35.629789734877164,0.0,30.600507667369047,1.5,3,0.0,265,40.75471698113208,471,2472
base_original,C1,1035,1882,1878,78.25,99.7874601487779,1.96981642961271,100.56067401205364,0.8985699002034443,0,11.583421891604672,100,0.41921250012273026,2.58456761006831,0,50.0,22.593999999999923,3.9215277777777673,20.8834999558171,17.523345649905416,3.360154305911685,83.91000400784968,19.838936498556038,0.0,17.523345649905416,14.502430524872988,0.0,0,12.922838050341548,0,0.0,0,5
base_original,C2,1035,1882,1878,78.25,99.7874601487779,0.248734858154822,3.571283287401699,0.0,0,0.0,100,0.3464963718714231,3.031649005909761e-15,0,26350.0,27.853999999999434,4.286805555555579,47.06130612628765,37.64504001704853,9.416266109239146,79.99149007048202,59.468380943000746,37.64504001704853,0.0,32.68146258769977,1.5,3,1.5158245029548804e-14,307,29.64169381107492,532,2635
base_original,C3,1035,1882,1878,78.25,99.7874601487779,0.2481893423594867,3.571283287401699,0.0,0,0.0,100,0.3463327392370765,0.0,0,25800.0,27.743999999999446,4.279166666666689,47.12021387465242,37.527174911566256,9.593038963086212,79.64135097390424,59.468380943000746,37.527174911566256,0.0,32.722370746286444,1.5,3,0.0,355,55.774647887323944,514,2580
base_original,C4,1035,1882,1878,78.25,99.7874601487779,0.24813338596349363,3.571283287401699,0.0,0,0.0,100,0.3477689623151598,0.0,0,25940.0,27.771999999999444,4.281111111111134,46.60317356654244,37.556243087903965,9.046930478638505,80.58730814604118,59.468380943000746,37.556243087903965,0.0,32.3633149767656,1.5,3,0.0,312,51.60256410256411,515,2594
base_original,C1,1036,1834,1832,76.33333333333333,99.89094874591058,10.227197152200464,165.9703525246922,8.709509530774461,0,22.73718647764449,100,0.42150250809311657,30.024544127893435,0,50.0,22.017999999999944,3.8215277777777676,24.859097086478027,17.536049589943776,7.323047496534251,70.54178005315573,19.744880636751937,0.0,17.536049589943776,17.263261865609742,0.0,0,150.1227206394672,0,0.0,0,5
base_original,C2,1036,1834,1832,76.33333333333333,99.89094874591058,0.2577089658041034,3.433263114628183,0.0,0,0.0,100,0.3536611853712094,0.0,0,26170.0,27.241999999999457,4.184305555555578,49.28197326636464,38.513771812166524,10.768201454198147,78.14981677783689,50.613259654779085,38.513771812166524,0.0,34.22359254608654,1.5,3,0.0,373,32.43967828418231,503,2617
base_original,C3,1036,1834,1832,76.33333333333333,99.89094874591058,0.25736539131084196,3.433263114628183,0.0,0,0.0,100,0.35469404025590856,3.789561257387201e-16,0,25670.0,27.14199999999947,4.177361111111132,48.91014550787294,38.40682736772207,10.503318140150913,78.52527725876388,51.19420521411988,38.40682736772207,0.0,33.96537882491177,1.5,3,1.8947806286936005e-15,374,59.893048128342244,502,2567
base_original,C4,1036,1834,1832,76.33333333333333,99.89094874591058,0.2572172673461134,3.433263114628183,0.0,0,0.0,100,0.3557259759649582,0.0,0,25970.0,27.20199999999946,4.1815277777777995,48.538648652615066,38.47099403438875,10.067654618226353,79.2584777333229,51.19420521411988,38.47099403438875,0.0,33.707394897649344,1.5,3,0.0,345,51.8840579710145,502,2597
base_original,C1,1037,1764,1758,73.25,99.65986394557824,6.609865192816624,190.46517092567737,5.425982191265587,0,17.68707482993197,100,0.45366998027878325,23.897910409424075,0,50.0,21.177999999999972,3.675694444444435,20.278807099638016,17.54174342137654,2.737063678261476,86.5028368541938,19.73572673498166,0.0,17.54174342137654,14.082504930304179,0.0,0,119.48955204712038,0,0.0,0,5
base_original,C2,1037,1764,1758,73.25,99.65986394557824,0.15205675423302584,3.801387588239595,0.0,0,0.0,100,0.3810422079833466,0.0,0,26170.0,26.401999999999497,4.038472222222245,46.424805125995206,36.87744102115031,9.547364104844961,79.43477828515661,59.228988802585704,36.87744102115031,0.0,32.23944800416337,1.5,3,0.0,281,39.8576512455516,450,2617
base_original,C3,1037,1764,1758,73.25,99.65986394557824,0.15217438898840682,3.801387588239595,0.0,0,0.0,100,0.38082861536574136,0.0,0,26060.0,26.379999999999498,4.036944444444467,46.50169846833312,36.85391324337254,9.647785224960645,79.25283260023167,59.228988802585704,36.85391324337254,0.0,32.292846158564686,1.5,3,0.0,297,60.26936026936027,462,2606
base_original,C4,1037,1764,1758,73.25,99.65986394557824,0.1521775292401288,3.801387588239595,0.0,0,0.0,100,0.3819254986470126,0.0,0,26230.0,26.413999999999493,4.039305555555578,46.10682048707545,36.88999723436807,9.21682325270747,80.00984853143144,59.228988802585704,36.88999723436807,0.0,32.01862533824685,1.5,3,0.0,292,55.821917808219176,460,2623
base_original,C1,1038,1822,1815,75.625,99.61580680570802,6.220884893164851,171.38514550814836,5.074986322325299,0,16.630076838638864,100,0.41690194481328613,24.72534991873331,0,60.0,21.87599999999995,3.796666666666656,27.715299867217006,21.064117079731542,6.65118278748546,76.00176502021974,19.676189421127788,0.0,21.064117079731542,19.246736018900698,0.0,0,123.62674959366656,0,0.0,0,6
base_original,C2,1038,1822,1817,75.70833333333333,99.72557628979143,0.18603015355045222,3.498125531328333,0.0,0,0.0,100,0.3582173872697242,0.0,0,27100.0,27.283999999999445,4.172222222222248,48.84174058289929,38.6776056485613,10.164134934338044,79.18965455973796,51.35831765260267,38.6776056485613,0.0,33.91787540479119,1.5,3,0.0,276,32.608695652173914,538,2710
base_original,C3,1038,1822,1817,75.70833333333333,99.72557628979143,0.18603094047850977,3.498125531328333,0.0,0,0.0,100,0.35900328529194536,0.0,0,26650.0,27.193999999999452,4.165972222222246,48.55881729489967,38.581736095478064,9.977081199421635,79.45361572784941,52.912856087794665,38.581736095478064,0.0,33.72140089923588,1.5,3,0.0,300,51.33333333333333,522,2665
base_original,C4,1038,1822,1817,75.70833333333333,99.72557628979143,0.18611782122443152,3.498125531328333,0.0,0,0.0,100,0.35936390376067795,0.0,0,26840.0,27.231999999999445,4.168611111111137,48.42899464615593,38.62237498436697,9.806619661789012,79.75051984159379,52.912856087794665,38.62237498436697,0.0,33.63124628205273,1.5,3,0.0,281,49.46619217081851,527,2684
base_original,C1,1039,1733,1728,72.0,99.71148297749566,8.989325557032345,185.9633309064462,7.7048728437243375,0,19.042123485285632,100,0.44814178382950987,38.94106314724272,0,50.0,20.805999999999987,3.611111111111102,25.36895782137643,17.54054094734547,7.82841687403096,69.14174823754657,19.70357554911466,0.0,17.54054094734547,17.617331820400295,0.0,0,194.70531573621363,0,0.0,0,5
base_original,C2,1039,1733,1728,72.0,99.71148297749566,0.2081212871486935,3.034722241599472,0.0,0,0.0,100,0.3976118741041959,0.0,0,24570.0,25.70999999999953,3.9516666666666875,43.5597253224895,34.47969165936228,9.080033663127267,79.15497952316224,61.16267083197163,34.47969165936228,0.0,30.24980925172884,1.5,3,0.0,207,33.81642512077295,447,2457
base_original,C3,1039,1733,1728,72.0,99.71148297749566,0.20786026221169535,3.034722241599472,0.0,0,0.0,100,0.3978120419564465,0.0,0,24170.0,25.629999999999537,3.9461111111111324,43.48766489567925,34.394250824978755,9.093414070700582,79.08967038696075,64.37585505340803,34.394250824978755,0.0,30.199767288666173,1.5,3,0.0,233,64.37768240343348,430,2417
base_original,C4,1039,1733,1728,72.0,99.71148297749566,0.20803555645603256,3.034722241599472,0.0,0,0.0,100,0.3986351401018017,0.0,0,24270.0,25.649999999999537,3.947500000000021,43.191349563351395,34.42286131439034,8.768488248961114,79.69850829481543,64.37585505340803,34.42286131439034,0.0,29.993992752327376,1.5,3,0.0,217,51.1520737327189,428,2427
base_original,C1,1040,1796,1792,74.66666666666667,99.77728285077951,5.22775669517813,129.76546804179512,4.109380006151977,0,16.146993318485524,100,0.4471088652041765,19.912247760170576,0,50.0,21.56199999999996,3.7423611111111015,19.44080852649647,17.54181756293177,1.8989909635647018,90.23193422754765,19.727775689372585,0.0,17.54181756293177,13.500561476733658,0.0,0,99.56123880085288,0,0.0,0,5
base_original,C2,1040,1796,1792,74.66666666666667,99.77728285077951,0.25644659184660984,4.120546336237385,0.0,0,0.0,100,0.3742483211428152,0.0,0,25330.0,26.617999999999498,4.0934722222222435,45.670604388586526,35.8191299401234,9.851474448463131,78.42928820332168,55.33200204815262,35.8191299401234,0.0,31.715697492073993,1.5,3,0.0,239,38.07531380753138,500,2533
base_original,C3,1040,1796,1792,74.66666666666667,99.77728285077951,0.25614019956822237,4.120546336237385,0.0,0,0.0,100,0.3748078203129156,9.473903143468003e-17,0,24960.0,26.543999999999503,4.088333333333354,45.469184687350406,35.74000068947356,9.72918399787686,78.60268649025606,56.17700204815262,35.74000068947356,0.0,31.575822699548873,1.5,3,4.736951571734001e-16,271,60.88560885608856,497,2496
base_original,C4,1040,1796,1792,74.66666666666667,99.77728285077951,0.2563295782078782,4.120546336237385,0.0,0,0.0,100,0.3764438415732378,0.0,0,24970.0,26.5459999999995,4.088472222222243,44.88021703363439,35.74213957836245,9.138077455271972,79.63896331333774,56.17700204815262,35.74213957836245,0.0,31.166817384468324,1.5,3,0.0,255,51.76470588235295,490,2497
base_original,C1,1041,1796,1792,74.66666666666667,99.77728285077951,2.3073806661100615,127.07041015092157,1.41796579010976,0,10.189309576837413,100,0.4400839940558045,8.78980543081377,0,50.0,21.56199999999996,3.742361111111101,21.9697621399104,17.54786611083164,4.421896029078759,79.87280881368343,19.726970598149762,0.0,17.54786611083164,15.256779263826667,0.0,0,43.94902715406885,0,0.0,0,5
base_original,C2,1041,1796,1792,74.66666666666667,99.77728285077951,0.15944661672393917,2.1736183150152404,0.0,0,0.0,100,0.37585099489411833,4.7369515717340015e-17,0,25680.0,26.687999999999484,4.098333333333356,45.09364183811741,35.67201575901898,9.42162607909848,79.10653099849128,61.57843067029657,35.67201575901898,0.0,31.315029054248217,1.5,3,2.3684757858670006e-16,240,33.75,472,2568
base_original,C3,1041,1796,1792,74.66666666666667,99.77728285077951,0.15943936199460332,2.1736183150152404,0.0,0,0.0,100,0.3758631992754289,2.3684757858670008e-17,0,25390.0,26.62999999999949,4.094305555555578,45.08924826084561,35.56467811036035,9.524570150485303,78.8761833078593,62.00593884176381,35.56467811036035,0.0,31.311977958920593,1.5,3,1.1842378929335003e-16,258,62.7906976744186,459,2539
base_original,C4,1041,1796,1792,74.66666666666667,99.77728285077951,0.15966123415501843,2.1736183150152404,0.0,0,0.0,100,0.3770748356392402,0.0,0,25400.0,26.631999999999486,4.094444444444466,44.65305916987352,35.565525326355726,9.087533843517825,79.64857500816211,62.00593884176381,35.565525326355726,0.0,31.009068867967738,1.5,3,0.0,246,52.84552845528455,466,2540
base_original,C1,1042,1809,1806,75.25,99.83416252072969,4.796782164758571,138.92491748709836,3.750479140610831,0,15.8098396904367,100,0.4373858134443447,20.561897583863296,0,50.0,21.717999999999954,3.769444444444434,21.641107160035922,17.555214374530813,4.085892785505109,81.11976085470145,19.698312324074273,0.0,17.555214374530813,15.028546638913836,0.0,0,102.80948791931648,0,0.0,0,5
base_original,C2,1042,1809,1806,75.25,99.83416252072969,0.19012389145780162,2.727920961702815,0.0,0,0.0,100,0.365693797311939,0.0,0,26520.0,27.01199999999946,4.137083333333358,47.45023296770195,37.73676993008692,9.713463037615119,79.52915627574113,55.213776095079524,37.73676993008692,0.0,32.95155067201525,1.5,3,0.0,304,45.723684210526315,533,2652
base_original,C3,1042,1809,1806,75.25,99.83416252072969,0.1903427756557678,2.727920961702815,0.0,0,0.0,100,0.36430871075967225,0.0,0,26410.0,26.989999999999462,4.13555555555558,47.94886412651798,37.713242152309135,10.23562197420893,78.65304598832391,55.4954427617462,37.713242152309135,0.0,33.29782231008193,1.5,3,0.0,347,55.907780979827095,536,2641
base_original,C4,1042,1809,1806,75.25,99.83416252072969,0.19009535156618318,2.727920961702815,0.0,0,0.0,100,0.36640825990624154,0.0,0,26380.0,26.98399999999946,4.135138888888912,47.19302643375303,37.70682548564246,9.486200948110657,79.89914683385102,55.4954427617462,37.70682548564246,0.0,32.772935023439615,1.5,3,0.0,329,55.319148936170215,521,2638
base_original,C1,1043,1771,1770,73.75,99.94353472614343,5.604288654516405,173.98410813494908,4.448061928234624,0,17.052512704686617,100,0.445937631223648,16.217677437494007,0,50.0,21.26199999999997,3.6902777777777684,22.362452759486715,17.53846637620373,4.8239863832829855,78.42818748387728,19.768686776589462,0.0,17.53846637620373,15.52948108297689,0.0,0,81.08838718747005,0,0.0,0,5
base_original,C2,1043,1771,1770,73.75,99.94353472614343,0.16386696086209765,2.4784964020955766,0.0,0,0.0,100,0.3753692633812381,0.0,0,26030.0,26.4579999999995,4.0511111111111315,47.767065182754266,37.85811975305069,9.908945429703637,79.25569554714639,51.007361875792036,37.85811975305069,0.0,33.171573043579386,1.5,3,0.0,327,34.862385321100916,480,2603
base_original,C3,1043,1771,1770,73.75,99.94353472614343,0.16369530557221182,2.4784964020955766,0.0,0,0.0,100,0.3759137900264311,0.0,0,25600.0,26.37199999999951,4.04513888888891,47.571035590484804,37.769903850053744,9.801131740431131,79.39685016570989,53.01914672182566,37.769903850053744,0.0,33.035441382281135,1.5,3,0.0,321,61.059190031152646,470,2560
base_original,C4,1043,1771,1770,73.75,99.94353472614343,0.16361836273780705,2.4784964020955766,0.0,0,0.0,100,0.3775032931220024,0.0,0,25620.0,26.375999999999504,4.0454166666666875,46.99881447607914,37.774957466003286,9.2238570100759,80.37427728146102,52.81711188256075,37.774957466003286,0.0,32.638065608388295,1.5,3,0.0,308,50.649350649350644,474,2562
base_original,C1,1044,1807,1801,75.04166666666667,99.66795794133924,2.3506140066443417,133.16647842307586,1.4043567867362883,0,10.459324847814056,100,0.41502208000897073,8.914919147731101,0,70.0,21.697999999999954,3.7655555555555456,29.892051196770534,24.539917265223934,5.352133931546599,82.09512657289697,19.822109676934296,0.0,24.539917265223934,20.758368886646203,0.0,0,44.5745957386555,0,0.0,0,7
base_original,C2,1044,1807,1803,75.125,99.77863862755949,0.21095763401436324,4.22500961074802,0.0,0,0.0,100,0.36878305696124153,0.0,0,26000.0,26.88399999999947,4.125694444444467,46.53809949395307,37.02913948744662,9.508960006506488,79.56736499791532,47.16871487602282,37.02913948744662,0.0,32.318124648578554,1.5,3,0.0,291,23.02405498281787,480,2600
base_original,C3,1044,1807,1803,75.125,99.77863862755949,0.2108731927769813,4.22500961074802,0.0,0,0.0,100,0.3696119759877129,0.0,0,25420.0,26.767999999999482,4.117638888888911,46.23968864442338,36.91916726522439,9.320521379199029,79.8430273809314,50.328336721628276,36.91916726522439,0.0,32.11089489196068,1.5,3,0.0,309,46.92556634304207,465,2542
base_original,C4,1044,1807,1803,75.125,99.77863862755949,0.210715797913981,4.22500961074802,0.0,0,0.0,100,0.368808769034719,0.0,0,25800.0,26.843999999999472,4.122916666666689,46.52884314750115,37.000445043002195,9.52839810449903,79.52152372606177,50.328336721628276,37.000445043002195,0.0,32.31169663020916,1.5,3,0.0,313,38.977635782747605,475,2580
base_original,C1,1045,1775,1772,73.83333333333333,99.83098591549296,3.6646557309831658,152.6488325713211,2.7528117680551283,0,12.33802816901408,100,0.44558180243140777,16.691134042051367,0,50.0,21.309999999999967,3.6986111111111017,22.090551124693214,17.543467056127003,4.547084068566214,79.4161583253421,19.69491076660811,0.0,17.543467056127003,15.340660503259176,0.0,0,83.45567021025684,0,0.0,0,5
base_original,C2,1045,1775,1772,73.83333333333333,99.83098591549296,0.1575191859422871,2.5542658067541195,0.0,0,0.0,100,0.3817415633285891,0.0,0,25760.0,26.45199999999948,4.055694444444468,45.07303720170793,35.675300389460844,9.397736812247151,79.14998101816182,59.028697989535,35.675300389460844,0.0,31.30072027896388,1.5,3,0.0,236,32.6271186440678,486,2576
base_original,C3,1045,1775,1772,73.83333333333333,99.83098591549296,0.15715826567971894,2.5542658067541195,0.0,0,0.0,100,0.38197315505160023,0.0,0,25170.0,26.33399999999949,4.0475000000000225,44.989664181423926,35.54910594501639,9.440558236407579,79.01616202704285,59.028697989535,35.54910594501639,0.0,31.24282234821106,1.5,3,0.0,246,51.6260162601626,474,2517
base_original,C4,1045,1775,1772,73.83333333333333,99.83098591549296,0.15745178787431835,2.5542658067541195,0.0,0,0.0,100,0.3831367530813243,0.0,0,25360.0,26.37199999999949,4.050138888888911,44.57076889072323,35.589744833905286,8.981024056818008,79.84996830806924,59.028697989535,35.589744833905286,0.0,30.951922840780043,1.5,3,0.0,246,41.05691056910569,470,2536
base_original,C1,1046,1848,1839,76.625,99.51298701298701,2.0059875530837905,167.19730082565573,1.0733245438187413,0,7.57575757575758,100,0.40453738677037093,10.921908514038103,0,60.0,22.18799999999994,3.850833333333323,29.566540762666445,21.055455911410384,8.511084851256062,71.21379562264187,19.71268106411389,0.0,21.055455911410384,20.53231997407392,0.0,0,54.609542570190506,0,0.0,0,6
base_original,C2,1046,1848,1845,76.875,99.83766233766234,0.2512561262660468,3.5169423944139755,0.0,0,0.0,100,0.3559991703064252,2.3684757858670008e-17,0,25500.0,27.275999999999474,4.204166666666687,47.040298689686956,37.589133230833525,9.451165458853465,79.90836427038782,52.59461985063807,37.589133230833525,0.0,32.66687409006041,1.5,3,1.1842378929335003e-16,319,32.9153605015674,504,2550
base_original,C3,1046,1848,1845,76.875,99.83766233766234,0.2514448381177829,3.5169423944139755,0.0,0,0.0,100,0.3550082296999558,0.0,0,25150.0,27.20599999999948,4.199305555555576,47.39703730801595,37.50822678148569,9.888810526530264,79.13622646439585,52.59461985063807,37.50822678148569,0.0,32.91460924167773,1.5,3,0.0,350,56.57142857142857,498,2515
base_original,C4,1046,1848,1845,76.875,99.83766233766234,0.2513076472175828,3.5169423944139755,0.0,0,0.0,100,0.3563563077082141,2.3684757858670008e-17,0,25250.0,27.22599999999948,4.200694444444465,46.91172922504298,37.53808662712712,9.373642597915865,80.0185523902796,52.59461985063807,37.53808662712712,0.0,32.57758973961316,1.5,3,1.1842378929335003e-16,325,51.69230769230769,508,2525
base_original,C1,1047,1833,1832,76.33333333333333,99.94544462629568,2.9952465418443066,133.44532808668882,2.0016061492240067,0,13.8025095471904,100,0.43322425957460187,12.443561928712684,0,50.0,22.005999999999947,3.819444444444434,20.739266553143317,17.537029031141778,3.2022375220015418,84.55954305907603,19.776834644151688,0.0,17.537029031141778,14.40226843968286,0.0,0,62.21780964356343,0,0.0,0,5
base_original,C2,1047,1833,1832,76.33333333333333,99.94544462629568,0.23322178564378357,3.396366533335701,0.0,0,0.0,100,0.3591067284770958,0.0,0,25740.0,27.143999999999465,4.176250000000022,47.421577748245525,37.284167920031166,10.137409828214372,78.62279091169754,55.51404643857708,37.284167920031166,0.0,32.93165121405941,1.5,3,0.0,300,36.666666666666664,459,2574
base_original,C3,1047,1833,1832,76.33333333333333,99.94544462629568,0.23335607950764553,3.396366533335701,0.0,0,0.0,100,0.35995316166736513,0.0,0,25200.0,27.03599999999948,4.1687500000000215,47.11686179974856,37.15319118103329,9.963670618715314,78.85328046451421,59.76332268222632,37.15319118103329,0.0,32.72004291649206,1.5,3,0.0,317,59.93690851735016,448,2520
base_original,C4,1047,1833,1832,76.33333333333333,99.94544462629568,0.23329653694544522,3.396366533335701,0.0,0,0.0,100,0.3629981097225914,0.0,0,25140.0,27.023999999999482,4.167916666666688,46.0206804998671,37.13402533128671,8.88665516858045,80.68986579065025,58.61237977191044,37.13402533128671,0.0,31.95880590268552,1.5,3,0.0,275,56.36363636363636,459,2514
base_original,C1,1048,1803,1796,74.83333333333333,99.61175818080976,1.4789359701399465,191.27349973371116,0.6215813432107549,0,8.430393788130896,100,0.4064355689853363,9.895936843764867,0,60.0,21.647999999999957,3.7570833333333233,33.38319516527893,21.052984344600674,12.330210820678252,63.064617512997636,19.695243371989,0.0,21.052984344600674,23.18277442033259,0.0,0,49.47968421882433,0,0.0,0,6
base_original,C2,1048,1803,1797,74.875,99.66722129783693,0.24265780758638814,4.403988043997136,0.0,0,0.0,100,0.37108849893348683,0.0,0,25790.0,26.793999999999482,4.114444444444467,46.10814038394473,36.682749980853536,9.425390403091237,79.55807732733199,49.29168169801886,36.682749980853536,0.0,32.019541933294974,1.5,3,0.0,255,29.80392156862745,495,2579
base_original,C3,1048,1803,1797,74.875,99.66722129783693,0.2428131838705362,4.403988043997136,0.0,0,0.0,100,0.3708985137830417,0.0,0,25310.0,26.697999999999485,4.1077777777778,46.176535038105015,36.58073511262883,9.595799925476236,79.21931578981034,53.468304068030605,36.58073511262883,0.0,32.06703822090626,1.5,3,0.0,294,60.544217687074834,488,2531
base_original,C4,1048,1803,1797,74.875,99.66722129783693,0.24279599297998838,4.403988043997136,0.0,0,0.0,100,0.3725593213646371,0.0,0,25170.0,26.66999999999949,4.105833333333354,45.578644308730645,36.5514254038399,9.02721890489078,80.19419172772199,53.468304068030605,36.5514254038399,0.0,31.65183632550742,1.5,3,0.0,263,54.372623574144484,475,2517
base_original,C1,1049,1838,1831,76.29166666666667,99.61915125136017,1.6173446339771085,112.2333766307506,0.760233089367572,0,7.508161044613715,100,0.4317443097199657,6.267067603538114,0,50.0,22.065999999999942,3.829861111111101,20.772048500812332,17.551681957272802,3.2203665435395292,84.49663477623022,19.67745283414839,0.0,17.551681957272802,14.425033681119675,0.0,0,31.335338017690567,0,0.0,0,5
base_original,C2,1049,1838,1831,76.29166666666667,99.61915125136017,0.28661307787568413,4.730436417888753,0.0,0,0.0,100,0.3594640708674848,0.0,0,25150.0,27.085999999999476,4.178472222222245,46.792934487705466,37.04392830663808,9.749006181067445,79.16564479701765,56.56719159722241,37.04392830663808,0.0,32.495093394239916,1.5,3,0.0,331,28.09667673716012,470,2515
base_original,C3,1049,1838,1831,76.29166666666667,99.61915125136017,0.28705704768262824,4.730436417888753,0.0,0,0.0,100,0.35960338059271846,1.1842378929335004e-17,0,24740.0,27.00399999999948,4.1727777777777995,46.74278298662135,36.95574454413379,9.787038442487615,79.06192610463782,57.39162465611704,36.95574454413379,0.0,32.460265962931516,1.5,3,5.921189464667501e-17,343,62.390670553935855,457,2474
base_original,C4,1049,1838,1831,76.29166666666667,99.61915125136017,0.286877968787694,4.730436417888753,0.0,0,0.0,100,0.3616113206074526,0.0,0,24770.0,27.00999999999948,4.173194444444467,46.01992458131707,36.96265052886031,9.05727405245681,80.31879857505506,57.39162465611704,36.96265052886031,0.0,31.95828095924799,1.5,3,0.0,316,57.59493670886076,456,2477
base_original,C1,1050,1791,1787,74.45833333333333,99.77666108319376,1.0439198563042684,111.74988251323848,0.4516246075619356,0,5.025125628140703,100,0.4308106023244457,5.29590327039298,0,60.0,21.503999999999962,3.7320833333333234,25.808183163199544,21.049165137766224,4.759018025433322,81.56004242786331,19.74278689963278,0.0,21.049165137766224,17.922349418888572,0.0,0,26.479516351964897,0,0.0,0,6
base_original,C2,1050,1791,1788,74.5,99.83249581239531,0.20879572550191056,3.6228321037198232,0.0,0,0.0,100,0.372564878102284,0.0,0,25720.0,26.635999999999495,4.088472222222243,46.77664388317776,37.16694137405982,9.609702509117977,79.45619499099234,50.00394488147063,37.16694137405982,0.0,32.483780474429004,1.5,3,0.0,280,38.57142857142858,494,2572
base_original,C3,1050,1791,1788,74.5,99.83249581239531,0.20873993824719692,3.6228321037198232,0.0,0,0.0,100,0.37211988560844783,0.0,0,25550.0,26.6019999999995,4.086111111111132,46.936841180958766,37.169853302550415,9.766987878408372,79.19121178020262,52.51466335847892,37.169853302550415,0.0,32.595028597888046,1.5,3,0.0,291,58.075601374570454,490,2555
base_original,C4,1050,1791,1788,74.5,99.83249581239531,0.20822398703828526,3.6228321037198232,0.0,0,0.0,100,0.37567087016718065,0.0,0,25290.0,26.549999999999503,4.082500000000021,45.65848673981497,37.09583376280286,8.562652977012142,81.24630580552,52.51466335847892,37.09583376280286,0.0,31.707282458204862,1.5,3,0.0,277,49.458483754512635,472,2529
base_original,C1,1051,1813,1810,75.41666666666667,99.83452840595697,3.6435833081930245,163.63371932061418,2.436973300106036,0,17.043574186431332,100,0.4389412504638928,17.193204286447653,0,50.0,21.765999999999952,3.777777777777768,20.681149832998585,17.539183900314324,3.1419659326842613,84.80758585448194,19.749374658065623,0.0,17.539183900314324,14.361909606249014,0.0,0,85.96602143223826,0,0.0,0,5
base_original,C2,1051,1813,1810,75.41666666666667,99.83452840595697,0.2451520553851567,4.069184047999564,0.0,0,0.0,100,0.3640336077591061,0.0,0,25430.0,26.84199999999948,4.1302777777778,47.64790120672181,37.7038692090956,9.944031997626276,79.13017835878281,52.18524566022224,37.7038692090956,0.0,33.08882028244574,1.5,3,0.0,304,32.56578947368421,476,2543
base_original,C3,1051,1813,1810,75.41666666666667,99.83452840595697,0.2451204568146522,4.069184047999564,0.0,0,0.0,100,0.36481118176299854,0.0,0,25020.0,26.759999999999486,4.124583333333355,47.367974565320516,37.60819576172453,9.759778803596054,79.39582831404954,55.431016223318075,37.60819576172453,0.0,32.89442678147263,1.5,3,0.0,297,59.93265993265994,465,2502
base_original,C4,1051,1813,1810,75.41666666666667,99.83452840595697,0.24521270893293742,4.069184047999564,0.0,0,0.0,100,0.3665683533613078,0.0,0,25120.0,26.779999999999486,4.125972222222244,46.73539278992919,37.64342793784945,9.091964852079807,80.54586832521726,54.715908935795845,37.64342793784945,0.0,32.45513388189531,1.5,3,0.0,295,57.28813559322033,469,2512
base_original,C1,1052,1855,1845,76.875,99.46091644204851,2.243320656803263,121.45689548102527,1.210540588455256,0,13.746630727762799,100,0.42299319537583335,6.992072833468847,0,50.0,22.269999999999932,3.865277777777768,22.222449664699997,17.529698731893102,4.692750932806893,78.88283693466408,19.819625420242858,0.0,17.529698731893102,15.432256711597216,0.0,0,34.96036416734423,0,0.0,0,5
base_original,C2,1052,1855,1845,76.875,99.46091644204851,0.24405232199483756,4.2955603964897815,0.0,0,0.0,100,0.3566057624337702,0.0,0,25400.0,27.339999999999456,4.217361111111133,46.12192552384273,36.76624457805658,9.355680945786213,79.71532879530425,56.41033509720699,36.76624457805658,0.0,32.02911494711303,1.5,3,0.0,280,43.214285714285715,495,2540
base_original,C3,1052,1855,1845,76.875,99.46091644204851,0.2444684787934804,4.2955603964897815,0.0,0,0.0,100,0.35704236015870294,0.0,0,25020.0,27.263999999999463,4.2120833333333545,45.96475034286695,36.695114051075066,9.269636291791931,79.83316297239415,57.861446208318114,36.695114051075066,0.0,31.91996551587984,1.5,3,0.0,285,52.63157894736842,489,2502
base_original,C4,1052,1855,1845,76.875,99.46091644204851,0.24433662454197275,4.2955603964897815,0.0,0,0.0,100,0.35773785202441083,0.0,0,25260.0,27.311999999999458,4.215416666666689,45.71437327121209,36.74560424086882,8.968769030343307,80.38085532282423,57.387676637910324,36.74560424086882,0.0,31.74609254945286,1.5,3,0.0,295,48.47457627118644,501,2526
base_original,C1,1053,1807,1801,75.04166666666667,99.66795794133924,1.9669279170802474,147.65004062270938,1.0537198422827911,0,11.676812396236858,100,0.4419606104582117,13.287728263936394,0,50.0,21.693999999999953,3.7652777777777677,20.1941802350438,17.54711176235037,2.6470684726934315,86.8919240994994,19.709220715142084,0.0,17.54711176235037,14.02373627433597,0.0,0,66.43864131968196,0,0.0,0,5
base_original,C2,1053,1807,1801,75.04166666666667,99.66795794133924,0.19268524669258194,3.9026234114899125,0.0,0,0.0,100,0.3704155536222473,0.0,0,25550.0,26.793999999999492,4.119444444444467,45.95040069599095,36.270082134268115,9.680318561722883,78.93311393350392,53.46440928454127,36.270082134268115,0.0,31.91000048332708,1.5,3,0.0,253,35.573122529644266,445,2555
base_original,C3,1053,1807,1801,75.04166666666667,99.66795794133924,0.19245532116943093,3.9026234114899125,0.0,0,0.0,100,0.37056271678362485,0.0,0,25090.0,26.701999999999494,4.113055555555577,45.89742195789503,36.17171186580703,9.725710092088034,78.80989895029381,54.109923001516194,36.17171186580703,0.0,31.873209692982666,1.5,3,0.0,291,54.29553264604811,434,2509
base_original,C4,1053,1807,1801,75.04166666666667,99.66795794133924,0.19268131768520916,3.9026234114899125,0.0,0,0.0,100,0.37265404363704074,0.0,0,25010.0,26.685999999999492,4.111944444444466,45.14454429066533,36.153666146578374,8.990878144086999,80.0842421042092,54.109923001516194,36.153666146578374,0.0,31.350377979628732,1.5,3,0.0,255,56.07843137254902,427,2501
base_original,C1,1054,1735,1732,72.16666666666667,99.82708933717579,0.805926313618767,89.44841368366457,0.31063552760960145,0,3.112391930835734,100,0.46241378781251186,0.0,0,50.0,20.829999999999988,3.6152777777777683,20.031036387495735,17.541767869741868,2.489268517753865,87.57294196066769,19.75879192401846,0.0,17.541767869741868,13.910441935760922,0.0,0,0.0,0,0.0,0,5
base_original,C2,1054,1735,1732,72.16666666666667,99.82708933717579,0.20262712176464936,3.6565313257327032,0.0,0,0.0,100,0.3930348910319869,0.0,0,24600.0,25.739999999999533,3.9562500000000203,45.007439228484714,35.97474009196459,9.03269913652019,79.93065304012359,50.42488090338366,35.97474009196459,0.0,31.255166130892206,1.5,3,0.0,280,33.214285714285715,418,2460
base_original,C3,1054,1735,1732,72.16666666666667,99.82708933717579,0.2036032280706562,3.6565313257327032,0.0,0,0.0,100,0.3922610891322768,0.0,0,24660.0,25.751999999999526,3.9570833333333537,45.286007912380356,35.987573425297946,9.298434487082494,79.46731249733233,50.42488090338366,35.987573425297946,0.0,31.448616605819737,1.5,3,0.0,279,51.971326164874554,436,2466
base_original,C4,1054,1735,1732,72.16666666666667,99.82708933717579,0.20272317429298625,3.6565313257327032,0.0,0,0.0,100,0.3945222794210672,0.0,0,24660.0,25.751999999999526,3.957083333333354,44.471979408415834,35.987573425297924,8.48440598311796,80.92190611710814,50.41572731552837,35.987573425297924,0.0,30.88331903362213,1.5,3,0.0,276,43.11594202898551,435,2466
base_original,C1,1055,1801,1797,74.875,99.77790116601888,4.24575723240676,188.50207834159835,3.015929469796846,0,17.15713492504164,100,0.4064094435437351,3.397605101180476,0,60.0,21.623999999999956,3.752916666666657,33.59260032425537,21.06176353400462,12.530836790250753,62.69762784275166,19.70617503570211,0.0,21.06176353400462,23.328194669621787,0.0,0,16.98802550590238,0,0.0,0,6
base_original,C2,1055,1801,1798,74.91666666666667,99.83342587451416,0.17076455868353166,2.7264503273485086,0.0,0,0.0,100,0.3660050279012115,4.7369515717340015e-17,0,26060.0,26.823999999999483,4.1140277777778,48.138189955563846,38.064531065262244,10.07365889030167,79.07345727041138,49.390627806610645,38.064531065262244,0.0,33.429298580252706,1.5,3,2.3684757858670006e-16,276,38.04347826086957,508,2606
base_original,C3,1055,1801,1798,74.91666666666667,99.83342587451416,0.17057163672160852,2.7264503273485086,0.0,0,0.0,100,0.36588017555693453,1.5631940186722204e-15,0,25750.0,26.76199999999949,4.109722222222245,48.183136799503544,38.006319089560684,10.176817709942942,78.87888089916197,49.84956859948356,38.006319089560684,0.0,33.46051166632192,1.5,3,7.815970093361103e-15,276,51.81159420289855,492,2575
base_original,C4,1055,1801,1798,74.91666666666667,99.83342587451416,0.1704490374693937,2.7264503273485086,0.0,0,0.0,100,0.3685253689943143,4.7369515717340015e-17,0,25620.0,26.735999999999486,4.1079166666666875,47.23086716204682,37.97041995415114,9.260447207895751,80.39323060463079,49.610679710594674,37.97041995415114,0.0,32.79921330697699,1.5,3,2.3684757858670006e-16,262,47.32824427480916,488,2562
base_original,C1,1056,1733,1730,72.08333333333333,99.8268897864974,1.0427217798607897,111.76403682196566,0.41438159789263024,0,4.443162146566648,100,0.458463203141448,5.866796539609568,0,50.0,20.805999999999987,3.611111111111102,21.6532468690787,17.531225567634603,4.122021301444098,80.96349556088776,19.83433983007129,0.0,17.531225567634603,15.036976992415763,0.0,0,29.33398269804784,0,0.0,0,5
base_original,C2,1056,1733,1730,72.08333333333333,99.8268897864974,0.17977110714545752,3.086247008338978,0.0,0,0.0,100,0.3929759600256385,0.0,0,24570.0,25.709999999999532,3.9516666666666884,45.22865439077015,35.338114456523996,9.890539934246231,78.13213754096446,53.63574439153101,35.338114456523996,0.0,31.4087877713682,1.5,3,0.0,278,19.784172661870503,407,2457
base_original,C3,1056,1733,1730,72.08333333333333,99.8268897864974,0.17983827370134814,3.086247008338978,0.0,0,0.0,100,0.39321851491780796,0.0,0,24310.0,25.657999999999532,3.9480555555555767,45.141334629589124,35.28056960958085,9.860765020008355,78.15579645369021,53.63574439153101,35.28056960958085,0.0,31.348149048325837,1.5,3,0.0,269,52.78810408921933,402,2431
base_original,C4,1056,1733,1730,72.08333333333333,99.8268897864974,0.18017018642591706,3.086247008338978,0.0,0,0.0,100,0.39489894792066627,0.0,0,24270.0,25.649999999999533,3.947500000000021,44.536378748560196,35.273947789857324,9.26243095870295,79.20255032184826,53.63574439153101,35.273947789857324,0.0,30.92804079761131,1.5,3,0.0,262,45.41984732824427,411,2427
