scenario,strategy,throughput_mean,throughput_std,throughput_median,throughput_p5,throughput_p95,completion_rate_mean,completion_rate_std,completion_rate_median,completion_rate_p5,completion_rate_p95,mean_delay_mean,mean_delay_std,mean_delay_median,mean_delay_p5,mean_delay_p95,max_delay_mean,max_delay_std,max_delay_median,max_delay_p5,max_delay_p95,mean_tardiness_mean,mean_tardiness_std,mean_tardiness_median,mean_tardiness_p5,mean_tardiness_p95,urgent_on_time_rate_mean,urgent_on_time_rate_std,urgent_on_time_rate_median,urgent_on_time_rate_p5,urgent_on_time_rate_p95,urgent_deadline_violation_rate_mean,urgent_deadline_violation_rate_std,urgent_deadline_violation_rate_median,urgent_deadline_violation_rate_p5,urgent_deadline_violation_rate_p95,normal_deadline_violation_rate_mean,normal_deadline_violation_rate_std,normal_deadline_violation_rate_median,normal_deadline_violation_rate_p5,normal_deadline_violation_rate_p95,charging_wait_mean,charging_wait_std,charging_wait_median,charging_wait_p5,charging_wait_p95,low_soc_stops_mean,low_soc_stops_std,low_soc_stops_median,low_soc_stops_p5,low_soc_stops_p95,wpt_loss_mean,wpt_loss_std,wpt_loss_median,wpt_loss_p5,wpt_loss_p95,pad_utilization_mean,pad_utilization_std,pad_utilization_median,pad_utilization_p5,pad_utilization_p95,charging_contention_events_mean,charging_contention_events_std,charging_contention_events_median,charging_contention_events_p5,charging_contention_events_p95,different_decision_rate_C4_vs_C3_mean,different_decision_rate_C4_vs_C3_std,different_decision_rate_C4_vs_C3_median,different_decision_rate_C4_vs_C3_p5,different_decision_rate_C4_vs_C3_p95
base_original,C1,74.54166666666667,1.606371066888078,74.625,72.0375,76.7625,99.74621325107404,0.1274221828957781,99.77477220415074,99.52771355560964,99.94363958568407,3.4269761945868296,2.644207444299059,2.604300084321955,0.8753071350294042,9.670154934374807,142.24851581122385,33.40238786562185,134.7773989015402,97.83886331198838,195.52063593769893,2.4677294491812996,2.4231496922430393,1.5557604771207443,0.2798664217942058,8.257423021601904,100.0,0.0,100.0,100.0,100.0,0.0,0.0,0.0,0.0,0.0,11.941686792245916,5.8511292729609155,12.61971830985915,2.48542993522913,21.447097012332804,11.997704537343033,10.065659533901735,8.963129020070301,0.0,34.928629588535514,0.0,0.0,0.0,0.0,0.0,5.132823297132949,2.906232922514573,4.142631608665122,2.3268480442627086,12.158300031281263,16.527185992465274,2.818274218361447,15.425872007494585,13.794956185128914,22.267344063075395,0.0,0.0,0.0,0.0,0.0,0.0,0.0,0.0,0.0,0.0
base_original,C2,74.56333333333333,1.618133495441674,74.66666666666667,72.0375,76.875,99.77486335437919,0.1131253556536561,99.77728285077951,99.56161968447954,99.94428968060267,0.20494542546424177,0.03714930940401446,0.20230593679965236,0.1504938831982735,0.25714089752323127,3.4530571132386365,0.7268066305175739,3.414814823981942,2.3125100274451684,4.676392225710618,0.0,0.0,0.0,0.0,0.0,100.0,0.0,100.0,100.0,100.0,0.0,0.0,0.0,0.0,0.0,0.0,0.0,0.0,0.0,0.0,6.915949294731642e-17,4.284909767864537e-16,0.0,0.0,4.7369515717340015e-17,0.0,0.0,0.0,0.0,0.0,9.635917750077493,0.3836789330178211,9.679417027162298,9.034726848202192,10.152108636582392,32.20534590040108,1.0030774397534605,32.21381837115031,30.567243756105437,33.863274612296934,278.26,40.17909396485609,280.0,215.65,349.44999999999993,34.14318837226207,5.535441468705044,33.41936993137867,27.169351493362832,43.56181318681318
base_original,C3,74.56333333333333,1.618133495441674,74.66666666666667,72.0375,76.875,99.77486335437919,0.1131253556536561,99.77728285077951,99.56161968447954,99.94428968060267,0.20497328251566027,0.03716850958831648,0.20257234945640773,0.15065230023787496,0.25681405502666316,3.4530571132386365,0.7268066305175739,3.414814823981942,2.3125100274451684,4.676392225710618,0.0,0.0,0.0,0.0,0.0,100.0,0.0,100.0,100.0,100.0,0.0,0.0,0.0,0.0,0.0,0.0,0.0,0.0,0.0,0.0,5.542233338928782e-17,2.315615091126326e-16,0.0,0.0,2.936909974475076e-16,0.0,0.0,0.0,0.0,0.0,9.643089479401793,0.3939317450292844,9.669757971791253,9.08557303346985,10.209160055289235,32.1590289976005,1.0035512192431941,32.13686890622306,30.53787415414009,33.85558875835762,294.5,39.492830659113146,295.5,237.05,360.5,56.66879669460724,5.463857317623563,57.47423170546174,47.72210496693401,64.10583852943559
base_original,C4,74.56333333333333,1.618133495441674,74.66666666666667,72.0375,76.875,99.77486335437919,0.1131253556536561,99.77728285077951,99.56161968447954,99.94428968060267,0.20491250278603132,0.0371082880017619,0.20244041977044525,0.15076587720307746,0.25681780723390757,3.4530571132386365,0.7268066305175739,3.414814823981942,2.3125100274451684,4.676392225710618,0.0,0.0,0.0,0.0,0.0,100.0,0.0,100.0,100.0,100.0,0.0,0.0,0.0,0.0,0.0,0.0,0.0,0.0,0.0,0.0,1.1605531350748305e-17,5.426807045784358e-17,0.0,0.0,4.204044519913923e-17,0.0,0.0,0.0,0.0,0.0,9.144803479731586,0.3878284599041298,9.102120992812264,8.519617130370342,9.81476926749666,31.824983929737968,0.987501585222962,31.827430709878048,30.266924464096128,33.67312802063087,278.3,37.616350114257074,276.5,222.45,336.15,51.81138046445562,5.345967734012995,52.230466981200976,41.45841945707593,58.9698586709259
challenge_primary,C1,87.6125,2.383885841719188,87.45833333333334,83.3125,91.01666666666667,97.70986945029675,2.7095753755982765,99.15219314495701,92.51746182804574,99.77282961036948,38.95400845611434,27.745859724084408,31.829837716618066,6.914020413475917,96.9453375434619,325.86733865918046,77.50920464540596,311.3510495883647,224.18835898406041,465.3193996807544,36.12426957741188,27.344000165737498,28.744684706588515,5.2648035181072625,93.70251235839308,37.85862376846589,9.755411898342262,36.059381372380415,24.156402737047898,55.79942429817793,62.14137623153411,9.755411898342262,63.940618627619585,44.20057570182207,75.8435972629521,52.33394151541047,15.355843766919524,56.32341443147877,25.91364624563325,71.91324055719159,104.99543376843407,42.406942258825836,98.13041929154211,45.092294538401255,180.66814035353556,0.0,0.0,0.0,0.0,0.0,9.697481527911625,3.6108311274043885,9.732172553469223,4.891530535811217,15.791523986721211,55.286684342493466,6.823242352768439,54.37108652153863,45.49615770225986,65.80054542304853,0.0,0.0,0.0,0.0,0.0,0.0,0.0,0.0,0.0,0.0
challenge_primary,C2,88.81666666666666,1.8400849704328042,88.72916666666666,86.43541666666667,91.66041666666666,99.03658041787325,1.1605518807747932,99.66972679249987,96.65465271615915,99.88663631399186,4.012084485594416,4.699941078584521,2.203636042901778,0.48597900294003615,10.761643159136685,165.06498059057125,80.98063447171229,152.8239603334198,78.29328009591336,310.0817953654763,2.8405871641539786,4.276749172084261,1.0653449473415166,0.05205932572254638,8.794765856828354,72.59115278342908,12.162063095268273,73.52481733434115,55.82952815829528,90.35837438423644,27.40884721657092,12.162063095268268,26.475182665658853,9.64162561576355,44.17047184170472,13.600512135899821,12.25796919313147,8.215419698637294,0.05858230814294041,33.67522891906298,25.505780584246764,26.48214567374059,17.17112403689418,0.0,76.93466471889894,0.0,0.0,0.0,0.0,0.0,8.65608947503589,3.1396595630148507,7.721832017829263,5.769743438233018,15.053167023435627,55.954634627709154,6.864056846177798,55.20358563697971,45.73208900034066,70.12716272102847,535.74,107.99127137818849,534.0,386.0,694.85,17.23898048964643,4.512009738376229,16.832103937103483,10.861926447632042,25.236772193335103
challenge_primary,C3,87.32416666666666,3.0048063586252063,87.875,81.14583333333333,90.725,97.41822728622851,4.138386495095949,99.71590488831868,88.54504927900366,99.93180807039745,6.073480796758625,10.885657103379476,0.5137655831977338,0.3668503238179279,31.021684686309058,141.88770872635132,203.22481494709243,5.9562211256102575,3.6605550651286225,498.7604047733393,5.459050589430144,10.56983293005967,0.025043376115170393,0.008157530239979246,29.67981936861783,85.2878906613483,7.840588108378078,87.43864346273985,67.46914446002805,92.99548440065682,14.712109338651699,7.840588108378076,12.56135653726015,7.004515599343183,32.53085553997193,3.5606416180659437,6.525393511536348,0.14719884221350843,0.0,18.606695836580993,54.859611256030846,81.81502853364753,0.0,0.0,197.24320295998254,0.0,0.0,0.0,0.0,0.0,6.998926564967207,2.0938243116329485,6.029879268774907,5.6190532685834675,12.70513672068078,48.662987162800746,11.127299619512845,42.45013280112172,39.531726759579875,68.18932192171053,667.64,81.18227412836538,692.0,518.4,754.1,57.80580302251833,2.6064418432150873,57.96896989111917,53.02700544464609,61.69013451216857
challenge_primary,C4,87.615,2.8283464516911017,88.33333333333333,81.89166666666667,90.875,97.73662208548744,3.837399504675007,99.71590488831868,89.04361848485532,99.93180807039745,5.168601722597304,9.937659945566981,0.5219464078904339,0.3668503238179279,30.47695731130939,127.31006395767515,179.5970471742141,6.178811092501231,3.6605550651286225,454.06520980152214,4.5444914262448775,9.629219903978525,0.02618323620977247,0.008157530239979246,28.900293977777633,84.96965066547682,8.065635732756931,87.09538447207862,65.87949176096883,92.99548440065682,15.030349334523185,8.065635732756931,12.904615527921383,7.004515599343183,34.12050823903117,3.579730517519928,6.496150956958627,0.14719884221350843,0.0,18.29824318458832,42.811345025060255,68.63909981717929,0.0,0.0,180.61662653355674,0.0,0.0,0.0,0.0,0.0,6.235318278489111,2.2797498086070673,5.17282537938981,4.686872840839344,11.367855358763965,48.36694547902396,10.265866655611754,42.64004860261501,39.531726759579875,67.09788479436818,662.56,86.64828271788878,692.0,498.05,754.1,50.07579384087505,2.552099230447682,50.2626329787234,45.01985959447794,53.474597776988276
stress_w105_p1_kw1,C1,57.84083333333333,5.474020597537751,59.35416666666667,47.50625,64.2125,55.21864268327797,5.260645422513923,56.550861648684744,44.73600083142798,61.039673707405015,541.3796553780437,110.36496636984398,503.24478411645566,416.26842988907424,735.3207961399471,1955.158775922104,274.8984209138288,1923.7778289693342,1521.0892264757977,2432.0577867579436,537.633005934812,110.35376403606351,499.30239244254983,412.43384367495486,731.4778436539667,18.056766874844232,3.637349141465046,17.549403107389978,12.00123051186881,23.552334885074192,81.94323312515577,3.637349141465048,82.45059689261004,76.4476651149258,87.9987694881312,73.84789569676526,3.4270068849608095,73.95862167598591,69.10322903420817,79.08557457212713,1011.3552491104736,187.1692046013778,1002.807858155988,754.6307498011547,1338.2462584459831,0.0,0.0,0.0,0.0,0.0,11.801751489579162,4.008258214909007,11.637456511923437,5.189451698766075,17.228962907935955,205.64415471961368,20.16208900768827,206.27476479869983,170.8837950376495,238.39434451777487,0.0,0.0,0.0,0.0,0.0,0.0,0.0,0.0,0.0,0.0
stress_w105_p1_kw1,C2,59.025,4.894153170955215,60.29166666666667,50.606249999999996,66.04791666666667,56.34475441820919,4.700414949262091,57.26396686524524,48.6919826434381,63.988471567481476,512.3049152569637,97.4813875878735,487.245324999453,365.0204680336402,666.2996816795966,1874.9803571084071,257.6159004476552,1866.5945910117653,1508.5293232004797,2367.504238095311,508.6127449682468,97.4273138205354,483.46612957256457,361.43899631685986,662.7003521820293,19.111254452800175,4.066651226940923,18.305281459156195,13.292043136111921,24.977364185110662,80.88874554719982,4.066651226940924,81.69471854084381,75.02263581488934,86.70795686388809,72.30581940421634,3.9543668075253446,72.75963400788086,65.1915721354677,77.39177150166695,972.0143352065268,167.0557976805253,977.1623762079976,738.5866723175624,1223.4913441518845,0.0,0.0,0.0,0.0,0.0,11.20749448998774,3.742561518392777,11.084822676181247,6.329574645022159,17.2726202439122,204.07898203613107,18.862638879448145,204.9406029303487,176.4249668588393,236.18574486355016,99.56,28.411092975836613,99.0,58.45,143.54999999999995,21.78641586532612,7.459116586095918,20.833333333333336,10.633050351288057,36.07515519746401
stress_w105_p1_kw1,C3,56.36,4.729883108247716,56.75,48.606249999999996,62.78958333333333,53.79894636389252,4.503136953404524,55.01089051760914,45.95047401111474,59.38505197581013,556.7238688841545,102.51651078815149,547.5613901014864,420.8283874252639,745.0074471949463,1941.3725408809378,289.8030865402479,1847.3136758612961,1541.7074715673455,2511.846126156662,553.1467314540027,102.5205631537655,544.0023186579756,417.16071471638963,741.4509074843116,21.32876642238404,4.376599308522972,21.015894373896224,14.48547749917613,28.141720171214555,78.67123357761596,4.376599308522971,78.98410562610377,71.85827982878544,85.51452250082387,69.43356676840136,4.3830673885636315,69.03388619387923,62.1976186296729,75.53422049813682,1031.6106655168708,196.52623309112627,997.7428607291,796.9600487769691,1401.870126855872,0.0,0.0,0.0,0.0,0.0,11.495873527055267,4.020402630072123,10.588164014732655,6.072379998828185,19.412694263434872,205.28197107946798,20.948705755879548,199.8068243957647,175.140299124431,245.73981410029492,110.58,28.9968963856479,111.0,65.5,164.99999999999994,27.657001447717413,11.234644662133684,26.08827314709668,8.792509685751183,48.48089468779124
stress_w105_p1_kw1,C4,57.375,3.740539843658328,57.91666666666667,49.264583333333334,62.22708333333333,54.78120886350835,3.757634329349648,55.14902158243608,47.27456723470057,60.01857414123358,536.9429056297952,91.53249984671544,509.51576727321935,414.4421237387196,701.3984157101248,1870.3445472855717,260.7156049424897,1799.5625031021355,1559.3704002657469,2315.9248911689547,533.3425985045744,91.4554359742797,506.0132277210556,410.9181900687983,697.4802979401926,20.81326886192224,4.270827825243305,20.935459158840132,14.284290311687572,26.869162649022652,79.18673113807776,4.270827825243305,79.06454084115987,73.13083735097734,85.71570968831242,69.80800871453333,4.2847254337058684,69.77445388176355,62.894393659249296,75.73355183747748,983.2368988445965,179.5272783073158,912.0137421940667,805.5479691784568,1324.1975177494805,0.0,0.0,0.0,0.0,0.0,10.72358820867932,3.7775687214325133,9.81396220590888,6.449341450324905,17.19558693206562,201.18137484549413,19.918351225930667,196.66860098648772,179.99712286997854,236.79450198283817,107.54,30.187989232102737,110.0,59.9,161.89999999999995,26.396976786844235,11.036886914076794,24.59512195121951,10.559180918091808,46.51521298174442
stress_w105_p1_kw3,C1,93.61666666666666,3.4573855352316496,94.375,87.1125,97.96249999999999,89.36827977239236,3.4048634668188167,89.85526216188939,83.77721502377375,94.4894027119934,93.39040145370181,36.525136338963364,91.7888088519066,41.930389435738306,153.99275147448975,357.20287174532496,81.96286573219977,341.70882489902556,256.29025865677846,504.28305133032245,89.65637203399255,36.52003161396126,88.10919586979847,38.210637389894714,150.11822228019565,18.261320074448896,3.693893151274185,17.85423928179137,12.00123051186881,23.723883841735507,81.73867992555111,3.6938931512741826,82.14576071820863,76.27611615826449,87.9987694881312,73.36341170406104,3.886800498422796,73.78150924319627,66.52994016227835,79.08557457212713,113.6862166257345,40.323332500680245,112.99492381493263,68.11939793568145,192.85847440527198,0.0,0.0,0.0,0.0,0.0,10.871546183548187,4.11241606402772,10.065924502718042,5.672997485499881,18.758812169992495,63.74665685803808,5.574792638663442,62.72750452375045,56.6167053507824,74.81549297341856,0.0,0.0,0.0,0.0,0.0,0.0,0.0,0.0,0.0,0.0
stress_w105_p1_kw3,C2,96.22,3.579326980404706,96.97916666666666,89.39375,101.18333333333332,91.85828461792919,3.6252427868334935,92.33709661990969,85.042405957117,96.14835108978693,63.74481202739354,29.973723617374777,57.368421363853784,27.448336424151474,124.36763825463596,314.4412051482294,87.06155720760697,304.4014563147854,187.97020741661598,463.6211526050458,60.34428451409538,29.939959669803677,53.68639494570918,23.840137368947133,120.67824556837597,24.26477448647183,5.764049025496252,24.160875160875158,14.065227907385827,33.319065877419575,75.73522551352818,5.764049025496249,75.83912483912485,66.68093412258042,85.93477209261418,63.91381055903451,6.713557233913016,64.01158400435797,53.92821622319814,74.45367665108756,95.7626490946818,49.185967763122946,81.86927615022375,33.74934856862989,193.68951508433736,0.0,0.0,0.0,0.0,0.0,11.4807491558578,3.937350222001206,11.072904020897745,6.168311463474196,18.434647940066228,66.75969404447802,7.173589326802365,64.90648364538475,55.88290546731903,79.71535184041203,123.22,34.61584513909601,123.0,72.35,181.75,19.604140672597918,7.5001572534146845,20.0,8.873949579831933,34.22793206050087
stress_w105_p1_kw3,C3,89.48083333333334,3.47252140434413,90.33333333333333,83.59375,93.90208333333332,85.4187240628646,3.376080767787565,85.68051422654347,81.10674712583884,89.26930311806431,113.11409645693409,23.457080213260603,109.34119525041282,80.08244153810683,150.68192730391377,438.9968549254624,58.58818033394014,422.41807544297296,380.9971799843921,545.3873255380208,110.06905320128914,23.35961192326614,106.56072592161266,77.2403454050466,147.30419645260565,31.269635074384365,6.579741011852699,32.481145688692855,19.81106274357864,39.37203947368421,68.73036492561565,6.579741011852698,67.51885431130714,60.62796052631578,80.18893725642135,55.0088855412106,6.311179465402937,54.557204178349004,45.167619630312814,64.6396995424249,182.8613372436829,33.58668997189955,174.48018213788154,147.51763043998326,242.35909096009678,0.0,0.0,0.0,0.0,0.0,10.219120743487402,3.5707894210242697,9.949573517611569,5.994173321423162,16.12151915822348,64.48157368511423,6.445878979271549,64.76144050907047,54.27409260243132,74.21641061573382,165.22,45.4188174613985,171.5,94.0,234.75,45.372414785774836,9.272237793781237,46.151780919992845,29.541666666666668,57.38521836506159
stress_w105_p1_kw3,C4,91.53583333333334,3.0986475041339023,91.9375,85.35208333333333,95.36458333333333,87.38807537675373,3.2560733363497167,87.71304185543657,81.53847098800664,91.22919136347012,99.03299481059956,24.216633515925977,97.9028625728325,66.89144432317465,137.60423800212416,408.1844816574654,54.91201196522273,406.2580435405895,330.4037671275941,495.88220590493376,95.89510380378606,24.159694375704717,94.8811258596068,64.07530739383704,134.51722967614043,29.416309874045538,6.4342062250250835,31.161425576519918,18.224332356293765,38.141033967656035,70.58369012595446,6.434206225025083,68.83857442348008,61.858966032343965,81.77566764370623,57.18776191998277,6.371546221773051,55.93774166226816,48.23077798321718,67.25160502184765,155.9212846522479,37.48636576754939,152.52791209095676,104.24739910213134,221.88682664623008,0.0,0.0,0.0,0.0,0.0,10.545960515856558,3.27451181760357,9.978207576360875,6.51761702270647,17.088783571819125,65.015614264022,6.123899746799961,65.54746007352418,54.940582605262634,75.21822537547307,150.48,39.25647743249721,153.5,87.45,209.1,38.2672290378068,8.780426495137137,39.793669871794876,23.163513701488384,49.42736887545866
stress_w105_p1_kw5,C1,101.075,2.7717011198009187,101.0625,96.28125,105.60416666666667,96.47852604104442,2.403955828110899,97.02163597013383,93.12789339689816,99.4042014529111,30.370649342448637,18.341966334736718,23.402156850290343,9.558228987956449,60.42387081205211,172.89446191799902,52.504605416778816,168.65901148565524,114.78450501134328,285.6527633671473,26.9081257434339,18.121741276728144,19.813611917832013,6.8052600725056624,56.68814232208093,22.863068903487274,7.277277922726617,22.487715273692274,13.770423922288375,35.77959183673469,77.13693109651273,7.277277922726617,77.51228472630773,64.2204081632653,86.22957607771163,64.52336137447769,11.747382692281436,67.7645716920426,41.203848641605965,77.35859435064975,51.256645948741415,27.370527125171332,43.46723351695423,13.524025250790094,101.78854981181152,0.0,0.0,0.0,0.0,0.0,11.58927512537598,4.189017361490432,10.755911043725018,6.241586229801041,19.786674801418933,38.90494508486453,3.4894500339554466,38.21154580944433,34.454246560153464,45.73502499107375,0.0,0.0,0.0,0.0,0.0,0.0,0.0,0.0,0.0,0.0
stress_w105_p1_kw5,C2,103.54666666666667,1.8767969469405443,103.875,100.50625000000001,106.06458333333333,98.83860204707227,1.45332403782434,99.35533022250053,96.59539565533032,99.84090461913017,10.428209639332264,10.872752584366438,6.65676778754667,2.584736943593553,27.579683279892073,116.815026107834,43.00947606292748,105.34147231121653,63.7283429057171,199.3022150428833,8.044087470351341,10.537410623179458,4.055577845757615,0.8722413883264968,24.366117828167976,42.913501518843695,10.984485264432967,42.602155365963185,25.957903963325954,59.611205432937176,57.086498481156305,10.984485264432967,57.39784463403682,40.38879456706282,74.04209603667404,34.27888513125113,13.857999723584605,34.0910525139915,12.467986943614738,56.75410839140267,16.322543762461734,19.858260873588872,12.028509027518098,0.13413249781042763,46.974517650208995,0.0,0.0,0.0,0.0,0.0,9.613318876569416,3.1008835005461903,8.784406850742926,6.255249842826236,14.291953865306434,36.07802971742989,3.971017793535416,35.6334693070593,30.406493000651338,43.77772269027765,219.16,59.31939146756002,221.5,121.35000000000001,321.69999999999993,17.343876114290808,6.5371759510045635,17.91795665634675,8.139272913466462,26.02383531960996
stress_w105_p1_kw5,C3,97.145,3.151966866056265,97.35416666666666,91.53333333333333,101.67916666666667,92.7193449292522,2.5618186183219662,92.51757158356527,88.9296606669467,96.57473285342736,33.815661978287174,15.278067572705764,34.996452602168276,7.964398094831563,57.01110221756134,260.55915708585815,33.73241702422575,257.65585838167846,221.12165489841712,321.12913719275355,31.60688533053875,14.72309378030643,32.892725947286564,6.5633550697881775,54.05785976075923,46.739967571406034,13.338530034976838,47.287368339999915,26.64646122713171,67.74802773129332,53.26003242859397,13.338530034976838,52.712631660000085,32.25197226870667,73.35353877286829,32.0714856731161,14.842360006565588,31.991599023670318,8.080692533423628,53.65812010818832,96.62022398403171,15.514768186884329,93.5574148548593,77.47488521256287,121.63453150934257,0.0,0.0,0.0,0.0,0.0,9.726167608191876,3.002505932378709,9.427392188163166,5.9937146395133825,14.643177663281229,36.87661845017414,4.44426780604624,36.128885113023166,30.772339773291595,45.34137111266651,243.62,78.18812739352519,238.5,143.0,369.15,49.581053617532945,4.85163298964653,50.508413389222035,41.46952201933405,57.31311309054007
stress_w105_p1_kw5,C4,99.13416666666666,3.0427706271701083,99.41666666666666,94.45,103.96041666666666,94.62892116890461,2.8119038917638655,94.68882045684883,90.15959183929318,99.30233095065074,26.320186186903275,14.685220970517612,26.479730076523495,3.4262694882992184,47.677748035727824,215.57135825070986,44.712688186430505,208.56111904200833,161.4773950093847,279.4541147270179,24.05691969096771,14.25382197659724,23.947088843092864,2.1792218164031048,44.60871439392418,45.51613028079578,13.329265641042422,45.364663793804375,25.586260958717023,67.07892930679478,54.48386971920422,13.329265641042422,54.63533620619562,32.921070693205216,74.41373904128298,33.128157984861204,14.916498353894376,33.54171158890095,7.079509335242137,54.41221131128825,69.61488827568104,24.32664892781795,66.74792188916328,34.50073602711432,106.5684309746036,0.0,0.0,0.0,0.0,0.0,9.387232939374533,3.140296036027007,8.966996332963003,5.6280337112520264,14.056108751829854,36.28843419991233,4.426228224643541,36.48247977428042,30.143655784669832,43.536097315639545,237.18,78.6178278582082,231.0,132.5,374.75,41.97331299626207,5.100526432547375,42.33053067538235,32.452811416226055,48.69187986651835
stress_w105_p2_kw1,C1,75.56666666666666,4.977436332991069,76.5,67.20625,82.12916666666666,72.13212685002134,4.707648353223906,73.46700848203724,63.517467243914766,78.4273887142199,271.99878970968564,57.51553176801232,258.4823457832006,192.94962354292394,375.9196663900395,869.6909723480061,133.88121120409664,879.7255730190896,676.1357346824952,1119.4675637680186,268.2521402664539,57.51449578061546,254.92193962850973,189.0578487740658,372.22204754416435,18.056766874844232,3.637349141465046,17.549403107389978,12.00123051186881,23.552334885074192,81.94323312515577,3.637349141465048,82.45059689261004,76.4476651149258,87.9987694881312,73.84789569676526,3.4270068849608095,73.95862167598591,69.10322903420817,79.08557457212713,164.32115670915988,54.74833805891808,155.10218138129636,82.85641702758664,266.85004480042426,0.0,0.0,0.0,0.0,0.0,11.125067771100348,4.098944230848181,10.510090141225831,5.873490278446379,18.423140403792598,96.29767030742042,9.656702276921363,94.55843463342939,85.32858155599843,112.94416819083584,0.0,0.0,0.0,0.0,0.0,0.0,0.0,0.0,0.0,0.0
stress_w105_p2_kw1,C2,77.575,3.647124406969042,78.20833333333333,71.44375,83.05,74.0602797934456,3.6490147768819194,74.44799002916852,67.59597622529365,78.62557689843067,240.68228432449624,42.700779010420796,242.305718964194,182.53127676016462,321.2156481952041,795.0961015654497,114.84479631084442,775.2744944075237,647.4546406479853,1013.496451368157,237.01659283326416,42.694958309149726,238.63631995553055,178.9047571279313,317.4385322622369,19.64339242359852,4.263098113381617,18.44037933532097,13.295322130719827,25.610105074893806,80.35660757640147,4.263098113381617,81.55962066467904,74.38989492510619,86.70467786928018,71.54420739510334,4.209694437949881,71.83277437542529,64.86805363170909,78.02934092482474,144.80802892069153,38.707598286324504,141.1803722598874,86.15369831525916,212.45133984192182,0.0,0.0,0.0,0.0,0.0,10.291591251588676,3.8824872385603606,9.670647266529249,5.8580336070021035,17.680813844703355,98.50972501214159,7.670961049971315,97.27856125738975,89.0605479438679,111.1502686190815,61.4,17.663521732655695,58.0,36.45,89.0,23.568889576242697,11.816208167789982,21.057207442183966,7.747543461829176,43.61538461538461
stress_w105_p2_kw1,C3,75.9975,4.658949599020485,77.25,65.38541666666666,80.8375,72.5513113869059,4.542110606038218,73.26884477489472,62.014770171583635,78.239608801956,260.39767700357606,48.98773110069488,255.92354037476963,197.05055704302842,355.3158990265861,850.6495763045717,135.2615107313271,809.6675896636913,679.1592030349519,1102.5416909237642,256.81094087776603,48.98126457683635,252.3317036878774,193.44537989165158,351.74672426281455,21.01132656738426,4.8408219543612665,20.758772195362436,13.410930644973199,27.980979051498398,78.98867343261574,4.840821954361263,79.24122780463756,72.0190209485016,86.58906935502681,69.4280004399648,4.373354852218505,69.68036262429408,61.49898113549088,75.24488624900764,172.86871795036336,38.58841517699162,170.12853028440404,107.78555700148912,243.3606242718217,0.0,0.0,0.0,0.0,0.0,10.821340711360113,3.7805619914496713,10.275526834287911,6.106254861809143,17.021352149574337,100.00297851629506,8.170244429963443,99.24764408598202,89.8623322275645,114.63037646194735,64.02,18.559875527379937,63.5,37.0,100.24999999999996,26.839298147044804,10.179269109002016,24.845679012345677,12.054545454545455,45.16866566716641
stress_w105_p2_kw1,C4,75.99166666666667,3.664056739651178,76.47916666666666,69.725,80.78125,72.54898251120264,3.6956579728505,72.99982024486292,66.40146797271717,77.6887823167375,259.6909498418529,44.90890650147253,256.49241292908187,197.7889220392791,346.01792524049927,846.7227963057142,125.5159319029934,819.6802866611458,707.4757879743021,1072.0762837405346,256.0951278867987,44.85577397457366,252.74798632736184,194.26279383340307,342.30848746780583,20.762200740390444,4.687713559869864,20.38650471129371,13.525275759318312,27.75331697564522,79.23779925960956,4.687713559869863,79.6134952887063,72.24668302435478,86.47472424068168,69.69292858200352,4.361929259545434,69.65395374073842,61.8888545532124,75.48552796023759,166.1366983430906,40.497084778936234,161.3523806482931,114.88747974770564,220.9640212249912,0.0,0.0,0.0,0.0,0.0,10.853780516719612,3.335523034257365,10.362922503025926,6.384905990101485,15.94564127954718,99.66079987005327,6.977937476684982,99.29232664364096,90.95635702763018,109.64416188624807,63.72,18.30472226347226,63.5,37.0,98.59999999999997,27.984601817514793,11.704971038309257,26.913580246913583,11.565656565656566,47.5797615211086
stress_w105_p2_kw3,C1,98.3525,2.1251952357958652,98.47916666666666,94.7375,101.52916666666667,93.88812173351263,2.1488804099375893,94.09902130109384,90.31728860256878,96.96395476176157,42.62016483860798,17.804239323524225,38.427769886720476,18.66305729040457,71.76072998477622,199.81545124424053,46.35572324235926,199.73075256691504,126.04281868940097,279.4095441580908,38.98240086511613,17.691104947345003,34.56506078435912,15.122552785812251,67.88511364144746,19.847010731294805,5.0719356435453875,20.20333946916236,12.00123051186881,27.47789210233593,80.1529892687052,5.0719356435453875,79.79666053083764,72.52210789766407,87.9987694881312,70.25448354245968,7.148403865378304,71.76575926575927,59.14125522003673,78.26457934933093,19.310629286066636,15.114664681939164,14.770267933241552,1.0630002449817562,47.23209515359707,0.0,0.0,0.0,0.0,0.0,11.121969899641277,4.384770258855056,10.570501487087451,5.169533650855376,20.11569294461041,32.09813617939233,3.0428018879568626,31.708991384813935,27.963738381441292,38.34343404386799,0.0,0.0,0.0,0.0,0.0,0.0,0.0,0.0,0.0,0.0
stress_w105_p2_kw3,C2,101.92,1.69725000997846,102.22916666666667,99.01875,104.05,97.2961214539074,1.907360236929506,97.55944939310257,93.83911759597012,99.7392630945194,20.790270090928026,10.02126017697892,19.70509680895102,5.8754844650220726,41.542178277390214,164.78591779791847,38.927856845498795,157.0471142398815,113.07160907848835,237.8158451070935,17.94718113862845,9.767232947441727,16.962141489984525,3.472159091995738,38.58919693024707,34.35347334638421,9.264096511421474,34.96508583066628,20.960059510185395,49.37473807221148,65.6465266536158,9.264096511421474,65.03491416933372,50.62526192778852,79.0399404898146,47.92199358430489,11.912377388091615,49.44613377730718,26.243008281747237,62.99047581872828,8.618111452746776,10.721968706439755,4.926058262722896,0.0,30.291347279678963,0.0,0.0,0.0,0.0,0.0,9.263253768757208,3.135200428360725,8.194194405616914,5.6416402476230845,14.879060533983127,30.437134014149947,3.9509588546600334,29.33277061458406,25.866624040577896,37.47127554330706,107.76,36.07280619717262,103.0,55.8,169.2,20.731194073552647,8.447129510571688,18.87913223140496,9.60702727693019,37.21706081081081
stress_w105_p2_kw3,C3,97.70583333333335,3.3198644764091454,98.22916666666667,92.35208333333333,101.8375,93.25123237329767,2.6288055274554574,93.72443431533353,89.26933365758755,96.66463312687974,38.235545610505426,12.437821682940688,37.69486540762303,19.623282571538223,56.70346968851127,241.7707343268106,44.21718723620027,239.17894338639914,176.31496851575224,326.8582809789089,35.705260884665684,12.189192638673351,35.0373656576135,17.711254483101243,54.02482554972176,40.57021612799048,11.492891599617106,41.3308560418387,23.969429311895066,57.76640537513998,59.42978387200952,11.492891599617106,58.6691439581613,42.23359462486002,76.03057068810493,40.449890976284365,12.82816991153571,39.520236573129054,18.46672143841955,58.97567775049978,51.32403875074062,16.413344242424827,51.86389307093188,27.76516819187867,77.53148841238828,0.0,0.0,0.0,0.0,0.0,10.031717811904,2.783257616204446,10.503680351670567,6.311865250820538,15.184897565170253,31.01253775449158,3.850392533673152,29.89063922350678,26.314127705419985,37.37564671740087,127.62,47.224989061266434,125.5,57.15,217.04999999999995,38.20045313625835,9.475565571174963,39.44314112853439,22.35735735735736,51.834142023473866
stress_w105_p2_kw3,C4,99.01666666666667,3.2468587645191334,99.6875,92.95208333333333,102.9125,94.50579871353553,2.6621179198305773,94.98992104885431,90.17100352755381,98.57051423041393,33.64492675838598,14.08165769605065,31.048574997367517,14.345266004679543,58.005723581922204,217.52600494136584,43.10542719704443,215.75480973666242,155.07642327592285,299.5802762234409,31.055299178703937,13.809315390860716,28.55908190754166,12.582473102518168,54.927702926068825,39.375626145466256,11.378185690788388,39.11200731903135,22.225617492810013,56.64882783724054,60.624373854533744,11.378185690788388,60.88799268096865,43.35117216275946,77.77438250718998,41.94905027327413,12.859472858959805,42.720118052139696,18.724904149432454,60.21711227993279,37.948687027922034,18.261026051011434,40.17016932555387,14.10645948460169,68.46421486516,0.0,0.0,0.0,0.0,0.0,10.030653452111572,3.6361943989302525,9.803942543838966,5.715058752522193,16.210869447551797,31.02985467222663,4.7246423701144975,31.061533817415565,24.625714413836647,38.601778462887346,124.3,46.9047014744595,122.5,56.25,217.04999999999995,35.613885721739514,10.013207942282639,37.26651677620201,19.555555555555554,52.63724925616661
stress_w105_p2_kw5,C1,103.0875,1.986637796267878,103.25,100.12291666666667,105.8875,98.39170498464031,0.9137279448031986,98.38810195383262,96.66362671502475,99.74233735444633,13.360152652280883,5.2431740250500845,11.92494662747582,6.969277325819236,22.364514100734528,103.357851001048,20.366597730005534,102.91357074734314,73.08261221505724,135.07471671696138,10.350596078118551,4.9802044307194615,9.049537153270041,4.420702520421147,18.845282576530423,31.012406789307303,7.656378086744814,32.36010754495043,17.54557775543217,42.28776313675077,68.98759321069271,7.6563780867448115,67.63989245504958,57.71223686324924,82.45442224456782,51.29682573959465,10.218528821801074,51.826007789919714,34.73244169241504,69.48861788617886,5.648343967051552,6.794268060508564,3.579952591424517,0.0,19.86511992013053,0.0,0.0,0.0,0.0,0.0,10.496655345436306,3.9102420421403186,10.071936305595596,4.863295108935184,17.44104885747367,18.996626106346287,1.6292125753942777,18.824631665456778,16.648699472538105,21.893932319335907,0.0,0.0,0.0,0.0,0.0,0.0,0.0,0.0,0.0,0.0
stress_w105_p2_kw5,C2,104.24916666666667,1.6882213751651836,104.60416666666666,101.43541666666667,106.51666666666667,99.50307724810236,0.5498750865341494,99.70051956818565,98.64403068466673,99.90075556044238,2.680253317287472,2.4477359434147092,1.4553836042538233,0.9947276763362735,7.191174346739864,41.88508801032906,35.9864818046785,46.9953430600508,6.310037768912952,103.59939145109807,1.1824370562340059,2.0057227929792507,0.23409397926650888,0.0628311800736015,4.463364490076207,59.72146321489322,12.204751619396854,64.41833203081389,36.32085561497326,74.14214468756161,40.27853678510678,12.204751619396854,35.581667969186114,25.857855312438396,63.67914438502673,11.089590923007123,11.864729003985008,5.584957586428269,0.22372821632929585,33.48895932758742,0.5493113404760278,2.274145249789169,0.0,0.0,3.8855682654438635,0.0,0.0,0.0,0.0,0.0,9.22456149132315,1.4827013747738558,9.050095970698647,7.628669444924849,12.16425803039323,18.959173586195003,1.2375340631112202,18.99141928716908,16.93747197046734,20.80841367575053,183.4,47.33208774829445,193.0,112.8,259.2,15.816698775773869,5.364819483383488,14.68836993504485,8.230994152046783,24.598435462842236
stress_w105_p2_kw5,C3,103.94833333333334,1.7103658889029865,104.02083333333333,101.43541666666667,106.45833333333333,99.22150431595797,1.2154981030979712,99.70051956818565,95.95755523822686,99.87999759490118,2.586495254147572,3.3615093151282607,1.3145406527565284,0.9947276763362735,9.5198495019836,31.41391917949712,47.90208958826766,8.920399419849431,6.071667760679611,136.27785043864216,1.27696060014227,2.9928428172108648,0.14927352878042227,0.0628311800736015,7.560165823328333,63.32478569495984,9.750000904503892,66.63313212608986,41.821027362871845,74.14214468756161,36.67521430504016,9.750000904503892,33.366867873910124,25.857855312438396,58.17897263712815,6.312641536471372,8.70967810209352,3.4456056915930233,0.22372821632929585,24.246655031995346,4.0040970670497975,9.694593026616166,0.0,0.0,25.59811668837046,0.0,0.0,0.0,0.0,0.0,8.803832869778253,1.2350487285417397,8.631660346659004,7.349191645611345,10.611188510701199,18.418362121014084,2.0219184690516814,18.38252951691183,15.689511730764005,22.232993008489423,195.18,42.501711850278234,197.0,121.35,261.29999999999995,41.30219258400357,6.845801709126885,42.10413999146393,30.02725733036943,50.8268723020829
stress_w105_p2_kw5,C4,104.0775,1.7605168680978738,104.16666666666667,101.27916666666667,106.56458333333333,99.34222443227384,1.0585935546688534,99.71618723177059,96.4066404311973,99.87999759490118,2.3102565488483857,2.5623741401034765,1.3145406527565284,0.9947276763362735,9.429695139938907,28.268437705685333,43.12670868949033,8.920399419849431,6.071667760679611,116.51227719548223,0.9998482230884279,2.194248700533453,0.1607256468303102,0.0628311800736015,7.070356120180426,63.327377533250356,9.994826243830847,66.63313212608986,39.99447635881573,74.14214468756161,36.67262246674964,9.994826243830847,33.366867873910124,25.857855312438396,60.00552364118427,6.340219113991497,8.629510715778872,3.4456056915930233,0.22372821632929585,26.401381063204308,1.9634873944259317,5.240505057310482,0.0,0.0,15.28452587009059,0.0,0.0,0.0,0.0,0.0,8.68901879644293,1.9694350943896761,8.190552582550232,6.878033502600853,11.404130774261976,18.397038462998967,2.1450106982169124,18.283947324050214,15.621725812450913,21.528361913375768,195.46,42.08795940088581,197.0,117.25,261.29999999999995,36.81047184970845,7.00603025120833,36.986825980392155,23.444376057855056,46.943478260869554
stress_w75_p1_kw1,C1,52.63833333333333,3.8996722055395368,53.1875,44.864583333333336,58.3,70.47970142864303,5.572453327443594,70.17850241499295,59.16726119923196,77.59804002951485,242.1401518508422,70.42057622892798,240.89410987546677,154.45404783893875,384.8077325401837,1376.2120584076533,228.9118093521893,1343.8220536844547,1068.5401254349056,1737.488393539782,239.24139031946254,70.33763480921941,238.02698385776523,151.91059461746372,381.77132087646714,38.56161553860351,5.078330613865025,38.96380833500509,31.419791428291212,46.62125340599455,61.43838446139649,5.078330613865026,61.03619166499491,53.37874659400545,68.58020857170878,58.64149437023903,4.811018474818963,58.96076877352883,50.846918595328454,65.43017057697342,743.3672605163978,166.7647007423366,718.3001428713386,520.7665341944497,1014.9775132401057,0.0,0.0,0.0,0.0,0.0,9.08456117317089,3.408227615736608,9.142737599458851,4.155797734695078,14.778095565473114,152.2051811790236,19.14791327881608,154.69979167040503,119.66462911061556,179.62931191268973,0.0,0.0,0.0,0.0,0.0,0.0,0.0,0.0,0.0,0.0
stress_w75_p1_kw1,C2,56.38333333333333,3.4987850174938524,57.29166666666667,48.829166666666666,61.02291666666667,75.49630558472323,5.158605748716739,76.3873076002456,64.61784479910308,82.51702092756204,158.22608291910055,55.618800023817414,150.76611988766044,94.08142304800121,259.50428153908547,1235.9832150004288,224.87231293945257,1187.6162170665127,997.8683616880215,1595.2245852088256,155.8806718356963,55.525114809774934,148.08400358771564,91.95167506070068,257.0559743720738,49.96225130998413,7.273855340543224,49.32291666666667,40.03072196620584,62.79609870381216,50.03774869001587,7.273855340543224,50.67708333333333,37.20390129618784,59.96927803379416,45.827527465723726,6.6204602557018095,45.4565192463499,35.591147285313355,55.6111763500717,607.1241893715072,148.58996928086603,571.0358243025648,414.6783911212421,899.6153067763049,0.0,0.0,0.0,0.0,0.0,8.324413872371291,3.378810448930378,7.44442473589997,4.733291498642383,13.388131280370105,155.46275492569237,17.974817423311634,152.49584195418498,131.9044328780548,181.66768736883137,477.32,90.58279333835753,480.5,352.05,638.05,27.097620293320407,7.837519386885089,26.631270565392576,14.819547212768184,40.37814390476375
stress_w75_p1_kw1,C3,51.76166666666667,2.816804025954755,52.125,46.13125,55.15625,69.29240490781699,4.013410827256369,69.53775608921414,62.270880243628284,74.65762014222304,203.56929551616074,54.06057625849554,196.92858183732253,136.15793079084057,303.17674816077255,1424.0804753601633,196.58774698488526,1392.573776386982,1189.5040355038634,1787.6811062298505,201.68101195336615,53.86068442232792,195.080119627158,134.61426440647344,300.896886045877,60.57353218232285,5.817325886526948,61.030746609494244,51.40309343434343,68.95807000486144,39.42646781767715,5.817325886526949,38.969253390505756,31.041929995138553,48.59690656565657,37.505187171445726,5.835416241200366,37.52400843389607,28.961949339874646,46.52604017403537,699.1531293402951,118.99358834085957,706.8825658863775,550.318832971376,876.5194197472159,0.0,0.0,0.0,0.0,0.0,8.936358936620005,3.2342602555513422,8.423928082479737,4.526532770495117,14.685410370376053,159.40351445265472,15.820392721403636,157.98218766352622,136.88350380458522,183.6623835679624,646.88,72.7266730958583,655.5,520.0,749.1,58.30254912158709,4.091092003468912,58.573641227823146,51.19319687672015,64.07200201756967
stress_w75_p1_kw1,C4,52.29583333333333,2.8907896050761517,52.270833333333336,46.8125,56.295833333333334,70.00118469523039,4.00489180819616,70.2680015370122,63.50668616267392,76.20128811202345,198.06126318158553,54.579435707503684,193.2336979038305,127.83894010712332,299.77658275183245,1383.7088167935683,184.7023041943429,1347.342858681066,1151.2198464028954,1685.6219942519092,196.1401108231483,54.39659481403719,191.33100812533752,126.29520323696832,297.69402665910604,59.616474981891,6.225674733992367,59.91627848911152,49.40191511387164,68.67260061919504,40.383525018109,6.225674733992367,40.08372151088848,31.327399380804952,50.59808488612836,37.61660055958393,6.107275277728648,37.11113247452413,28.40876387769026,46.93098507151603,686.2113469152787,127.31232063827608,674.4170636974719,528.3277978929767,942.0319142185748,0.0,0.0,0.0,0.0,0.0,8.692560740201744,3.1515400873026977,8.499114119963036,4.697040787705511,13.509062425182954,158.4751863194305,15.795791095198458,157.8131742417778,137.27969311839166,187.99644401949485,619.82,77.01727609002104,624.5,486.7,740.9499999999999,49.85977234587589,4.20401620548388,50.52761808764781,42.95716940830536,55.816678395496126
stress_w75_p1_kw3,C1,74.51,1.6165193845527865,74.58333333333333,72.0375,76.85625,99.7035953994449,0.16534851603475004,99.72283737098648,99.35289710802323,99.89107927515921,14.216033568368681,11.893068100869328,11.341805069833244,1.7158536043122257,39.765774216515275,303.05218771163885,72.50494380221078,292.53559543047163,205.19436842219713,431.2601992177601,12.66951703457091,11.43100870541015,9.782281516564172,1.0529870700157118,37.406167096693125,66.4744995068247,10.52503419555468,65.89013744079386,49.959108964872655,84.69968245388824,33.525500493175294,10.525034195554678,34.109862559206135,15.300317546111748,50.04089103512733,27.269691879753605,12.231421327031292,27.960608133316754,6.475268030883965,46.5475438004357,89.14730630100289,34.08382912961277,85.74738965082307,35.84881889476933,145.86458660108704,0.0,0.0,0.0,0.0,0.0,6.625642611076149,3.093981153347119,5.794106349234685,3.0210872697358364,12.435378685391886,39.423320106147884,6.183117062776027,39.23874696661777,29.999181628817677,51.397296929484774,0.0,0.0,0.0,0.0,0.0,0.0,0.0,0.0,0.0,0.0
stress_w75_p1_kw3,C2,74.56416666666667,1.618548811467245,74.66666666666667,72.05625,76.85625,99.77596213295168,0.10842101507904245,99.77728285077951,99.60578893491271,99.94428968060267,0.208138244645731,0.043756497252540355,0.1985126977635307,0.15237059165590716,0.2845902828254788,4.980345230807076,10.458414128719452,3.4743405570511943,2.417063080082503,5.128475742864374,0.005372226791500895,0.00737530181856503,0.0032967010955369143,0.0006690058283532341,0.01461478911183528,96.36894100294855,1.7275947765051836,96.4060972629521,92.94565217391305,98.79078886156708,3.631058997051462,1.7275947765051802,3.593902737047899,1.2092111384329114,7.054347826086955,0.0027444515474845943,0.013581580341960397,0.0,0.0,0.0,1.8947806286936006e-18,8.06389894985399e-18,0.0,0.0,1.3026616822268437e-17,0.0,0.0,0.0,0.0,0.0,7.902431195879675,0.3975015215148126,7.9211759792888845,7.316180837605559,8.430443341256394,55.5049950433158,1.5660872622301953,55.6020232789177,52.64415900441411,57.35467443424163,1024.16,37.14360438808783,1026.5,963.9,1080.85,20.360852303930866,5.931763270297568,19.208222074938384,13.763388510223953,31.205371511118752
stress_w75_p1_kw3,C3,74.56416666666667,1.618548811467245,74.66666666666667,72.05625,76.85625,99.77596213295168,0.10842101507904245,99.77728285077951,99.60578893491271,99.94428968060267,0.20652113633550764,0.040329037903734266,0.1984972391477072,0.15238503585958088,0.26528080328401576,3.5143772406052562,0.819821865787113,3.4743405570511943,2.417063080082503,4.964912883579351,0.004529479333956507,0.0039961417125513,0.0032967010955369143,0.0006690058283532341,0.014272064967214835,96.3846890344446,1.708703533824536,96.4060972629521,92.94565217391305,98.79078886156708,3.615310965555399,1.708703533824537,3.593902737047899,1.2092111384329114,7.054347826086955,0.001367989056087593,0.009673143381485212,0.0,0.0,0.0,2.6053233644537007e-18,8.722046580191353e-18,0.0,0.0,2.3684757858670008e-17,0.0,0.0,0.0,0.0,0.0,7.9582143313462375,0.3072255051894674,7.94942568084535,7.5222110073068125,8.515182284479526,55.68905390586409,1.6341483657520723,55.758500996188054,52.784289777838616,57.71428185940172,1028.08,36.10632823724273,1028.0,969.25,1082.55,63.15313828410181,2.057361700655035,63.15547793474857,60.1159478569753,66.85931708012546
stress_w75_p1_kw3,C4,74.56416666666667,1.618548811467245,74.66666666666667,72.05625,76.85625,99.77596213295168,0.10842101507904245,99.77728285077951,99.60578893491271,99.94428968060267,0.2065012726615722,0.04033679161560938,0.1985005291212943,0.1523410921003788,0.26528080328401576,3.5143772406052562,0.819821865787113,3.4743405570511943,2.417063080082503,4.964912883579351,0.004529479333956507,0.0039961417125513,0.0032967010955369143,0.0006690058283532341,0.014272064967214835,96.3846890344446,1.708703533824536,96.4060972629521,92.94565217391305,98.79078886156708,3.615310965555399,1.708703533824537,3.593902737047899,1.2092111384329114,7.054347826086955,0.001367989056087593,0.009673143381485212,0.0,0.0,0.0,2.1316282072803008e-18,8.180185775727475e-18,0.0,0.0,1.8355687340469224e-17,0.0,0.0,0.0,0.0,0.0,6.502344453661948,0.23695161264815526,6.523107829711607,6.044161033744309,6.857122722345192,55.39596415074026,1.4447976449078204,55.63663621977643,52.78428977783862,57.363977014729564,1019.64,32.54871388411842,1019.5,965.9,1072.4,54.06459237663395,1.9606148241188854,54.17323121145414,50.7290343473174,56.495140532790984
stress_w75_p1_kw5,C1,74.53916666666667,1.6154636891118903,74.60416666666667,72.05625,76.8,99.74260266425652,0.11874641186910227,99.74841215717208,99.52969042745414,99.94379570373047,2.1247903747167083,2.2170122263049308,1.2552375350788227,0.4624516215830323,7.721337761433775,136.6430933938813,41.364195359638536,133.2485992357246,76.69613983543289,208.759907824274,1.446708638321593,1.9765626787694783,0.6297491630268268,0.1663603403989756,6.454907297093653,84.7818394242855,6.029131058591046,84.98631577039495,73.98283124011039,93.69258611574281,15.218160575714496,6.029131058591046,15.013684229605058,6.307413884257192,26.01716875988961,7.714219264604871,6.767753898386055,5.82099596231494,0.27571028411364273,21.312080022091983,30.3278164859487,17.7675912383682,27.015478410578382,6.010768633083851,63.10147507549088,0.0,0.0,0.0,0.0,0.0,6.120105736036709,2.699856791257526,5.8429535302672715,2.5513059181305304,10.696084102066088,21.30176920485956,3.280250558489651,21.14583361128749,16.73813406850657,26.77301729958288,0.0,0.0,0.0,0.0,0.0,0.0,0.0,0.0,0.0,0.0
stress_w75_p1_kw5,C2,74.56416666666667,1.618548811467245,74.66666666666667,72.05625,76.85625,99.77596213295168,0.10842101507904245,99.77728285077951,99.60578893491271,99.94428968060267,0.205444579661316,0.04023828176992924,0.19740312043307107,0.1511540762048924,0.26406074093628235,3.5102021066984177,0.8230897482718921,3.4743405570511943,2.3929565213141224,4.964912883579351,0.004519803917318881,0.00399253934787191,0.0031959428518257694,0.0006690058283532341,0.014268134071326311,96.39673860871159,1.7058777620792438,96.49593141528626,92.94565217391305,98.79078886156708,3.6032613912884193,1.705877762079242,3.5040685847137434,1.2092111384329114,7.054347826086955,0.001367989056087593,0.009673143381485212,0.0,0.0,0.0,2.6053233644537007e-18,9.948403872032013e-18,0.0,0.0,1.8355687340469224e-17,0.0,0.0,0.0,0.0,0.0,9.373218760972655,0.4089471492199707,9.361646746140096,8.762162887543699,10.011952393693827,37.167758960137185,1.0832166344235235,36.95020305574933,35.68284322185537,39.0292120857697,536.26,37.780142716425374,534.5,479.05,597.4499999999999,36.610054077127984,3.8923929315226453,37.366754324234236,30.119188084611572,41.89794479341196
stress_w75_p1_kw5,C3,74.56416666666667,1.618548811467245,74.66666666666667,72.05625,76.85625,99.77596213295168,0.10842101507904245,99.77728285077951,99.60578893491271,99.94428968060267,0.20548209993820266,0.04027790263902284,0.19758433423921157,0.15125004840883766,0.2640799062672239,3.5102021066984177,0.8230897482718921,3.4743405570511943,2.3929565213141224,4.964912883579351,0.004523794331468143,0.003993528009410987,0.0031959428518257694,0.0006690058283532341,0.014268134071326311,96.39673860871159,1.7058777620792438,96.49593141528626,92.94565217391305,98.79078886156708,3.6032613912884193,1.705877762079242,3.5040685847137434,1.2092111384329114,7.054347826086955,0.001367989056087593,0.009673143381485212,0.0,0.0,0.0,1.4210854715202004e-18,5.153649769113082e-18,0.0,0.0,1.1842378929335004e-17,0.0,0.0,0.0,0.0,0.0,9.341033065833411,0.39741975156678633,9.271047206825248,8.826505114133811,9.990855240919718,37.06956493946567,1.0897676278226358,36.91279096359956,35.42646991561636,38.780304109072674,528.58,38.189158628263776,528.0,470.45,591.0,54.87943507376479,2.418801296879105,55.05227099620745,51.390610874338115,58.51241134751773
stress_w75_p1_kw5,C4,74.56416666666667,1.618548811467245,74.66666666666667,72.05625,76.85625,99.77596213295168,0.10842101507904245,99.77728285077951,99.60578893491271,99.94428968060267,0.20538976753136157,0.04022701989588676,0.19760764650997167,0.15115721255850073,0.2638283082806466,3.512290153477023,0.8212485458292116,3.4743405570511943,2.3929565213141224,4.964912883579351,0.004518537494709152,0.0039891882713225715,0.0031959428518257694,0.0006690058283532341,0.014268134071326311,96.38599010917325,1.710179905148246,96.49593141528626,92.94565217391305,98.79078886156708,3.614009890826739,1.7101799051482494,3.5040685847137434,1.2092111384329114,7.054347826086955,0.001367989056087593,0.009673143381485212,0.0,0.0,0.0,1.4210854715202004e-18,5.153649769113082e-18,0.0,0.0,1.1842378929335004e-17,0.0,0.0,0.0,0.0,0.0,8.42058538089031,0.31696134765721673,8.37594937905925,8.032718981578261,9.037081003692856,36.360602981442455,0.9973710983165379,36.3556171665693,34.95393116674357,37.94120055858259,510.64,35.877205542670424,509.5,458.7,575.5,51.98213317302174,2.503526860730103,51.92381082186179,47.85317249618372,55.51546239405214
stress_w75_p2_kw1,C1,67.10833333333333,4.421918005067192,67.52083333333334,58.30833333333334,73.57708333333333,89.85844028670455,6.441356471776849,90.48632631945506,76.83201392348016,98.90778300436574,102.05635015504633,38.15927566109727,97.51750736328393,39.764703183078225,162.55045763970247,680.3724379278053,115.41378040967807,654.3966921280748,524.9397632619941,898.4462017176502,99.1828432759416,38.102146437656586,94.52470447680838,36.92535060405518,159.97167153895643,39.082060944975325,5.1727075747314295,39.07147988505747,31.419791428291212,46.62125340599455,60.917939055024675,5.17270757473143,60.92852011494253,53.37874659400545,68.58020857170878,57.94930573505628,5.354695340550981,58.154993653645946,49.10021171489061,65.43017057697342,132.1928233485322,37.67473540061115,127.90658134943355,67.24907715012905,199.90342946836546,0.0,0.0,0.0,0.0,0.0,7.630577981432724,3.4686686859424727,7.27422583980967,3.3578472767852974,13.522935014156483,66.49713486598321,9.981571038900395,66.17770629039353,51.11640926507013,86.30160278432982,0.0,0.0,0.0,0.0,0.0,0.0,0.0,0.0,0.0,0.0
stress_w75_p2_kw1,C2,67.18666666666667,3.8994705001327925,67.625,61.025,73.4625,89.94460444431363,5.549795587406212,89.46923647146033,80.30623348360018,99.26432383119844,35.63771697557343,23.550650556697192,30.656890348675336,8.487242557701272,85.44662448667668,597.7294763745227,145.8072912759708,620.9891651394682,361.6558097593825,854.3037495808143,34.10633272308061,23.348538940524783,29.11451905991251,7.395018974759946,83.52433723402018,66.97421867754804,10.117841107932993,66.81034482758619,50.78376232382716,80.52810567042066,33.02578132245197,10.11784110793299,33.189655172413794,19.47189432957934,49.21623767617283,27.052302642263886,9.959751087646046,27.591144324062647,11.369526863244456,40.65953289712831,92.85178358505237,48.83429122703952,88.4061804673479,24.82271849626617,172.0349203389653,0.0,0.0,0.0,0.0,0.0,8.598331083713761,2.6828594067528377,8.33182029303926,5.260957247231802,13.592490121193785,79.97664934362068,7.972223166006935,80.17509541774294,67.05389028242493,91.79542920485527,493.88,94.36266124232982,496.5,329.6,649.7499999999999,22.388388306384442,7.32250068654648,21.340996967926785,13.231800967809805,34.383374350560565
stress_w75_p2_kw1,C3,66.345,4.6903027524134355,66.91666666666666,59.389583333333334,73.10416666666667,88.86599613276661,7.2006994073687665,89.8809106560905,78.5709287174601,99.85947146052851,38.99837554550492,29.661627010924086,33.35468633875874,0.2067871079313393,88.40318889128108,675.5020558851194,290.4820124453391,722.887912889583,3.154163666730263,979.8995366616696,38.23410438638366,29.255932539508397,32.702464070518324,0.003290851079070367,86.90596782089641,84.42744088886313,9.225876436489198,85.66671054363565,69.26470588235294,96.20359374193215,15.572559111136863,9.2258764364892,14.333289456364355,3.796406258067848,30.73529411764705,12.38809775956125,9.05004573783776,10.086692368245764,0.0,27.202339986235373,174.3010858442384,74.99781873111807,191.59591141284113,0.0,243.12128906592292,0.0,0.0,0.0,0.0,0.0,8.917123672412458,3.0210563817726395,8.20040742631533,4.807157201878616,13.693272028015034,84.42363123467469,15.513029865509834,88.40291025385892,50.68481568583931,102.2788417393371,646.74,84.01720183439599,655.0,508.3,779.65,58.53583892568634,6.1458567248219715,59.543460335734395,48.41294024093879,67.38750298400574
stress_w75_p2_kw1,C4,66.59833333333333,4.960899838828068,66.77083333333334,59.34583333333333,73.53958333333333,89.20831065221122,7.539619065479439,89.00056689342404,77.8922643038496,99.83277985735452,37.04141785014481,31.42341294782006,30.494716148753817,0.22118953332707805,94.82256782447203,650.7571498210257,254.9389751047535,713.8829494175802,3.4324254554136298,951.3327654865539,36.2718016675298,31.021354141839474,29.835072288010664,0.005339524378321922,93.45271752637491,84.16798664051332,9.244616981088773,84.82478300297967,69.13865546218487,96.49455258945629,15.832013359486677,9.244616981088773,15.175216997020335,3.50544741054371,30.861344537815125,12.090106099452084,9.01282352951223,11.057205717399887,0.0,26.308518163143763,164.4118660979915,77.29929470097294,178.1897395461599,0.0,242.63455036970603,0.0,0.0,0.0,0.0,0.0,8.5234631249063,2.9940606870940822,7.841290744603201,4.457729331974492,12.28827456144019,84.02174289923114,13.776653875618075,86.6851386252366,50.87391380835206,97.91604356091142,640.0,84.11726508698605,641.0,501.0,779.65,53.44440673326461,6.08328907484406,54.53632534766065,41.838784202763314,60.98671984840149
stress_w75_p2_kw3,C1,74.5375,1.609505538428276,74.625,72.05625,76.8,99.7405498446175,0.12735060417590216,99.74933487464094,99.49907474159346,99.91937214506882,3.5205078958357467,2.6765076015083022,2.7862716487846475,0.800889144641503,9.419639587464662,154.8089248154154,40.62614395966416,157.59965624335274,94.45465773537727,224.0033131220775,2.6454668531605643,2.462281062716443,1.772146838322176,0.2918104379195677,8.148854279845004,80.7972679788431,5.016070924326325,80.33970870678617,73.44524441076166,89.08579605454463,19.202732021156905,5.016070924326321,19.660291293213827,10.914203945455382,26.554755589238347,12.43496595283311,6.278509313719289,13.414201035560264,1.7845804988662153,22.350326681512335,11.760987856496705,9.426015766159546,9.691673047566518,0.0,28.994294628266612,0.0,0.0,0.0,0.0,0.0,6.046045002533362,3.619029303957967,4.909026873657101,2.3565685582328513,14.024941652321989,17.505159013190827,3.744485952144644,16.393752587042506,13.82737649852364,24.644638259980937,0.0,0.0,0.0,0.0,0.0,0.0,0.0,0.0,0.0,0.0
stress_w75_p2_kw3,C2,74.56333333333333,1.6181334954416713,74.66666666666667,72.05625,76.85625,99.77485716057599,0.10693707142886001,99.77728285077951,99.60578893491271,99.94323140298148,0.20871195809815976,0.040154951368849966,0.20106540006668489,0.1545054473132041,0.2670476087498232,3.5129484507069413,0.816162727879332,3.4743405570511943,2.3929565213141224,4.961917445493388,0.004538526587173609,0.003984656815172071,0.0032657096751849066,0.0006476212754018545,0.014238629227239567,96.35713177786499,1.7132388601512674,96.30681818181817,92.81521739130434,98.79078886156708,3.6428682221349957,1.7132388601512694,3.6931818181818232,1.2092111384329114,7.18478260869565,0.001367989056087593,0.009673143381485212,0.0,0.0,0.0,7.664387643065614e-16,5.1440549601172456e-15,0.0,0.0,1.2552921665095064e-16,0.0,0.0,0.0,0.0,0.0,9.620028985632102,0.3931925822996592,9.580022808992451,8.971230274324203,10.25660925858906,32.21688740129133,0.9932848222688337,32.170867357853986,30.772613645122913,33.84784578227732,285.64,38.09695472322786,285.5,235.45,360.29999999999995,34.79341340201576,6.2459330710948935,34.72774816000361,24.7517274626386,43.65789517904253
stress_w75_p2_kw3,C3,74.56333333333333,1.6181334954416713,74.66666666666667,72.05625,76.85625,99.77485716057599,0.10693707142886001,99.77728285077951,99.60578893491271,99.94323140298148,0.20867136257866875,0.0401629124043055,0.20124117865606733,0.15458972967706694,0.26702263226181905,3.5129484507069413,0.816162727879332,3.4743405570511943,2.3929565213141224,4.961917445493388,0.004535851574301324,0.003985446813862674,0.0032224057983340614,0.0006476212754018545,0.014238629227239567,96.35713177786499,1.7132388601512674,96.30681818181817,92.81521739130434,98.79078886156708,3.6428682221349957,1.7132388601512694,3.6931818181818232,1.2092111384329114,7.18478260869565,0.001367989056087593,0.009673143381485212,0.0,0.0,0.0,1.0255500152804113e-15,6.9102500569971156e-15,0.0,0.0,2.936909974475076e-16,0.0,0.0,0.0,0.0,0.0,9.593006523429551,0.4023657497301722,9.592486415714346,8.949670948595825,10.25133671527992,32.14137412683714,1.0018658001768164,32.11173877092254,30.75382751261063,33.66900248553019,302.9,40.96202821030766,301.5,239.9,377.59999999999997,56.12924973029022,5.3754796296456835,57.32105066600275,48.889757020864515,63.18727154934534
stress_w75_p2_kw3,C4,74.56333333333333,1.6181334954416713,74.66666666666667,72.05625,76.85625,99.77485716057599,0.10693707142886001,99.77728285077951,99.60578893491271,99.94323140298148,0.20863564267905552,0.04015924989922144,0.20128816582429826,0.15418926435553149,0.2671086538315738,3.5129484507069413,0.816162727879332,3.4743405570511943,2.3929565213141224,4.961917445493388,0.004532972865883305,0.003986311077070413,0.0032224057983340614,0.0006476212754018545,0.014238629227239567,96.35713177786499,1.7132388601512674,96.30681818181817,92.81521739130434,98.79078886156708,3.6428682221349957,1.7132388601512694,3.6931818181818232,1.2092111384329114,7.18478260869565,0.001367989056087593,0.009673143381485212,0.0,0.0,0.0,4.571158266723311e-17,2.2694945646918147e-16,0.0,0.0,1.2552921665095064e-16,0.0,0.0,0.0,0.0,0.0,9.13218046704224,0.3312376006315058,9.074438790738913,8.667715622388512,9.629223629491758,31.839830544311752,0.9403397866217166,31.82338097296838,30.45324023103373,33.52428999609764,285.9,39.99196347839329,280.0,233.45,358.74999999999994,50.736824901418224,4.960262445436948,51.08428305889863,42.81850961538461,58.170744680851065
stress_w75_p2_kw5,C1,74.55333333333333,1.6101831912229911,74.66666666666667,72.05625,76.8,99.76170114144173,0.11162208098417707,99.77432959337949,99.60578893491271,99.94323140298148,0.8042310531969096,0.43285365199248216,0.6390308631899722,0.4363098970330075,1.842647050895823,80.16733069997714,21.72103317177129,77.18420070346832,52.85703530336007,112.2483016478002,0.3608238338090263,0.3231137050088948,0.21712553135148932,0.13645606404893632,1.1217892340198015,90.06645428727096,3.1429149362936597,90.28130897696116,83.99065420560747,94.65061747102054,9.933545712729046,3.142914936293664,9.718691023038843,5.349382528979468,16.009345794392527,3.011714480592364,3.111873413493955,1.667905425473809,0.24207648818241112,9.612960114346926,2.1094627908119814,2.8260242027110034,0.0,0.0,7.167921857937794,0.0,0.0,0.0,0.0,0.0,5.418432562550391,2.2587285501053014,4.601976301081702,2.3048916683963974,8.938157138091544,9.891148789403074,1.3055997585789711,9.82459942518367,8.266730624135795,12.3458297638469,0.0,0.0,0.0,0.0,0.0,0.0,0.0,0.0,0.0,0.0
stress_w75_p2_kw5,C2,74.56333333333333,1.6181334954416713,74.66666666666667,72.05625,76.85625,99.77485716057599,0.10693707142886001,99.77728285077951,99.60578893491271,99.94323140298148,0.20634773827396874,0.04008303840411248,0.1988749089894048,0.15245963349358005,0.26493520060701337,3.5075480867153255,0.8216661325086188,3.438690012012133,2.3929565213141224,4.961917445493388,0.00451402609033555,0.003988283008350085,0.0031959428518257694,0.0006476212754018545,0.014238629227239567,96.39080854957902,1.7180034813269618,96.49593141528626,92.81521739130434,98.79078886156708,3.6091914504209774,1.7180034813269636,3.5040685847137434,1.2092111384329114,7.18478260869565,0.001367989056087593,0.009673143381485212,0.0,0.0,0.0,2.960594732333751e-16,9.915841337717393e-16,4.144832625267251e-17,0.0,1.421085471520195e-15,0.0,0.0,0.0,0.0,0.0,9.818135036791148,0.4451512636544052,9.751123689336609,9.263532045868603,10.533808042908865,19.036529432033138,0.6073009942348805,19.103210038749772,18.155705583000554,19.936909953671694,100.66,15.005590794835136,98.5,78.9,123.74999999999999,33.91985452870371,6.868198055557527,34.178433889602054,22.688466494845365,45.119565217391305
stress_w75_p2_kw5,C3,74.56333333333333,1.6181334954416713,74.66666666666667,72.05625,76.85625,99.77485716057599,0.10693707142886001,99.77728285077951,99.60578893491271,99.94323140298148,0.20630640295729705,0.04010844420611969,0.19864057412276337,0.1524537755692001,0.26490177252981606,3.5075480867153255,0.8216661325086188,3.438690012012133,2.3929565213141224,4.961917445493388,0.004510459696009998,0.0039863449003414925,0.0031959428518257694,0.0006476212754018545,0.014238629227239567,96.39080854957902,1.7180034813269618,96.49593141528626,92.81521739130434,98.79078886156708,3.6091914504209774,1.7180034813269636,3.5040685847137434,1.2092111384329114,7.18478260869565,0.001367989056087593,0.009673143381485212,0.0,0.0,0.0,3.9174589498240195e-16,1.4012782905203534e-15,0.0,0.0,3.450869220008208e-15,0.0,0.0,0.0,0.0,0.0,9.809688240336381,0.4157336632957546,9.80245498501116,9.187212176853528,10.440540399987162,19.01598031470646,0.5946431682910495,19.02915108123606,18.153843788010292,20.044171958393267,109.14,16.99460898914351,104.5,86.8,142.2,50.812001108536045,8.373572717430278,49.79338842975207,37.98789134940548,63.727511426626464
stress_w75_p2_kw5,C4,74.56333333333333,1.6181334954416713,74.66666666666667,72.05625,76.85625,99.77485716057599,0.10693707142886001,99.77728285077951,99.60578893491271,99.94323140298148,0.20627596923235728,0.04006341064149961,0.19877208783291167,0.15247562667883457,0.264862098683106,3.5089741085168877,0.8215569258342135,3.4743405570511943,2.3929565213141224,4.961917445493388,0.004512712395199454,0.003985969787888216,0.0031959428518257694,0.0006476212754018545,0.014238629227239567,96.39080854957902,1.7180034813269618,96.49593141528626,92.81521739130434,98.79078886156708,3.6091914504209774,1.7180034813269636,3.5040685847137434,1.2092111384329114,7.18478260869565,0.001367989056087593,0.009673143381485212,0.0,0.0,0.0,2.842170943040401e-16,1.1407211953692123e-15,0.0,0.0,8.218610976958469e-16,0.0,0.0,0.0,0.0,0.0,9.580146143436632,0.44981298286497845,9.574373140933517,9.031787679448811,10.4161272176378,18.9233976341631,0.6117657397186966,18.96325757058852,18.040659929877254,19.899678269213567,105.44,16.36467075683442,102.5,81.45,133.1,46.383393264442354,7.916283464534143,48.530595813204506,33.7079081632653,56.60223367697594
stress_w90_p1_kw1,C1,55.1925,4.847094312160128,56.395833333333336,46.21458333333334,61.545833333333334,61.57457274609763,5.650906241876169,62.80924930936564,51.413666671669795,68.67138097504589,391.64296215574797,95.24248295036433,372.4704454681678,265.94484553633134,584.067090896511,1584.2698370549488,228.30916991648812,1546.9127074880962,1257.4978482961353,2003.5551961702397,388.3085422101862,95.21763614697433,369.0780203790738,262.68622613557784,580.7164824143354,28.549376058333955,3.9764202846893717,28.919668786233252,22.362295945234333,34.32193151039033,71.45062394166604,3.976420284689372,71.08033121376674,65.67806848960969,77.63770405476566,66.91439158496442,3.900958276874585,67.53625545726422,61.17553674288707,72.40793384343867,860.3749328121219,169.48562556180104,812.4211643543435,641.5836467329218,1197.530706143124,0.0,0.0,0.0,0.0,0.0,9.708705272356475,3.110512154386857,9.402544965362406,5.6646739934237536,15.505089054482962,174.1054413145191,16.123596611786837,170.8188648589355,155.23993181963394,203.70997843213672,0.0,0.0,0.0,0.0,0.0,0.0,0.0,0.0,0.0,0.0
stress_w90_p1_kw1,C2,57.87833333333333,4.143873370161848,58.625,49.45625,62.84375,64.55889723687716,4.805631856716146,64.88233961286981,55.36645711779778,71.34425540852762,330.7588708773768,78.9637914815854,319.24900472665666,221.0009526298933,479.7338088737658,1527.574751038252,274.4851492152681,1434.6040623861982,1230.874164336648,2021.7092330579026,327.6170793312226,78.91976748990751,316.01187974594967,218.1087429301565,476.673092600418,32.514768408883654,5.151432289186896,32.12826558961548,24.23072415023187,40.51761192612074,67.48523159111636,5.151432289186897,67.87173441038452,59.48238807387926,75.76927584976814,62.26842966767104,5.151512456972852,62.412845266827574,53.8412060616181,69.47637512667491,806.3757836459116,170.08648384034893,751.9476270607068,622.8884325400916,1094.2587756244698,0.0,0.0,0.0,0.0,0.0,9.763171505854414,3.935657140165285,8.461550626080708,5.591105063813263,17.371030123073105,179.41488858372378,19.18872333289263,175.65353071456525,153.95446690724867,217.11355796017898,242.0,46.84015371452147,246.5,171.0,312.1,22.95909327554642,7.184741129686965,21.66776591917496,12.461045028663788,34.51594007826715
stress_w90_p1_kw1,C3,54.03833333333333,3.136343809969032,54.52083333333333,46.427083333333336,57.875,60.27496962004252,3.6600246614196896,61.111111111111114,51.63217175542357,64.1182042570821,377.380866698841,67.20107199992239,353.71594208697957,306.32411747913136,517.9059105396897,1603.7528160316933,269.53999710688504,1528.8596899651245,1327.918622405695,2100.898316192274,374.53265909758227,67.10176813807566,350.7383628941176,303.7438170387881,514.9061847516035,39.11053900960762,4.984249038337288,39.7779666315008,29.31152005888848,45.742176870748295,60.88946099039237,4.984249038337291,60.2220333684992,54.2578231292517,70.68847994111152,56.36356347212719,4.536714647507778,55.68554162094908,49.400082483503304,62.909829170132014,861.3797506647985,154.7690200356053,809.4227356007387,683.7775012865313,1184.1641620400223,0.0,0.0,0.0,0.0,0.0,9.561962860510251,3.9195625531603073,8.423772688436957,5.44941319583102,16.157858663485875,179.14712570960464,20.093607951379685,174.16635009659757,157.18456082195,214.40619016625763,304.08,50.99333289754652,313.0,228.85,378.1,43.692917214282545,8.180671697273446,43.620051794302626,29.0,54.520081061164326
stress_w90_p1_kw1,C4,54.8,2.70511975751432,55.479166666666664,49.25208333333334,58.104166666666664,61.118860555743964,3.116754902247531,61.58268756276365,55.08154706430569,65.68838456364121,367.740441212436,56.30499085633338,361.50346420643785,287.22986932333475,469.98056071201216,1632.7100757597123,254.21621979808222,1583.8526038818786,1308.232020257804,2109.067131016584,364.8423315345714,56.254115570552806,358.7691425394014,284.4232153337349,466.87702815657525,37.88304216033585,5.0949657915190345,38.27132189178567,29.183814374646293,45.18431876606684,62.11695783966415,5.094965791519036,61.728678108214325,54.81568123393316,70.81618562535371,57.023369202741186,4.553512891799491,57.00968724574435,49.714833818950495,64.05131360693457,880.0885128206328,146.85015133446663,870.8773228657254,703.6876200946743,1135.501857271835,0.0,0.0,0.0,0.0,0.0,10.319848299933426,3.770401147186691,10.196742899784525,5.702139749988014,17.36763158446231,183.44673865164566,17.705789644620197,179.6574257113624,158.76800010594798,207.97370751550432,285.82,51.09003257555654,290.5,216.25,365.24999999999994,38.25441571707618,8.026302825458831,38.22821610272147,25.337052205432375,51.18870035427931
stress_w90_p1_kw3,C1,87.6125,2.383885841719188,87.45833333333334,83.3125,91.01666666666667,97.70986945029675,2.7095753755982765,99.15219314495701,92.51746182804574,99.77282961036948,38.95400845611434,27.745859724084408,31.829837716618066,6.914020413475917,96.9453375434619,325.86733865918046,77.50920464540596,311.3510495883647,224.18835898406041,465.3193996807544,36.12426957741188,27.344000165737498,28.744684706588515,5.2648035181072625,93.70251235839308,37.85862376846589,9.755411898342262,36.059381372380415,24.156402737047898,55.79942429817793,62.14137623153411,9.755411898342262,63.940618627619585,44.20057570182207,75.8435972629521,52.33394151541047,15.355843766919524,56.32341443147877,25.91364624563325,71.91324055719159,104.99543376843407,42.406942258825836,98.13041929154211,45.092294538401255,180.66814035353556,0.0,0.0,0.0,0.0,0.0,9.697481527911625,3.6108311274043885,9.732172553469223,4.891530535811217,15.791523986721211,55.286684342493466,6.823242352768439,54.37108652153863,45.49615770225986,65.80054542304853,0.0,0.0,0.0,0.0,0.0,0.0,0.0,0.0,0.0,0.0
stress_w90_p1_kw3,C2,88.81666666666666,1.8400849704328042,88.72916666666666,86.43541666666667,91.66041666666666,99.03658041787325,1.1605518807747932,99.66972679249987,96.65465271615915,99.88663631399186,4.012084485594416,4.699941078584521,2.203636042901778,0.48597900294003615,10.761643159136685,165.06498059057125,80.98063447171229,152.8239603334198,78.29328009591336,310.0817953654763,2.8405871641539786,4.276749172084261,1.0653449473415166,0.05205932572254638,8.794765856828354,72.59115278342908,12.162063095268273,73.52481733434115,55.82952815829528,90.35837438423644,27.40884721657092,12.162063095268268,26.475182665658853,9.64162561576355,44.17047184170472,13.600512135899821,12.25796919313147,8.215419698637294,0.05858230814294041,33.67522891906298,25.505780584246764,26.48214567374059,17.17112403689418,0.0,76.93466471889894,0.0,0.0,0.0,0.0,0.0,8.65608947503589,3.1396595630148507,7.721832017829263,5.769743438233018,15.053167023435627,55.954634627709154,6.864056846177798,55.20358563697971,45.73208900034066,70.12716272102847,535.74,107.99127137818849,534.0,386.0,694.85,17.23898048964643,4.512009738376229,16.832103937103483,10.861926447632042,25.236772193335103
stress_w90_p1_kw3,C3,87.32416666666666,3.0048063586252063,87.875,81.14583333333333,90.725,97.41822728622851,4.138386495095949,99.71590488831868,88.54504927900366,99.93180807039745,6.073480796758625,10.885657103379476,0.5137655831977338,0.3668503238179279,31.021684686309058,141.88770872635132,203.22481494709243,5.9562211256102575,3.6605550651286225,498.7604047733393,5.459050589430144,10.56983293005967,0.025043376115170393,0.008157530239979246,29.67981936861783,85.2878906613483,7.840588108378078,87.43864346273985,67.46914446002805,92.99548440065682,14.712109338651699,7.840588108378076,12.56135653726015,7.004515599343183,32.53085553997193,3.5606416180659437,6.525393511536348,0.14719884221350843,0.0,18.606695836580993,54.859611256030846,81.81502853364753,0.0,0.0,197.24320295998254,0.0,0.0,0.0,0.0,0.0,6.998926564967207,2.0938243116329485,6.029879268774907,5.6190532685834675,12.70513672068078,48.662987162800746,11.127299619512845,42.45013280112172,39.531726759579875,68.18932192171053,667.64,81.18227412836538,692.0,518.4,754.1,57.80580302251833,2.6064418432150873,57.96896989111917,53.02700544464609,61.69013451216857
stress_w90_p1_kw3,C4,87.615,2.8283464516911017,88.33333333333333,81.89166666666667,90.875,97.73662208548744,3.837399504675007,99.71590488831868,89.04361848485532,99.93180807039745,5.168601722597304,9.937659945566981,0.5219464078904339,0.3668503238179279,30.47695731130939,127.31006395767515,179.5970471742141,6.178811092501231,3.6605550651286225,454.06520980152214,4.5444914262448775,9.629219903978525,0.02618323620977247,0.008157530239979246,28.900293977777633,84.96965066547682,8.065635732756931,87.09538447207862,65.87949176096883,92.99548440065682,15.030349334523185,8.065635732756931,12.904615527921383,7.004515599343183,34.12050823903117,3.579730517519928,6.496150956958627,0.14719884221350843,0.0,18.29824318458832,42.811345025060255,68.63909981717929,0.0,0.0,180.61662653355674,0.0,0.0,0.0,0.0,0.0,6.235318278489111,2.2797498086070673,5.17282537938981,4.686872840839344,11.367855358763965,48.36694547902396,10.265866655611754,42.64004860261501,39.531726759579875,67.09788479436818,662.56,86.64828271788878,692.0,498.05,754.1,50.07579384087505,2.552099230447682,50.2626329787234,45.01985959447794,53.474597776988276
stress_w90_p1_kw5,C1,89.2025,1.715587510019572,89.4375,86.375,92.14791666666667,99.46495174746138,0.6322521620216327,99.59235785859872,99.01228858433754,99.88593020512499,7.757473215474275,6.366728120422469,6.270486974484733,1.7137531231361034,18.45917131252755,148.24892591735264,40.9610017162202,143.11419966454704,96.42592444885447,212.98902662131886,6.083076620056947,6.017506387100686,4.556447950923857,0.5789593981303064,16.150746942168944,61.29021985111822,8.94975433216072,61.255036765542826,48.16447368421053,74.71812188293377,38.70978014888178,8.94975433216072,38.744963234457174,25.281878117066213,51.835526315789465,23.73685292786625,10.105966082682682,23.869694157888034,8.302723002737594,37.416433446431476,41.60894337470751,23.61389185005956,39.948378867780825,13.338177443924167,80.57269594501024,0.0,0.0,0.0,0.0,0.0,8.824249368704958,3.6897794371800146,8.900419330216828,4.246895827414824,15.380212504969887,33.0291824172683,5.127468595056904,33.36234003945536,24.69084048500162,41.86442566963755,0.0,0.0,0.0,0.0,0.0,0.0,0.0,0.0,0.0,0.0
stress_w90_p1_kw5,C2,89.49083333333334,1.7549187837736857,89.5625,86.66458333333334,92.31458333333333,99.78380838512321,0.12492063427695006,99.81282134379735,99.53670455506423,99.95261356609899,0.49799127723214076,0.10080785054085227,0.47785481906960503,0.36657119667573507,0.7015192756172932,6.160482283696708,6.580070540058123,5.168371536977914,3.6605550651286225,7.694203431657996,0.02385660878429035,0.017085586881697916,0.017841030397818935,0.008157530239979246,0.051935375027881855,88.23039109461675,3.2686469586908466,87.9624480123803,82.23359825463612,92.99548440065682,11.769608905383238,3.268646958690848,12.037551987619693,7.004515599343183,17.76640174536388,0.19463112511345582,0.3858573021333767,0.0,0.0,0.8846029154709707,3.789561257387201e-18,1.540159803526216e-17,0.0,0.0,2.3684757858670008e-17,0.0,0.0,0.0,0.0,0.0,9.326761540229542,0.504006299665025,9.3282610954472,8.53792699148379,10.035740685058693,39.168279975574045,1.361788997562309,39.21773773504096,36.87015536913679,41.35411955653641,667.76,30.824427101285288,670.5,614.8,706.55,20.914159513827578,6.529441814480852,20.372783318409653,11.380223405486747,31.210751165128386
stress_w90_p1_kw5,C3,89.49083333333334,1.7549187837736857,89.5625,86.66458333333334,92.31458333333333,99.78380838512321,0.12492063427695006,99.81282134379735,99.53670455506423,99.95261356609899,0.4966708456895524,0.09796088298084744,0.47781171969685465,0.36656067825173305,0.6886997531308152,5.2661919927400795,1.2309682089768448,5.168371536977914,3.6605550651286225,7.269771780174011,0.023304565045977565,0.016088549284476103,0.017841030397818935,0.008155034524931767,0.049158756904405965,88.243034894619,3.253811973333197,87.88738712382735,82.52392083528129,93.04257465698144,11.756965105381006,3.253811973333204,12.11261287617264,6.95742534301856,17.476079164718715,0.1923362312522969,0.38424266133559254,0.0,0.0,0.8846029154709707,5.447494307494102e-18,1.8096387409655e-17,0.0,0.0,3.671137468093845e-17,0.0,0.0,0.0,0.0,0.0,9.367328004831059,0.43266574107338535,9.426798523266475,8.639759615617821,9.995174810094877,39.35651713724278,1.3309151561428711,39.543107415470885,37.08628964308983,41.61039977391048,667.18,28.43373248198594,671.0,618.9,709.0,56.50683369531318,2.3565977042962865,55.93853133096116,52.85334949802153,59.93023255813954
stress_w90_p1_kw5,C4,89.49083333333334,1.7549187837736857,89.5625,86.66458333333334,92.31458333333333,99.78380838512321,0.12492063427695006,99.81282134379735,99.53670455506423,99.95261356609899,0.4966490549952877,0.09798691539351365,0.4778122211380884,0.36625986863142995,0.6886997531308152,5.2661919927400795,1.2309682089768448,5.168371536977914,3.6605550651286225,7.269771780174011,0.023303764253006197,0.016088877614965302,0.017841030397818935,0.00815352771960171,0.049158756904405965,88.243034894619,3.253811973333197,87.88738712382735,82.52392083528129,93.04257465698144,11.756965105381006,3.253811973333204,12.11261287617264,6.95742534301856,17.476079164718715,0.1923362312522969,0.38424266133559254,0.0,0.0,0.8846029154709707,5.2106467289074014e-18,1.6774973714855018e-17,0.0,0.0,3.671137468093845e-17,0.0,0.0,0.0,0.0,0.0,7.996019089956814,0.34696504493662556,8.005655781970392,7.400719385152597,8.490522247488814,38.62270834541843,1.0389881445287243,38.67583252279178,36.97836678271571,40.421351270300995,652.32,24.472758699569333,655.5,602.25,682.55,50.08845802091434,2.7757369135696606,50.146627565982406,45.98915902238758,54.81887296489314
stress_w90_p2_kw1,C1,72.15916666666666,4.966766609162005,72.89583333333334,63.302083333333336,78.28958333333333,80.4928175956768,5.816174322065914,81.27908923192471,70.28833866275357,88.4608777848614,177.44675888106877,48.592102802284785,168.2971145069768,108.48176977255869,267.48628234550876,733.563199339492,115.94479524101045,707.2029846277646,577.8940136576299,966.1228632239577,174.11233893550707,48.59480121024483,165.11231661999057,105.21112650184045,264.02262868122517,28.549376058333955,3.9764202846893717,28.919668786233252,22.362295945234333,34.32193151039033,71.45062394166604,3.976420284689372,71.08033121376674,65.67806848960969,77.63770405476566,66.91439158496442,3.900958276874585,67.53625545726422,61.17553674288707,72.40793384343867,150.23406301473085,46.291863212052164,141.00406650953363,82.71022591157286,221.85418502767655,0.0,0.0,0.0,0.0,0.0,10.16472667652511,3.934580194660414,9.942032479589718,4.730818694232497,17.849123513507664,86.24810436964792,9.90453374049143,84.47477601963539,74.16785243054115,103.8933545855504,0.0,0.0,0.0,0.0,0.0,0.0,0.0,0.0,0.0,0.0
stress_w90_p2_kw1,C2,74.62333333333333,5.260941519246743,75.22916666666667,66.41250000000001,81.28333333333333,83.23254875393481,6.01259468193258,83.52405245363929,73.96564326491954,91.02322562001802,128.80217255404105,40.85555527381826,123.29793080233867,72.95485058932192,203.474369010606,673.8953071145532,114.48273566571154,651.1910066906794,528.7630476925883,887.1554213819055,125.83581600949967,40.87222513754047,120.45667054599512,70.11884453366386,200.33638943683567,36.039303807130025,6.6162095726883665,34.92595445283864,26.783339445055617,47.54049107662361,63.960696192869975,6.616209572688367,65.07404554716135,52.45950892337638,73.21666055494438,57.97107218000975,6.534745046878486,58.621224973517485,45.57490081076419,67.63209920568055,125.33550191433311,44.36551894714999,123.51015531668288,52.02995358441241,201.4159046613366,0.0,0.0,0.0,0.0,0.0,8.870034299553224,3.2103953904859543,8.642274497007538,4.671366992304043,15.06642436545481,86.18485636206786,9.743590614755407,84.6353926908811,71.1410427832063,102.98114738409247,179.8,39.215261502301345,176.5,120.45,248.54999999999995,22.48567263198099,9.251735203411139,21.46904367053621,10.77918430830381,40.53012048192771
stress_w90_p2_kw1,C3,68.39083333333333,4.191236149298158,67.625,62.797916666666666,76.14375,76.25999435012506,4.474704819206658,75.48596501664801,69.4666710344564,85.22574368697487,164.29295228660908,31.109968015935593,160.79809451756864,114.94898426991165,218.03504455651753,742.2452377348123,75.84279794007341,743.9920588985593,631.4339337011853,839.1907330540864,161.68048443088463,31.015067251895992,158.26814625281412,112.16554095807116,215.0853800622027,43.83015523814409,5.823535124284103,45.14746433281381,33.13536989326463,51.9457705961562,56.16984476185591,5.823535124284104,54.85253566718619,48.0542294038438,66.86463010673536,50.43524471958708,5.315334539794122,50.090144230769226,41.92660932099294,58.258564961945865,187.58965610749237,31.24998884081733,187.5322287170689,127.63799697695536,235.82328563754504,0.0,0.0,0.0,0.0,0.0,8.331165472067005,2.4803386607364795,7.506164933044488,5.022834132098641,12.3096791840543,85.49137616591607,8.069424230076647,85.37688877774494,74.4416865969425,99.70731922764828,222.56,41.77303104215661,230.5,161.35,280.65,36.52665520339588,11.897416312524522,38.65041208791209,19.86231884057971,51.473577943326596
stress_w90_p2_kw1,C4,68.92833333333333,5.107989440322774,69.33333333333334,58.25208333333334,76.72083333333333,76.87030406127053,5.690887038441679,76.5922898311015,66.79064526858663,84.9320970700462,161.73505095923764,38.40034014759608,153.61232057046288,120.79878988134084,226.0451920905087,737.5050952386913,104.28558730454648,720.2440758649061,595.679149004862,916.4875782984276,159.07570621927036,38.31525715484724,151.0669222671041,118.33496572886091,223.2611223872777,42.789411544152664,5.895813517789376,42.74362691219183,32.29620905410379,51.25989782886334,57.210588455847336,5.8958135177893745,57.25637308780817,48.74010217113666,67.70379094589622,51.31197984074321,5.617139940748545,51.003173166550994,42.08709466211792,59.07333128087845,182.7732018143539,36.039280151378506,179.66749697857682,138.99625249355546,259.75567055689896,0.0,0.0,0.0,0.0,0.0,9.109912111707182,3.679873027542391,7.978992520068326,4.993871754432766,15.096677521187182,86.63308791516643,10.239376801478947,83.85353393299832,74.79175199650015,105.17798155109533,215.68,42.14524932677854,219.0,154.45,281.55,34.795775357073005,11.071745211403833,34.03150023161935,17.199674428870985,50.88681992337165
stress_w90_p2_kw3,C1,88.21416666666666,1.7783381389041812,88.4375,85.68125,90.62916666666666,98.36747377162814,1.2858914494278288,98.66081721531958,95.7583496634196,99.67953862299193,11.344743644587261,6.88070098864146,10.545127495634576,3.407360013408287,25.13209398577207,172.59569754319986,35.46816481773568,170.67314704362275,115.98221444382801,226.32826105035153,9.345682194719974,6.524565394334616,8.59650112984668,2.0357456297636376,22.770337055554215,55.189213967772645,8.937270129981675,56.167735790597064,38.834848754017344,68.47761036709979,44.810786032227355,8.937270129981673,43.832264209402936,31.522389632900204,61.16515124598265,32.64214573793362,10.680445062275485,34.13679272978739,16.337460117736935,50.682149678763665,17.080823851172035,15.242895061497494,12.335023433483947,1.7535420636694086,45.687545577170084,0.0,0.0,0.0,0.0,0.0,9.76919931966621,4.025186215227875,10.064465438724419,4.440382218263912,15.28396453904416,29.109307458730626,4.367120855888619,29.470640336818445,22.133696392547538,34.98436303543846,0.0,0.0,0.0,0.0,0.0,0.0,0.0,0.0,0.0,0.0
stress_w90_p2_kw3,C2,89.49083333333334,1.7549187837736857,89.5625,86.66458333333334,92.31458333333333,99.78380838512321,0.12492063427695006,99.81282134379735,99.53670455506423,99.95261356609899,0.5069646680314341,0.10920196502414234,0.48330299307219937,0.3730415581340673,0.7082739289038209,6.7239066345562035,10.384227099962912,5.168371536977914,3.6605550651286225,7.694203431657996,0.02481382166870408,0.018897600689536557,0.01803490023152867,0.00820828279820605,0.052024243334045116,88.1218539815385,3.350345938026108,87.87622949307055,82.37205242263357,92.86617405582923,11.878146018461496,3.350345938026111,12.12377050692945,7.133825944170768,17.627947577366434,0.22322577496067342,0.43261962288246514,0.0,0.0,0.956946580397886,1.1723955140041653e-17,3.73817660897609e-17,0.0,0.0,9.059419880941268e-17,0.0,0.0,0.0,0.0,0.0,9.576692642330476,0.5697897767905141,9.531554692462805,8.74840640812879,10.475481356400625,33.337877296246354,1.5291916946924553,33.3901058107663,30.760178313480157,35.36738206561638,438.5,26.33787526489918,438.0,396.0,481.65,18.34309258463177,7.808500562114562,17.23776324924786,7.9300052432331025,32.403300354636364
stress_w90_p2_kw3,C3,89.49083333333334,1.7549187837736857,89.5625,86.66458333333334,92.31458333333333,99.78380838512321,0.12492063427695006,99.81282134379735,99.53670455506423,99.95261356609899,0.5025091935529741,0.09793538325384032,0.48329363634904327,0.37306928486226465,0.6957005452289146,5.2691404275444835,1.2334831491255218,5.168371536977914,3.6605550651286225,7.269771780174011,0.023472243781007096,0.016186925842376063,0.01803490023152867,0.008214439314642809,0.04945845561936766,88.20106190233058,3.264621731234537,87.87622949307055,82.52392083528129,92.86617405582923,11.798938097669415,3.2646217312345405,12.12377050692945,7.133825944170768,17.476079164718715,0.19345730748548065,0.38458607078312423,0.0,0.0,0.8846029154709707,1.7763568394002505e-17,3.9039182922854973e-17,0.0,0.0,8.408089039827846e-17,0.0,0.0,0.0,0.0,0.0,9.50797928241098,0.5842777108901637,9.579487649760708,8.480277157990571,10.392779985839832,33.47770493988944,1.5931287039140947,33.72220186334671,30.459478773926943,35.68702868520296,446.1,28.682818578944662,448.5,395.55,495.5,52.7559582660537,4.609774177616393,53.17811140401638,46.53710706500697,57.970745697896746
stress_w90_p2_kw3,C4,89.49083333333334,1.7549187837736857,89.5625,86.66458333333334,92.31458333333333,99.78380838512321,0.12492063427695006,99.81282134379735,99.53670455506423,99.95261356609899,0.5024608487464126,0.09796472836468663,0.48329363634904327,0.3729887514648283,0.6957005452289146,5.2691404275444835,1.2334831491255218,5.168371536977914,3.6605550651286225,7.269771780174011,0.02347016787271765,0.016188807481094417,0.01803490023152867,0.008214439314642809,0.04945845561936766,88.2059045173427,3.2716580878980253,87.87622949307055,82.52392083528129,92.9311179761209,11.79409548265731,3.271658087898025,12.12377050692945,7.068882023879098,17.476079164718715,0.19345730748548065,0.38458607078312423,0.0,0.0,0.8846029154709707,1.1131836193574903e-17,3.284035824184371e-17,0.0,0.0,6.572520305780924e-17,0.0,0.0,0.0,0.0,0.0,8.856162757783006,0.5048774944950468,8.935227362831696,7.9833153353123425,9.505792402053746,33.31719495263363,1.4555158779358672,33.65963817035224,30.459478773926943,35.27261350111946,438.96,25.369079685349902,438.0,394.65,474.59999999999997,49.61216540583557,5.211802386920085,50.23041963982331,43.38120762323621,55.33950054684652
stress_w90_p2_kw5,C1,89.08166666666666,1.7871811435635987,89.3125,85.97916666666667,91.96875,99.32811667595308,0.5501161287243514,99.52230810864587,98.40218255688056,99.8663899176676,3.1301867106417465,1.5571820770921956,2.707037430816671,1.274387967406605,5.249897130925839,94.52397097951784,20.993293574114603,100.25856939472736,60.37475610122049,122.85689791205039,1.8494206355055465,1.3409926401364245,1.5838795193859991,0.3571754874296483,3.7323516561817094,69.9352211953837,5.941168662500417,69.65852130325814,60.41101211549052,79.84788172542268,30.0647788046163,5.941168662500418,30.34147869674186,20.1521182745773,39.58898788450948,15.060503476172512,6.923061235619234,14.693141895663963,3.83746635909266,25.882586565765163,4.313271788607964,5.409462046548894,2.8098356748762976,0.0,17.149038166121155,0.0,0.0,0.0,0.0,0.0,10.17562280398515,3.9394937431070147,9.949882276196654,4.636259899059805,16.5554675199591,17.254285927037934,2.6758334178793217,17.428389185969117,12.9169929172005,21.07549082928232,0.0,0.0,0.0,0.0,0.0,0.0,0.0,0.0,0.0,0.0
stress_w90_p2_kw5,C2,89.49083333333334,1.7549187837736857,89.5625,86.66458333333334,92.31458333333333,99.78380838512321,0.12492063427695006,99.81282134379735,99.53670455506423,99.95261356609899,0.4988913885049303,0.09818245376894723,0.47974071942688434,0.36880385014921274,0.692375173887776,5.265949046087959,1.2335534584157475,5.168371536977914,3.631618775059263,7.269771780174011,0.023380976191552327,0.016179918375042485,0.017983313289300848,0.00821154973323081,0.0493488005683086,88.2237752119928,3.2598519120749216,87.88738712382735,82.52392083528129,92.9311179761209,11.776224788007207,3.259851912074922,12.11261287617264,7.068882023879098,17.476079164718715,0.19345730748548065,0.38458607078312423,0.0,0.0,0.8846029154709707,3.358498664359407e-16,2.1400686738803e-15,0.0,0.0,1.3145040611561848e-16,0.0,0.0,0.0,0.0,0.0,10.594580086047637,0.44695251448413825,10.518181431902832,10.05893249428416,11.459748245523917,21.35347437907277,0.5650014762918195,21.257755075695208,20.58339073610018,22.280471625914632,167.32,22.351952843507146,162.0,139.0,208.0,35.026771081953115,5.381941024421397,35.067567567567565,27.214923804519177,44.377094597613834
stress_w90_p2_kw5,C3,89.49083333333334,1.7549187837736857,89.5625,86.66458333333334,92.31458333333333,99.78380838512321,0.12492063427695006,99.81282134379735,99.53670455506423,99.95261356609899,0.49890901446291047,0.09823730224706806,0.4795852138252592,0.36880272060839786,0.6930670623641542,5.266022658011542,1.2361313455594816,5.168371536977914,3.631618775059263,7.269771780174011,0.023381110438411734,0.016183796289285905,0.017979456042069145,0.008201694671348072,0.04931682257759697,88.22825951692553,3.2541856360915338,87.88738712382735,82.52392083528129,92.9311179761209,11.771740483074472,3.254185636091534,12.11261287617264,7.068882023879098,17.476079164718715,0.19345730748548065,0.38458607078312423,0.0,0.0,0.8846029154709707,3.2057319761709853e-16,2.1415583186369962e-15,0.0,0.0,1.207922650792169e-16,0.0,0.0,0.0,0.0,0.0,10.527103998186563,0.48695133635761967,10.504112617414929,9.799382739131612,11.453151461980115,21.303694892934246,0.5749653608137382,21.242307067403686,20.569070066972003,22.11098327310116,178.04,24.188005123133546,180.5,141.0,217.1,48.57986341073595,5.373763576528499,48.74169040835707,40.376931454632086,55.196089706727996
stress_w90_p2_kw5,C4,89.49083333333334,1.7549187837736857,89.5625,86.66458333333334,92.31458333333333,99.78380838512321,0.12492063427695006,99.81282134379735,99.53670455506423,99.95261356609899,0.4988242899345579,0.09824653427335792,0.47966902053563565,0.3685260793975543,0.6930050495031236,5.264841645755119,1.2351359090104188,5.168371536977914,3.631618775059263,7.269771780174011,0.023378270843904706,0.016187428484193647,0.01800409762421315,0.008207547212853272,0.049348755405942454,88.2237752119928,3.2598519120749216,87.88738712382735,82.52392083528129,92.9311179761209,11.776224788007207,3.259851912074922,12.11261287617264,7.068882023879098,17.476079164718715,0.19345730748548065,0.38458607078312423,0.0,0.0,0.8846029154709707,5.668946793472666e-16,2.7159077154792235e-15,0.0,0.0,1.53358807134888e-16,0.0,0.0,0.0,0.0,0.0,10.168660378245615,0.48032092950969846,10.117609346078321,9.43466944326626,10.968737058654565,21.165940817900047,0.5797765587087217,21.110040371833062,20.422920180528713,22.04845017055592,169.74,23.081762391594815,168.0,131.25,206.29999999999998,46.38916532007914,5.655717440400526,46.24782434060785,38.60931827349738,55.84102007596311
