scenario,metric,comparison,mean_diff,ci95_low,ci95_high,cohens_d,n
ablation_equal_distance,mean_delay,C4-C2,0.491392698095579,-1.5117499403161543,2.494535336507312,0.069716582800641,50
ablation_equal_distance,mean_delay,C4-C3,-1.281164150972582,-2.2160573042711555,-0.3462709976740085,-0.3894592893269185,50
ablation_equal_distance,urgent_on_time_rate,C4-C2,10.64667352734813,8.379124650625347,12.914222404070912,1.3343708570176407,50
ablation_equal_distance,urgent_on_time_rate,C4-C3,-0.3294094563937408,-0.6548789700812381,-0.003939942706243538,-0.287637175651254,50
ablation_equal_distance,completion_rate,C4-C2,-0.8491220394087364,-1.836086257907132,0.13784217908965923,-0.24450512896935014,50
ablation_equal_distance,completion_rate,C4-C3,0.4070630171233063,0.08734495238147694,0.7267810818651357,0.36183763825939563,50
ablation_equal_distance,wpt_loss,C4-C2,-1.6705379197647985,-2.572682367507568,-0.7683934720220293,-0.5262589876503941,50
ablation_equal_distance,wpt_loss,C4-C3,-0.5350027679676169,-1.0430460715475964,-0.02695946438763741,-0.2992778435745531,50
ablation_equal_distance,low_soc_stops,C4-C2,0.0,0.0,0.0,0.0,50
ablation_equal_distance,low_soc_stops,C4-C3,0.0,0.0,0.0,0.0,50
ablation_fixed_eta,mean_delay,C4-C2,-0.4737807375350788,-0.72428271109817,-0.22327876397198765,-0.5375087225330983,50
ablation_fixed_eta,mean_delay,C4-C3,0.04707320972643643,-0.018370342183582355,0.11251676163645521,0.20442133398777496,50
ablation_fixed_eta,urgent_on_time_rate,C4-C2,5.983639070672752,4.372422806438148,7.594855334907357,1.05543336798081,50
ablation_fixed_eta,urgent_on_time_rate,C4-C3,-0.08733419047320382,-0.2151185391292741,0.04045015818286646,-0.1942342905902553,50
ablation_fixed_eta,completion_rate,C4-C2,0.028673351035472194,-0.0895666845613801,0.1469133866323245,0.06891807973223717,50
ablation_fixed_eta,completion_rate,C4-C3,-0.060057622012977846,-0.14321290669955386,0.02309766267359817,-0.20525679623335827,50
ablation_fixed_eta,wpt_loss,C4-C2,-0.421115053541869,-0.5329415616497353,-0.30928854543400275,-1.0702254415659107,50
ablation_fixed_eta,wpt_loss,C4-C3,0.036253746234611,-0.02448357696930309,0.09699106943852509,0.1696354092725745,50
ablation_fixed_eta,low_soc_stops,C4-C2,0.0,0.0,0.0,0.0,50
ablation_fixed_eta,low_soc_stops,C4-C3,0.0,0.0,0.0,0.0,50
ablation_urgent_0pct,mean_delay,C4-C2,1.1565172370028884,-1.5878442296439004,3.9008787036496773,0.11976504045745406,50
ablation_urgent_0pct,mean_delay,C4-C3,-0.9048790741613214,-1.6803174008977437,-0.12944074742489908,-0.3316366738833466,50
ablation_urgent_0pct,urgent_on_time_rate,C4-C2,0.0,0.0,0.0,0.0,50
ablation_urgent_0pct,urgent_on_time_rate,C4-C3,0.0,0.0,0.0,0.0,50
ablation_urgent_0pct,completion_rate,C4-C2,-1.2999583323858133,-2.480984755663561,-0.11893190910806561,-0.31281609205168226,50
ablation_urgent_0pct,completion_rate,C4-C3,0.31839479925890063,0.08028456570900436,0.5565050328087969,0.3800206291285338,50
ablation_urgent_0pct,wpt_loss,C4-C2,-2.4207711965467773,-3.488707275263119,-1.3528351178304354,-0.6442104313585654,50
ablation_urgent_0pct,wpt_loss,C4-C3,-0.7636082864780956,-1.3405625114501336,-0.18665406150605757,-0.3761391536010934,50
ablation_urgent_0pct,low_soc_stops,C4-C2,0.0,0.0,0.0,0.0,50
ablation_urgent_0pct,low_soc_stops,C4-C3,0.0,0.0,0.0,0.0,50
ablation_urgent_20pct,mean_delay,C4-C2,1.1565172370028884,-1.5878442296439004,3.9008787036496773,0.11976504045745406,50
ablation_urgent_20pct,mean_delay,C4-C3,-0.9048790741613214,-1.6803174008977437,-0.12944074742489908,-0.3316366738833466,50
ablation_urgent_20pct,urgent_on_time_rate,C4-C2,12.378497882047734,9.886207610498301,14.870788153597166,1.4115250594993713,50
ablation_urgent_20pct,urgent_on_time_rate,C4-C3,-0.31823999587148677,-0.6177911501709791,-0.018688841571994463,-0.3019277503074669,50
ablation_urgent_20pct,completion_rate,C4-C2,-1.2999583323858133,-2.480984755663561,-0.11893190910806561,-0.31281609205168226,50
ablation_urgent_20pct,completion_rate,C4-C3,0.31839479925890063,0.08028456570900436,0.5565050328087969,0.3800206291285338,50
ablation_urgent_20pct,wpt_loss,C4-C2,-2.4207711965467773,-3.488707275263119,-1.3528351178304354,-0.6442104313585654,50
ablation_urgent_20pct,wpt_loss,C4-C3,-0.7636082864780956,-1.3405625114501336,-0.18665406150605757,-0.3761391536010934,50
ablation_urgent_20pct,low_soc_stops,C4-C2,0.0,0.0,0.0,0.0,50
ablation_urgent_20pct,low_soc_stops,C4-C3,0.0,0.0,0.0,0.0,50
ablation_variable_distance,mean_delay,C4-C2,1.1565172370028884,-1.5878442296439004,3.9008787036496773,0.11976504045745406,50
ablation_variable_distance,mean_delay,C4-C3,-0.9048790741613214,-1.6803174008977437,-0.12944074742489908,-0.3316366738833466,50
ablation_variable_distance,urgent_on_time_rate,C4-C2,12.378497882047734,9.886207610498301,14.870788153597166,1.4115250594993713,50
ablation_variable_distance,urgent_on_time_rate,C4-C3,-0.31823999587148677,-0.6177911501709791,-0.018688841571994463,-0.3019277503074669,50
ablation_variable_distance,completion_rate,C4-C2,-1.2999583323858133,-2.480984755663561,-0.11893190910806561,-0.31281609205168226,50
ablation_variable_distance,completion_rate,C4-C3,0.31839479925890063,0.08028456570900436,0.5565050328087969,0.3800206291285338,50
ablation_variable_distance,wpt_loss,C4-C2,-2.4207711965467773,-3.488707275263119,-1.3528351178304354,-0.6442104313585654,50
ablation_variable_distance,wpt_loss,C4-C3,-0.7636082864780956,-1.3405625114501336,-0.18665406150605757,-0.3761391536010934,50
ablation_variable_distance,low_soc_stops,C4-C2,0.0,0.0,0.0,0.0,50
ablation_variable_distance,low_soc_stops,C4-C3,0.0,0.0,0.0,0.0,50
ablation_variable_eta,mean_delay,C4-C2,1.1565172370028884,-1.5878442296439004,3.9008787036496773,0.11976504045745406,50
ablation_variable_eta,mean_delay,C4-C3,-0.9048790741613214,-1.6803174008977437,-0.12944074742489908,-0.3316366738833466,50
ablation_variable_eta,urgent_on_time_rate,C4-C2,12.378497882047734,9.886207610498301,14.870788153597166,1.4115250594993713,50
ablation_variable_eta,urgent_on_time_rate,C4-C3,-0.31823999587148677,-0.6177911501709791,-0.018688841571994463,-0.3019277503074669,50
ablation_variable_eta,completion_rate,C4-C2,-1.2999583323858133,-2.480984755663561,-0.11893190910806561,-0.31281609205168226,50
ablation_variable_eta,completion_rate,C4-C3,0.31839479925890063,0.08028456570900436,0.5565050328087969,0.3800206291285338,50
ablation_variable_eta,wpt_loss,C4-C2,-2.4207711965467773,-3.488707275263119,-1.3528351178304354,-0.6442104313585654,50
ablation_variable_eta,wpt_loss,C4-C3,-0.7636082864780956,-1.3405625114501336,-0.18665406150605757,-0.3761391536010934,50
ablation_variable_eta,low_soc_stops,C4-C2,0.0,0.0,0.0,0.0,50
ablation_variable_eta,low_soc_stops,C4-C3,0.0,0.0,0.0,0.0,50
challenge_primary,mean_delay,C4-C2,1.1565172370028884,-1.5878442296439004,3.9008787036496773,0.11976504045745406,50
challenge_primary,mean_delay,C4-C3,-0.9048790741613214,-1.6803174008977437,-0.12944074742489908,-0.3316366738833466,50
challenge_primary,urgent_on_time_rate,C4-C2,12.378497882047734,9.886207610498301,14.870788153597166,1.4115250594993713,50
challenge_primary,urgent_on_time_rate,C4-C3,-0.31823999587148677,-0.6177911501709791,-0.018688841571994463,-0.3019277503074669,50
challenge_primary,completion_rate,C4-C2,-1.2999583323858133,-2.480984755663561,-0.11893190910806561,-0.31281609205168226,50
challenge_primary,completion_rate,C4-C3,0.31839479925890063,0.08028456570900436,0.5565050328087969,0.3800206291285338,50
challenge_primary,wpt_loss,C4-C2,-2.4207711965467773,-3.488707275263119,-1.3528351178304354,-0.6442104313585654,50
challenge_primary,wpt_loss,C4-C3,-0.7636082864780956,-1.3405625114501336,-0.18665406150605757,-0.3761391536010934,50
challenge_primary,low_soc_stops,C4-C2,0.0,0.0,0.0,0.0,50
challenge_primary,low_soc_stops,C4-C3,0.0,0.0,0.0,0.0,50
stress_w105_p1_kw1,mean_delay,C4-C2,24.637990372831485,-1.3891949058650432,50.66517565152802,0.269027915032518,50
stress_w105_p1_kw1,mean_delay,C4-C3,-19.78096325435932,-53.804253235949545,14.242326727230903,-0.16523056878412865,50
stress_w105_p1_kw1,urgent_on_time_rate,C4-C2,1.7020144091220653,1.2389145775766268,2.1651142406675037,1.04449863751128,50
stress_w105_p1_kw1,urgent_on_time_rate,C4-C3,-0.5154975604618004,-0.7541406838640958,-0.27685443705950497,-0.6138990456137919,50
stress_w105_p1_kw1,completion_rate,C4-C2,-1.563545554700844,-2.8190439849653925,-0.30804712443629545,-0.35392694993388063,50
stress_w105_p1_kw1,completion_rate,C4-C3,0.9822624996158269,-0.5496604820475923,2.514185481279246,0.18222581487685213,50
stress_w105_p1_kw1,wpt_loss,C4-C2,-0.4839062813084167,-1.8332424969257097,0.8654299343088763,-0.10192021966857938,50
stress_w105_p1_kw1,wpt_loss,C4-C3,-0.7722853183759452,-2.143918089826695,0.599347453074805,-0.16001444672091147,50
stress_w105_p1_kw1,low_soc_stops,C4-C2,0.0,0.0,0.0,0.0,50
stress_w105_p1_kw1,low_soc_stops,C4-C3,0.0,0.0,0.0,0.0,50
stress_w105_p1_kw3,mean_delay,C4-C2,35.288182783206004,25.194369824626417,45.38199574178559,0.9935581949357781,50
stress_w105_p1_kw3,mean_delay,C4-C3,-14.081101646334538,-21.367600992750305,-6.794602299918772,-0.5492081477743508,50
stress_w105_p1_kw3,urgent_on_time_rate,C4-C2,5.151535387573708,4.127555571189145,6.1755152039582715,1.429764664007389,50
stress_w105_p1_kw3,urgent_on_time_rate,C4-C3,-1.8533252003388259,-2.2619637870224785,-1.4446866136551733,-1.288936510919953,50
stress_w105_p1_kw3,completion_rate,C4-C2,-4.470209241175442,-5.772610401266856,-3.1678080810840274,-0.9754440096328258,50
stress_w105_p1_kw3,completion_rate,C4-C3,1.9693513138891303,0.9723163478502231,2.9663862799280376,0.5613478662611261,50
stress_w105_p1_kw3,wpt_loss,C4-C2,-0.9347886400012428,-2.380022666389804,0.5104453863873184,-0.18382074265531956,50
stress_w105_p1_kw3,wpt_loss,C4-C3,0.3268397723691556,-0.9190135175676526,1.5726930623059638,0.07455680079551384,50
stress_w105_p1_kw3,low_soc_stops,C4-C2,0.0,0.0,0.0,0.0,50
stress_w105_p1_kw3,low_soc_stops,C4-C3,0.0,0.0,0.0,0.0,50
stress_w105_p1_kw5,mean_delay,C4-C2,15.891976547571012,12.486224786856337,19.297728308285688,1.3261241804316992,50
stress_w105_p1_kw5,mean_delay,C4-C3,-7.4954757913839,-10.596416341566922,-4.394535241200877,-0.6869498514668217,50
stress_w105_p1_kw5,urgent_on_time_rate,C4-C2,2.6026287619520754,0.18284867080681133,5.022408853097339,0.30567195460288676,50
stress_w105_p1_kw5,urgent_on_time_rate,C4-C3,-1.2238372906102537,-2.1210604968032136,-0.3266140844172938,-0.3876523781698157,50
stress_w105_p1_kw5,completion_rate,C4-C2,-4.209680878167655,-4.988144411453828,-3.431217344881482,-1.5368453589154145,50
stress_w105_p1_kw5,completion_rate,C4-C3,1.9095762396524196,1.1611567766059507,2.6579957026988885,0.7251221934147939,50
stress_w105_p1_kw5,wpt_loss,C4-C2,-0.22608593719488174,-1.49228803244507,1.0401161580553064,-0.05074459492968597,50
stress_w105_p1_kw5,wpt_loss,C4-C3,-0.33893466881734313,-1.5779035703840625,0.9000342327493762,-0.07774542764920915,50
stress_w105_p1_kw5,low_soc_stops,C4-C2,0.0,0.0,0.0,0.0,50
stress_w105_p1_kw5,low_soc_stops,C4-C3,0.0,0.0,0.0,0.0,50
stress_w105_p2_kw1,mean_delay,C4-C2,19.008665517356654,7.05951076283297,30.957820271880337,0.45209917171402586,50
stress_w105_p2_kw1,mean_delay,C4-C3,-0.7067271617231762,-14.317684565905182,12.90423024245883,-0.014756466506422037,50
stress_w105_p2_kw1,urgent_on_time_rate,C4-C2,1.1188083167919214,0.6647902128862088,1.5728264206976341,0.7003284732468874,50
stress_w105_p2_kw1,urgent_on_time_rate,C4-C3,-0.24912582699381375,-0.4162418779761202,-0.0820097760115073,-0.4236623366711267,50
stress_w105_p2_kw1,completion_rate,C4-C2,-1.511297282242956,-2.6075224385532705,-0.4150721259326413,-0.3918044872992387,50
stress_w105_p2_kw1,completion_rate,C4-C3,-0.0023288757032564433,-1.3147551847613708,1.3100974333548578,-0.0005043019536699798,50
stress_w105_p2_kw1,wpt_loss,C4-C2,0.5621892651309373,-0.8219148315554794,1.946293361817354,0.11543381868904738,50
stress_w105_p2_kw1,wpt_loss,C4-C3,0.03243980535949895,-1.5130607473115523,1.5779403580305502,0.005965245796987681,50
stress_w105_p2_kw1,low_soc_stops,C4-C2,0.0,0.0,0.0,0.0,50
stress_w105_p2_kw1,low_soc_stops,C4-C3,0.0,0.0,0.0,0.0,50
stress_w105_p2_kw3,mean_delay,C4-C2,12.854656667457952,9.813770064945121,15.895543269970783,1.2013775851917363,50
stress_w105_p2_kw3,mean_delay,C4-C3,-4.590618852119449,-7.449131113211316,-1.7321065910275815,-0.45640505388401953,50
stress_w105_p2_kw3,urgent_on_time_rate,C4-C2,5.022152799082044,3.4241584136056358,6.620147184558453,0.8931696170463586,50
stress_w105_p2_kw3,urgent_on_time_rate,C4-C3,-1.19458998252422,-2.0731623372394754,-0.31601762780896503,-0.38642089614817626,50
stress_w105_p2_kw3,completion_rate,C4-C2,-2.7903227403718756,-3.58269108757319,-1.997954393170561,-1.000798367871249,50
stress_w105_p2_kw3,completion_rate,C4-C3,1.254566340237865,0.5283009121343373,1.980831768341393,0.49092768994583413,50
stress_w105_p2_kw3,wpt_loss,C4-C2,0.7673996833543653,-0.4064073314247494,1.94120669813348,0.18579934705771867,50
stress_w105_p2_kw3,wpt_loss,C4-C3,-0.0010643597924294569,-1.319322856237568,1.3171941366527093,-0.00022946008460422457,50
stress_w105_p2_kw3,low_soc_stops,C4-C2,0.0,0.0,0.0,0.0,50
stress_w105_p2_kw3,low_soc_stops,C4-C3,0.0,0.0,0.0,0.0,50
stress_w105_p2_kw5,mean_delay,C4-C2,-0.3699967684390858,-0.7723486941059035,0.03235515722773191,-0.2613431462014296,50
stress_w105_p2_kw5,mean_delay,C4-C3,-0.27623870529918604,-0.6523017025184356,0.09982429192006348,-0.2087580325443989,50
stress_w105_p2_kw5,urgent_on_time_rate,C4-C2,3.60591431835714,1.9912444579706166,5.220584178743664,0.6346743291652268,50
stress_w105_p2_kw5,urgent_on_time_rate,C4-C3,0.002591838290513948,-0.4319105778023885,0.4370942543834164,0.0016952547669148027,50
stress_w105_p2_kw5,completion_rate,C4-C2,-0.1608528158285327,-0.4435979128130887,0.12189228115602327,-0.16167871677930362,50
stress_w105_p2_kw5,completion_rate,C4-C3,0.12072011631586549,-0.04456000921397607,0.28600024184570705,0.20757654522626384,50
stress_w105_p2_kw5,wpt_loss,C4-C2,-0.5355426948802213,-1.053548933943309,-0.01753645581713359,-0.2938179859454003,50
stress_w105_p2_kw5,wpt_loss,C4-C3,-0.11481407333532294,-0.6365478515441517,0.40691970487350587,-0.06254108890663874,50
stress_w105_p2_kw5,low_soc_stops,C4-C2,0.0,0.0,0.0,0.0,50
stress_w105_p2_kw5,low_soc_stops,C4-C3,0.0,0.0,0.0,0.0,50
stress_w75_p1_kw1,mean_delay,C4-C2,39.835180262484954,21.4953696007763,58.17499092419361,0.6172927942130154,50
stress_w75_p1_kw1,mean_delay,C4-C3,-5.508032334575246,-21.348615405516252,10.33255073636576,-0.09881994005174573,50
stress_w75_p1_kw1,urgent_on_time_rate,C4-C2,9.654223671906873,8.499764871743064,10.808682472070682,2.3766114558779057,50
stress_w75_p1_kw1,urgent_on_time_rate,C4-C3,-0.9570572004318447,-1.2770373739747527,-0.6370770268889367,-0.8500296874043782,50
stress_w75_p1_kw1,completion_rate,C4-C2,-5.495120889492845,-7.088354728919825,-3.901887050065865,-0.9802051894180469,50
stress_w75_p1_kw1,completion_rate,C4-C3,0.7087797874133953,-0.2793877658850433,1.696947340711834,0.2038449715834614,50
stress_w75_p1_kw1,wpt_loss,C4-C2,0.36814686783045203,-0.9788557756835135,1.7151495113444175,0.07767333100778119,50
stress_w75_p1_kw1,wpt_loss,C4-C3,-0.2437981964182608,-1.5429813139347428,1.0553849210982214,-0.05333095840257562,50
stress_w75_p1_kw1,low_soc_stops,C4-C2,0.0,0.0,0.0,0.0,50
stress_w75_p1_kw1,low_soc_stops,C4-C3,0.0,0.0,0.0,0.0,50
stress_w75_p1_kw3,mean_delay,C4-C2,-0.001636971984158786,-0.004903810695864015,0.0016298667275464424,-0.14240748671356823,50
stress_w75_p1_kw3,mean_delay,C4-C3,-1.9863673935442415e-05,-4.121079699355701e-05,1.4834491226721776e-06,-0.2644475162145721,50
stress_w75_p1_kw3,urgent_on_time_rate,C4-C2,0.015748031496063106,-0.015898822631956643,0.04739488562408285,0.14142135623730948,50
stress_w75_p1_kw3,urgent_on_time_rate,C4-C3,0.0,0.0,0.0,0.0,50
stress_w75_p1_kw3,completion_rate,C4-C2,0.0,0.0,0.0,0.0,50
stress_w75_p1_kw3,completion_rate,C4-C3,0.0,0.0,0.0,0.0,50
stress_w75_p1_kw3,wpt_loss,C4-C2,-1.400086742217727,-1.4813502894826711,-1.3188231949527829,-4.896417433788135,50
stress_w75_p1_kw3,wpt_loss,C4-C3,-1.455869877684289,-1.5224998824891345,-1.3892398728794437,-6.209719516915598,50
stress_w75_p1_kw3,low_soc_stops,C4-C2,0.0,0.0,0.0,0.0,50
stress_w75_p1_kw3,low_soc_stops,C4-C3,0.0,0.0,0.0,0.0,50
stress_w75_p1_kw5,mean_delay,C4-C2,-5.481212995442075e-05,-0.00013711059909572102,2.748633918687954e-05,-0.189279765937376,50
stress_w75_p1_kw5,mean_delay,C4-C3,-9.23324068410708e-05,-0.0001717257789290742,-1.2939034753067414e-05,-0.33051347983429186,50
stress_w75_p1_kw5,urgent_on_time_rate,C4-C2,-0.010748499538319436,-0.025872795779999867,0.004375796703360997,-0.2019723576737007,50
stress_w75_p1_kw5,urgent_on_time_rate,C4-C3,-0.010748499538319436,-0.025872795779999867,0.004375796703360997,-0.2019723576737007,50
stress_w75_p1_kw5,completion_rate,C4-C2,0.0,0.0,0.0,0.0,50
stress_w75_p1_kw5,completion_rate,C4-C3,0.0,0.0,0.0,0.0,50
stress_w75_p1_kw5,wpt_loss,C4-C2,-0.9526333800823433,-1.0537236155166447,-0.851543144648042,-2.678155905924482,50
stress_w75_p1_kw5,wpt_loss,C4-C3,-0.9204476849431008,-1.0130843956204072,-0.8278109742657945,-2.8238085721801873,50
stress_w75_p1_kw5,low_soc_stops,C4-C2,0.0,0.0,0.0,0.0,50
stress_w75_p1_kw5,low_soc_stops,C4-C3,0.0,0.0,0.0,0.0,50
stress_w75_p2_kw1,mean_delay,C4-C2,1.4037008745713826,-4.27742301757397,7.084824766716734,0.07021979843835911,50
stress_w75_p2_kw1,mean_delay,C4-C3,-1.9569576953601089,-4.576855922673609,0.6629405319533908,-0.2122835221465122,50
stress_w75_p2_kw1,urgent_on_time_rate,C4-C2,17.193767962965296,15.115766146624823,19.271769779305767,2.351496880692494,50
stress_w75_p2_kw1,urgent_on_time_rate,C4-C3,-0.25945424834981506,-0.6681300533569265,0.14922155665729636,-0.18042683374598725,50
stress_w75_p2_kw1,completion_rate,C4-C2,-0.7362937921024042,-2.703214447169767,1.2306268629649584,-0.10638577611020283,50
stress_w75_p2_kw1,completion_rate,C4-C3,0.34231451944460334,-0.06927719600901783,0.7539062348982245,0.23636216756566455,50
stress_w75_p2_kw1,wpt_loss,C4-C2,-0.07486795880746135,-1.1790005135694703,1.0292645959545474,-0.01927054716274584,50
stress_w75_p2_kw1,wpt_loss,C4-C3,-0.3936605475061588,-1.2223585551539604,0.43503746014164274,-0.13500344963001976,50
stress_w75_p2_kw1,low_soc_stops,C4-C2,0.0,0.0,0.0,0.0,50
stress_w75_p2_kw1,low_soc_stops,C4-C3,0.0,0.0,0.0,0.0,50
stress_w75_p2_kw3,mean_delay,C4-C2,-7.631541910425532e-05,-0.00016184018410565307,9.20934589714243e-06,-0.2535944078292837,50
stress_w75_p2_kw3,mean_delay,C4-C3,-3.5719899613222974e-05,-0.00011260424696900877,4.116444774256282e-05,-0.13203575887462057,50
stress_w75_p2_kw3,urgent_on_time_rate,C4-C2,0.0,0.0,0.0,0.0,50
stress_w75_p2_kw3,urgent_on_time_rate,C4-C3,0.0,0.0,0.0,0.0,50
stress_w75_p2_kw3,completion_rate,C4-C2,0.0,0.0,0.0,0.0,50
stress_w75_p2_kw3,completion_rate,C4-C3,0.0,0.0,0.0,0.0,50
stress_w75_p2_kw3,wpt_loss,C4-C2,-0.4878485185898629,-0.5638762797152037,-0.411820757464522,-1.8236103876966232,50
stress_w75_p2_kw3,wpt_loss,C4-C3,-0.4608260563873121,-0.5381420689478954,-0.3835100438267288,-1.6938964105676069,50
stress_w75_p2_kw3,low_soc_stops,C4-C2,0.0,0.0,0.0,0.0,50
stress_w75_p2_kw3,low_soc_stops,C4-C3,0.0,0.0,0.0,0.0,50
stress_w75_p2_kw5,mean_delay,C4-C2,-7.17690416114497e-05,-0.00014317651942434095,-3.6156379855843636e-07,-0.2856358545719981,50
stress_w75_p2_kw5,mean_delay,C4-C3,-3.043372493975849e-05,-8.68296079851242e-05,2.5962158105607233e-05,-0.15336525401940793,50
stress_w75_p2_kw5,urgent_on_time_rate,C4-C2,0.0,0.0,0.0,0.0,50
stress_w75_p2_kw5,urgent_on_time_rate,C4-C3,0.0,0.0,0.0,0.0,50
stress_w75_p2_kw5,completion_rate,C4-C2,0.0,0.0,0.0,0.0,50
stress_w75_p2_kw5,completion_rate,C4-C3,0.0,0.0,0.0,0.0,50
stress_w75_p2_kw5,wpt_loss,C4-C2,-0.23798889335451542,-0.307182524422406,-0.16879526228662484,-0.9774844026887372,50
stress_w75_p2_kw5,wpt_loss,C4-C3,-0.22954209689974917,-0.30957085042397897,-0.14951334337551936,-0.8151462976747975,50
stress_w75_p2_kw5,low_soc_stops,C4-C2,0.0,0.0,0.0,0.0,50
stress_w75_p2_kw5,low_soc_stops,C4-C3,0.0,0.0,0.0,0.0,50
stress_w90_p1_kw1,mean_delay,C4-C2,36.98157033505917,14.182780694841718,59.78035997527662,0.4609914020162755,50
stress_w90_p1_kw1,mean_delay,C4-C3,-9.640425486404965,-31.48716129439266,12.20631032158273,-0.1254090603263236,50
stress_w90_p1_kw1,urgent_on_time_rate,C4-C2,5.368273751452193,4.455061368423732,6.281486134480654,1.6706371354093112,50
stress_w90_p1_kw1,urgent_on_time_rate,C4-C3,-1.2274968492717795,-1.5246159744212555,-0.9303777241223036,-1.1741107022930763,50
stress_w90_p1_kw1,completion_rate,C4-C2,-3.440036681133186,-4.821662603005264,-2.0584107592611076,-0.7076065902435612,50
stress_w90_p1_kw1,completion_rate,C4-C3,0.8438909357014507,-0.5087671250439393,2.1965489964468405,0.177303604856013,50
stress_w90_p1_kw1,wpt_loss,C4-C2,0.5566767940790099,-0.94566095826234,2.05901454642036,0.10530640939971014,50
stress_w90_p1_kw1,wpt_loss,C4-C3,0.757885439423174,-0.6706207436425617,2.1863916224889097,0.15077894745111786,50
stress_w90_p1_kw1,low_soc_stops,C4-C2,0.0,0.0,0.0,0.0,50
stress_w90_p1_kw1,low_soc_stops,C4-C3,0.0,0.0,0.0,0.0,50
stress_w90_p1_kw3,mean_delay,C4-C2,1.1565172370028884,-1.5878442296439004,3.9008787036496773,0.11976504045745406,50
stress_w90_p1_kw3,mean_delay,C4-C3,-0.9048790741613214,-1.6803174008977437,-0.12944074742489908,-0.3316366738833466,50
stress_w90_p1_kw3,urgent_on_time_rate,C4-C2,12.378497882047734,9.886207610498301,14.870788153597166,1.4115250594993713,50
stress_w90_p1_kw3,urgent_on_time_rate,C4-C3,-0.31823999587148677,-0.6177911501709791,-0.018688841571994463,-0.3019277503074669,50
stress_w90_p1_kw3,completion_rate,C4-C2,-1.2999583323858133,-2.480984755663561,-0.11893190910806561,-0.31281609205168226,50
stress_w90_p1_kw3,completion_rate,C4-C3,0.31839479925890063,0.08028456570900436,0.5565050328087969,0.3800206291285338,50
stress_w90_p1_kw3,wpt_loss,C4-C2,-2.4207711965467773,-3.488707275263119,-1.3528351178304354,-0.6442104313585654,50
stress_w90_p1_kw3,wpt_loss,C4-C3,-0.7636082864780956,-1.3405625114501336,-0.18665406150605757,-0.3761391536010934,50
stress_w90_p1_kw3,low_soc_stops,C4-C2,0.0,0.0,0.0,0.0,50
stress_w90_p1_kw3,low_soc_stops,C4-C3,0.0,0.0,0.0,0.0,50
stress_w90_p1_kw5,mean_delay,C4-C2,-0.0013422222368530046,-0.003938962694542783,0.001254518220836774,-0.14689775328160248,50
stress_w90_p1_kw5,mean_delay,C4-C3,-2.1790694264620657e-05,-8.995689213676281e-05,4.6375503607521505e-05,-0.09084923293932007,50
stress_w90_p1_kw5,urgent_on_time_rate,C4-C2,0.012643800002231557,-0.016967280177801095,0.042254880182264205,0.12135079775219293,50
stress_w90_p1_kw5,urgent_on_time_rate,C4-C3,0.0,0.0,0.0,0.0,50
stress_w90_p1_kw5,completion_rate,C4-C2,0.0,0.0,0.0,0.0,50
stress_w90_p1_kw5,completion_rate,C4-C3,0.0,0.0,0.0,0.0,50
stress_w90_p1_kw5,wpt_loss,C4-C2,-1.3307424502727274,-1.4349715339991311,-1.2265133665463237,-3.628476873450499,50
stress_w90_p1_kw5,wpt_loss,C4-C3,-1.371308914874246,-1.4559374859407288,-1.2866803438077634,-4.605084034969277,50
stress_w90_p1_kw5,low_soc_stops,C4-C2,0.0,0.0,0.0,0.0,50
stress_w90_p1_kw5,low_soc_stops,C4-C3,0.0,0.0,0.0,0.0,50
stress_w90_p2_kw1,mean_delay,C4-C2,32.93287840519658,21.360902508496828,44.50485430189634,0.8088005513258402,50
stress_w90_p2_kw1,mean_delay,C4-C3,-2.55790132737142,-10.386363207016824,5.270560552273984,-0.09285955850375024,50
stress_w90_p2_kw1,urgent_on_time_rate,C4-C2,6.750107737022634,5.769010422767433,7.7312050512778345,1.955320196320741,50
stress_w90_p2_kw1,urgent_on_time_rate,C4-C3,-1.0407436939914252,-1.465329377259986,-0.6161580107228645,-0.6966228416663018,50
stress_w90_p2_kw1,completion_rate,C4-C2,-6.362244692664275,-8.312329732837068,-4.412159652491482,-0.9272056850348271,50
stress_w90_p2_kw1,completion_rate,C4-C3,0.6103097111454829,-0.7455688394888387,1.9661882617798045,0.12792303610445724,50
stress_w90_p2_kw1,wpt_loss,C4-C2,0.23987781215395837,-1.0272276996436216,1.5069833239515384,0.05380177047816432,50
stress_w90_p2_kw1,wpt_loss,C4-C3,0.7787466396401789,-0.41733588993763837,1.9748291692179962,0.18503518004875785,50
stress_w90_p2_kw1,low_soc_stops,C4-C2,0.0,0.0,0.0,0.0,50
stress_w90_p2_kw1,low_soc_stops,C4-C3,0.0,0.0,0.0,0.0,50
stress_w90_p2_kw3,mean_delay,C4-C2,-0.004503819285021557,-0.013374681570521779,0.004367043000478664,-0.14428938668299665,50
stress_w90_p2_kw3,mean_delay,C4-C3,-4.834480656140228e-05,-7.965492341923864e-05,-1.703468970356592e-05,-0.4388179726918241,50
stress_w90_p2_kw3,urgent_on_time_rate,C4-C2,0.08405053580418581,-0.07522259097137499,0.2433236625797466,0.14997443989368658,50
stress_w90_p2_kw3,urgent_on_time_rate,C4-C3,0.004842615012106535,-0.0048889841991730685,0.014574214223386138,0.1414213562373095,50
stress_w90_p2_kw3,completion_rate,C4-C2,0.0,0.0,0.0,0.0,50
stress_w90_p2_kw3,completion_rate,C4-C3,0.0,0.0,0.0,0.0,50
stress_w90_p2_kw3,wpt_loss,C4-C2,-0.7205298845474695,-0.7940593641348503,-0.6470004049600886,-2.7849010849552513,50
stress_w90_p2_kw3,wpt_loss,C4-C3,-0.6518165246279746,-0.7161037658380661,-0.587529283417883,-2.881508106002634,50
stress_w90_p2_kw3,low_soc_stops,C4-C2,0.0,0.0,0.0,0.0,50
stress_w90_p2_kw3,low_soc_stops,C4-C3,0.0,0.0,0.0,0.0,50
stress_w90_p2_kw5,mean_delay,C4-C2,-6.709857037246248e-05,-0.00017244186667984444,3.82447259349195e-05,-0.1810196127950146,50
stress_w90_p2_kw5,mean_delay,C4-C3,-8.472452835259103e-05,-0.00019838809185342778,2.8939035148245725e-05,-0.21183960628674045,50
stress_w90_p2_kw5,urgent_on_time_rate,C4-C2,0.0,0.0,0.0,0.0,50
stress_w90_p2_kw5,urgent_on_time_rate,C4-C3,-0.004484304932735483,-0.01349585308129721,0.004527243215826243,-0.1414213562373095,50
stress_w90_p2_kw5,completion_rate,C4-C2,0.0,0.0,0.0,0.0,50
stress_w90_p2_kw5,completion_rate,C4-C3,0.0,0.0,0.0,0.0,50
stress_w90_p2_kw5,wpt_loss,C4-C2,-0.42591970780202204,-0.50587096782604,-0.34596844777800406,-1.5139854157974726,50
stress_w90_p2_kw5,wpt_loss,C4-C3,-0.3584436199409472,-0.4364341026215077,-0.2804531372603867,-1.3061664213179043,50
stress_w90_p2_kw5,low_soc_stops,C4-C2,0.0,0.0,0.0,0.0,50
stress_w90_p2_kw5,low_soc_stops,C4-C3,0.0,0.0,0.0,0.0,50
