strategy,agv_id,time_h,soc
C1,1,0.0,52.13674812382657
C1,1,0.0722909797058201,51.855081457159905
C1,1,0.11673542415026454,51.53063701271545
C1,1,0.17590586320695017,51.334525901604344
C1,1,0.24820784224524706,51.09563701271546
C1,1,0.31316493664928946,50.72841479049324
C1,1,0.40335951509898865,50.489525901604345
C1,1,0.47940010883158374,50.1650814571599
C1,1,0.5239518418527283,49.840637012715455
C1,1,0.565618508519395,49.55897034604879
C1,1,0.6546310445784272,49.277303679382115
C1,1,0.7574448524147567,48.91008145715989
C1,1,0.7991115190814234,48.628414790493224
C1,1,0.8853969648130209,48.34674812382656
C1,1,0.9562710244514572,47.97952590160433
C1,1,1.0235235154075768,47.69785923493766
C1,1,1.0929766743584128,47.330637012715435
C1,1,1.1374211188028573,47.006192568271
C1,1,1.1846433410250796,46.63897034604877
C1,1,1.231865563247302,46.27174812382655
C1,1,1.2763100076917464,45.9473036793821
C1,1,1.3225832106649815,45.75119256827099
C1,1,1.3808396318356206,45.38397034604876
C1,1,1.4197285207245096,45.145081457159876
C1,1,1.4840499508947103,44.82063701271543
C1,1,1.5419152036947195,44.453414790493206
C1,1,1.600229585104324,44.08619256827098
C1,1,1.647451807326546,43.718970346048756
C1,1,1.7034337183571227,43.48008145715987
C1,1,1.7514857636124257,43.112859234937645
C1,1,1.798707985834648,42.74563701271542
C1,1,1.8567786365086227,42.50674812382653
C1,1,1.9333527483881128,42.18230367938209
C1,1,2.0065702078047476,41.9434147904932
C1,1,2.0482368744714146,41.661748123826534
C1,1,2.092681318915859,41.33730367938209
C1,1,2.12879243002697,41.141192568270974
C1,1,2.1832410203299983,40.85952590160431
C1,1,2.248218243430765,40.577859234937634
C1,1,2.3101202427895355,40.25341479049319
C1,1,2.347152224515993,40.05730367938208
C1,1,2.3943744467382153,39.690081457159856
C1,1,2.4847217131549475,39.40841479049318
C1,1,2.5236106020438367,39.169525901604295
C1,1,2.5597217131549477,38.97341479049318
C1,1,2.6069439353771697,38.606192568270956
C1,1,2.6513883798216145,38.28174812382652
C1,1,2.6958328242660587,37.95730367938207
C1,1,2.743055046488281,37.59008145715985
C1,1,2.8478953691361726,37.308414790493174
C1,1,2.9502306950345045,36.94119256827095
C1,1,2.9891195839233933,36.70230367938206
C1,1,3.04532384333662,36.377859234937624
C1,1,3.0869905100032864,36.09619256827095
C1,1,3.125879398892175,35.85730367938206
C1,1,3.1922567294652566,35.66119256827095
C1,1,3.2487249573212886,35.46508145715983
C1,1,3.336224816616949,35.140637012715395
C1,1,3.3857169911835,34.85897034604872
C1,1,3.421828102294611,34.662859234937606
C1,1,3.469050324516833,34.29563701271539
C1,1,3.5154131970490714,34.013970346048715
C1,1,3.5923871948742003,33.77508145715983
C1,1,3.6396094170964224,33.407859234937604
C1,1,3.6784983059853116,33.16897034604872
C1,1,3.720164972651978,32.88730367938204
C1,1,3.7646094170964224,32.562859234937605
C1,1,3.8034983059853116,32.32397034604871
C1,1,3.8507205282075336,31.95674812382649
C1,1,3.9480512169934956,31.760637012715375
C1,1,3.99249566143794,31.436192568270933
C1,1,4.034162328104607,31.154525901604263
C1,1,4.070273439215717,30.95841479049315
C1,1,4.106384550326829,30.762303679382036
C1,1,4.164961957831693,30.52341479049315
C1,1,4.201073068942804,30.327303679382034
C1,1,4.275744037265192,30.13119256827092
C1,1,4.322966259487414,29.763970346048694
C1,1,4.36422708589949,29.567859234937583
C1,1,4.405893752566157,29.286192568270913
C1,1,4.447560419232824,29.004525901604243
C1,1,4.4864493081217125,28.765637012715356
C1,1,4.530893752566157,28.441192568270914
C1,1,4.567004863677268,28.2450814571598
C1,1,4.605893752566157,28.00619256827091
C1,1,4.6531159747883795,27.638970346048687
C1,1,4.694782641455046,27.357303679382017
C1,1,4.739227085899491,27.032859234937572
C1,1,4.7781159747883795,26.793970346048685
C1,1,4.819782641455046,26.512303679382015
C1,1,4.858671530343935,26.273414790493128
C1,1,4.9031159747883795,25.948970346048682
C1,1,4.944782641455046,25.667303679382016
C1,1,4.980893752566157,25.4711925682709
C1,1,5.017004863677268,25.275081457159786
C1,1,5.106870355168513,24.950637012715344
C1,1,5.157218867271609,24.6261925682709
C1,1,5.209415683249432,24.38730367938201
C1,1,5.251082349916099,24.105637012715345
C1,1,5.305533544136014,23.738414790493124
C1,1,5.366111446854274,23.41397034604868
C1,1,5.405000335743162,23.17508145715979
C1,1,5.446667002409829,22.893414790493125
C1,1,5.4883336690764954,22.61174812382646
C1,1,5.527222557965385,22.37285923493757
C1,1,5.563588307403201,22.17674812382646
C1,1,5.617236031085455,21.852303679382015
C1,1,5.653347142196567,21.656192568270903
C1,1,5.692236031085455,21.417303679382016
C1,1,5.733902697752122,21.13563701271535
C1,1,5.775569364418788,20.853970346048683
C1,1,5.814458253307677,20.615081457159796
C1,1,5.867706137831825,20.33341479049313
C1,1,5.91215058227627,20.008970346048685
C1,1,5.956595026720715,19.684525901604243
C1,1,5.959372804498492,19.641748123826464
C1,1,7.2623033947980025,90.0
C1,1,7.3039700614646685,89.71833333333333
C1,1,7.34008117257578,89.52222222222223
C1,1,7.381747839242447,89.24055555555556
C1,1,7.423414505909113,88.9588888888889
C1,1,7.4706367281313355,88.59166666666667
C1,1,7.517858950353558,88.22444444444444
C1,1,7.556747839242447,87.98555555555556
C1,1,7.592858950353558,87.78944444444446
C1,1,7.628970061464669,87.59333333333335
C1,1,7.670636728131336,87.31166666666668
C1,1,7.71508117257578,86.98722222222223
C1,1,7.753970061464669,86.74833333333333
C1,1,7.795636728131336,86.46666666666667
C1,1,7.834525617020224,86.22777777777777
C1,1,7.881747839242447,85.86055555555556
C1,1,7.926192283686891,85.53611111111111
C1,1,7.9706367281313355,85.21166666666666
C1,1,8.009525617020225,84.97277777777778
C1,1,8.05397006146467,84.64833333333333
C1,1,8.095636728131336,84.36666666666666
C1,1,8.131747839242447,84.17055555555555
C1,1,8.173414505909113,83.88888888888889
C1,1,8.21508117257578,83.6072222222222
C1,1,8.256747839242447,83.32555555555554
C1,1,8.301192283686891,83.00111111111109
C1,1,8.345636728131336,82.67666666666665
C1,1,8.39008117257578,82.3522222222222
C1,1,8.426192283686891,82.15611111111109
C1,1,8.473414505909114,81.78888888888886
C1,1,8.517858950353558,81.46444444444441
C1,1,8.56508117257578,81.0972222222222
C1,1,8.603970061464668,80.8583333333333
C1,1,8.65119228368689,80.4911111111111
C1,1,8.692858950353557,80.20944444444442
C1,1,8.734525617020225,79.92777777777775
C1,1,8.770636728131336,79.73166666666664
C1,1,8.809525617020224,79.49277777777776
C1,1,8.848414505909114,79.25388888888887
C1,1,8.895636728131336,78.88666666666666
C1,1,8.931747839242446,78.69055555555555
C1,1,8.973414505909114,78.40888888888887
C1,1,9.012303394798002,78.16999999999999
C1,1,9.048414505909113,77.97388888888888
C1,1,9.095636728131336,77.60666666666665
C1,1,9.137303394798002,77.32499999999999
C1,1,9.181747839242446,77.00055555555554
C1,1,9.226192283686892,76.67611111111108
C1,1,9.267858950353558,76.39444444444442
C1,1,9.309525617020224,76.11277777777775
C1,1,9.348414505909114,75.87388888888886
C1,1,9.384525617020225,75.67777777777775
C1,1,9.423414505909113,75.43888888888887
C1,1,9.470636728131336,75.07166666666664
C1,1,9.512303394798002,74.78999999999998
C1,1,9.551192283686891,74.55111111111108
C1,1,9.587303394798003,74.35499999999998
C1,1,9.62619228368689,74.1161111111111
C1,1,9.673414505909113,73.74888888888887
C1,1,9.720636728131336,73.38166666666666
C1,1,9.767858950353558,73.01444444444444
C1,1,9.812303394798002,72.68999999999998
C1,1,9.851192283686892,72.4511111111111
C1,1,9.892858950353558,72.16944444444444
C1,1,9.934525617020224,71.88777777777776
C1,1,9.978970061464668,71.56333333333332
C1,1,10.020636728131336,71.28166666666664
C1,1,10.059525617020224,71.04277777777776
C1,1,10.098414505909114,70.80388888888886
C1,1,10.137303394798002,70.56499999999998
C1,1,10.184525617020224,70.19777777777776
C1,1,10.226192283686892,69.91611111111109
C1,1,10.267858950353558,69.63444444444443
C1,1,10.31508117257578,69.2672222222222
C1,1,10.359525617020225,68.94277777777775
C1,1,10.406747839242447,68.57555555555554
C1,1,10.445636728131335,68.33666666666664
C1,1,10.484525617020225,68.09777777777775
C1,1,10.528970061464669,67.77333333333331
C1,1,10.567858950353557,67.53444444444442
C1,1,10.603970061464668,67.33833333333331
C1,1,10.642858950353558,67.09944444444443
C1,1,10.67897006146467,66.90333333333331
C1,1,10.71508117257578,66.70722222222221
C1,1,10.756747839242447,66.42555555555553
C1,1,10.795636728131335,66.18666666666665
C1,1,10.831747839242446,65.99055555555555
C1,1,10.870636728131336,65.75166666666665
C1,1,10.909525617020224,65.51277777777777
C1,1,10.95397006146467,65.18833333333332
C1,1,10.992858950353558,64.94944444444442
C1,1,11.034525617020224,64.66777777777776
C1,1,11.073414505909113,64.42888888888886
C1,1,11.112303394798003,64.18999999999998
C1,1,11.153970061464669,63.90833333333331
C1,1,11.192858950353557,63.66944444444442
C1,1,11.237303394798003,63.34499999999997
C1,1,11.278970061464669,63.063333333333304
C1,1,11.323414505909113,62.73888888888885
C1,1,11.362303394798003,62.499999999999964
C1,1,11.40119228368689,62.26111111111108
C1,1,11.442858950353557,61.97944444444441
C1,1,11.484525617020225,61.69777777777774
C1,1,11.520636728131336,61.50166666666663
C1,1,11.559525617020224,61.26277777777774
C1,1,11.603970061464668,60.9383333333333
C1,1,11.645636728131336,60.656666666666624
C1,1,11.692858950353557,60.289444444444406
C1,1,11.734525617020225,60.00777777777774
C1,1,11.773414505909113,59.76888888888885
C1,1,11.81508117257578,59.48722222222218
C1,1,11.862303394798003,59.11999999999996
C1,1,11.909525617020224,58.752777777777744
C1,1,11.945636728131335,58.556666666666636
C1,1,11.987303394798003,58.27499999999996
C1,1,12.034525617020224,57.907777777777746
C1,1,12.081747839242446,57.54055555555553
C1,1,12.120636728131336,57.30166666666664
C1,1,12.16508117257578,56.97722222222219
C1,1,12.201192283686892,56.78111111111108
C1,1,12.237303394798003,56.58499999999997
C1,1,12.273414505909113,56.388888888888864
C1,1,12.317858950353557,56.06444444444442
C1,1,12.362303394798003,55.73999999999997
C1,1,12.398414505909113,55.54388888888886
C1,1,12.434525617020224,55.34777777777775
C1,1,12.473414505909114,55.10888888888886
C1,1,12.520636728131336,54.741666666666646
C1,1,12.556747839242446,54.54555555555554
C1,1,12.598414505909114,54.263888888888864
C1,1,12.634525617020225,54.067777777777756
C1,1,12.676192283686891,53.78611111111109
C1,1,12.712303394798003,53.58999999999998
C1,1,12.756747839242447,53.26555555555553
C1,1,12.798414505909113,52.98388888888886
C1,1,12.837303394798003,52.744999999999976
C1,1,12.884525617020225,52.37777777777776
C1,1,12.92897006146467,52.053333333333306
C1,1,12.96508117257578,51.8572222222222
C1,1,13.012303394798002,51.48999999999998
C1,1,13.048414505909113,51.29388888888887
C1,1,13.084525617020224,51.097777777777765
C1,1,13.123414505909114,50.85888888888888
C1,1,13.162303394798002,50.61999999999999
C1,1,13.20397006146467,50.33833333333332
C1,1,13.248414505909114,50.01388888888887
C1,1,13.29008117257578,49.7322222222222
C1,1,13.326192283686892,49.53611111111108
C1,1,13.367858950353558,49.25444444444442
C1,1,13.41508117257578,48.88722222222219
C1,1,13.456747839242446,48.605555555555526
C1,1,13.503970061464669,48.2383333333333
C1,1,13.542858950353558,47.999444444444414
C1,1,13.59008117257578,47.63222222222219
C1,1,13.628970061464669,47.393333333333295
C1,1,13.673414505909113,47.06888888888886
C1,1,13.709525617020224,46.87277777777774
C1,1,13.756747839242447,46.50555555555552
C1,1,13.80397006146467,46.13833333333329
C1,1,13.848414505909114,45.81388888888885
C1,1,13.895636728131336,45.44666666666662
C1,1,13.937303394798002,45.16499999999996
C1,1,13.984525617020225,44.79777777777773
C1,1,14.020636728131336,44.60166666666662
C1,1,14.059525617020224,44.36277777777773
C1,1,14.103970061464668,44.038333333333284
C1,1,14.15119228368689,43.67111111111106
C1,1,14.19008117257578,43.43222222222217
C1,1,14.231747839242447,43.150555555555506
C1,1,14.267858950353558,42.95444444444439
C1,1,14.30397006146467,42.758333333333276
C1,1,14.348414505909114,42.43388888888883
C1,1,14.392858950353558,42.109444444444385
C1,1,14.431747839242446,41.8705555555555
C1,1,14.476192283686892,41.54611111111105
C1,1,14.51508117257578,41.307222222222165
C1,1,14.562303394798002,40.93999999999994
C1,1,14.601192283686892,40.701111111111054
C1,1,14.642858950353558,40.41944444444439
C1,1,14.681747839242446,40.1805555555555
C1,1,14.720636728131336,39.941666666666606
C1,1,14.762303394798002,39.65999999999994
C1,1,14.80397006146467,39.37833333333327
C1,1,14.851192283686892,39.01111111111105
C1,1,14.895197095068122,38.814999999999934
C1,1,14.931308206179233,38.61888888888882
C1,1,14.9729748728459,38.33722222222215
C1,1,15.017419317290345,38.01277777777771
C1,1,15.06186376173479,37.68833333333326
C1,1,15.106308206179234,37.363888888888816
C1,1,15.142419317290345,37.16777777777771
C1,1,15.189641539512566,36.80055555555548
C1,1,15.23408598395701,36.47611111111104
C1,1,15.278530428401456,36.15166666666659
C1,1,15.325752650623677,35.78444444444437
C1,1,15.361863761734789,35.58833333333325
C1,1,15.403530428401456,35.30666666666659
C1,1,15.439641539512566,35.11055555555547
C1,1,15.475752650623678,34.91444444444436
C1,1,15.514641539512567,34.67555555555547
C1,1,15.609523213820431,34.479444444444354
C1,1,15.73267858401003,34.11222222222213
C1,1,15.83224103297794,33.744999999999905
C1,1,15.889709325797703,33.5488888888888
C1,1,15.949186612024254,33.35277777777768
C1,1,16.004632715415664,33.071111111111016
C1,1,16.069476524475743,32.78944444444434
C1,1,16.163288784835373,32.4649999999999
C1,1,16.20217767372426,32.22611111111101
C1,1,16.247498518709357,32.029999999999895
C1,1,16.283609629820468,31.833888888888783
C1,1,16.332846541835725,31.46666666666656
C1,1,16.371735430724613,31.22777777777767
C1,1,16.4106243196135,30.988888888888784
C1,1,16.463210693381352,30.62166666666656
C1,1,16.516218601282876,30.33999999999989
C1,1,16.557885267949544,30.05833333333322
C1,1,16.607031092694747,29.819444444444333
C1,1,16.652876278310405,29.537777777777663
C1,1,16.72596791367374,29.213333333333217
C1,1,16.772401270861515,28.93166666666655
C1,1,16.816609326208734,28.64999999999988
C1,1,16.958341316619556,28.325555555555436
C1,1,17.00734579308153,28.001111111110994
C1,1,17.05456801530375,27.63388888888877
C1,1,17.131839076843114,27.266666666666545
C1,1,17.19848314251814,26.89944444444432
C1,1,17.28113383396741,26.61777777777765
C1,1,17.325578278411854,26.29333333333321
C1,1,17.361689389522965,26.097222222222094
C1,1,17.40891161174519,25.72999999999987
C1,1,17.450578278411854,25.4483333333332
C1,1,17.513894581911153,25.081111111110978
C1,1,17.565015859354435,24.756666666666533
C1,1,17.628093875357234,24.517777777777646
C1,1,17.765111130262905,24.278888888888755
C1,1,17.850564852544903,23.99722222222209
C1,1,17.948247277714945,23.715555555555422
C1,1,18.019433829028596,23.39111111111098
C1,1,18.072002351835614,23.15222222222209
C1,1,18.11916435057094,22.827777777777648
C1,1,18.155275461682052,22.631666666666536
C1,1,18.20045904410512,22.34999999999987
C1,1,18.24768126632734,21.98277777777765
C1,1,18.303175194343122,21.615555555555428
C1,1,18.345601033739374,21.419444444444316
C1,1,18.387267700406042,21.13777777777765
C1,1,18.48642400911067,20.813333333333205
C1,1,18.52559240954749,20.617222222222097
C1,1,18.623194868790158,20.33555555555543
C1,1,18.667640366072835,20.13944444444432
C1,1,18.720505863789224,19.943333333333207
C1,1,18.731575262387484,19.900555555555428
C1,1,20.11261708373103,89.99999999999999
C1,1,20.148728194842143,89.80388888888888
C1,1,20.195950417064367,89.43666666666667
C1,1,20.23761708373103,89.155
C1,1,20.276505972619923,88.9161111111111
C1,1,20.31539486150881,88.67722222222221
C1,1,20.359839305953255,88.35277777777777
C1,1,20.401505972619923,88.0711111111111
C1,1,20.448728194842143,87.70388888888888
C1,1,20.484839305953255,87.50777777777778
C1,1,20.526505972619923,87.22611111111111
C1,1,20.56539486150881,86.98722222222221
C1,1,20.60706152817548,86.70555555555555
C1,1,20.648728194842143,86.42388888888888
C1,1,20.68761708373103,86.18499999999999
C1,1,20.73206152817548,85.86055555555554
C1,1,20.773728194842143,85.57888888888887
C1,1,20.81261708373103,85.33999999999999
C1,1,20.848728194842142,85.14388888888888
C1,1,20.884839305953253,84.94777777777777
C1,1,20.932061528175478,84.58055555555555
C1,1,20.973728194842142,84.29888888888888
C1,1,21.018172639286586,83.97444444444443
C1,1,21.06539486150881,83.6072222222222
C1,1,21.11261708373103,83.24
C1,1,21.1542837503977,82.95833333333333
C1,1,21.19039486150881,82.76222222222222
C1,1,21.2292837503977,82.52333333333333
C1,1,21.26539486150881,82.32722222222222
C1,1,21.304283750397698,82.08833333333332
C1,1,21.345950417064365,81.80666666666666
C1,1,21.387617083731033,81.52499999999999
C1,1,21.42650597261992,81.2861111111111
C1,1,21.46817263928659,81.00444444444443
C1,1,21.5042837503977,80.80833333333332
C1,1,21.55150597261992,80.44111111111111
C1,1,21.595950417064365,80.11666666666666
C1,1,21.632061528175477,79.92055555555555
C1,1,21.66817263928659,79.72444444444444
C1,1,21.7042837503977,79.52833333333334
C1,1,21.745950417064364,79.24666666666667
C1,1,21.784839305953255,79.00777777777778
C1,1,21.832061528175476,78.64055555555555
C1,1,21.8792837503977,78.27333333333334
C1,1,21.91817263928659,78.03444444444445
C1,1,21.9542837503977,77.83833333333334
C1,1,21.99039486150881,77.64222222222223
C1,1,22.0292837503977,77.40333333333335
C1,1,22.06539486150881,77.20722222222224
C1,1,22.1042837503977,76.96833333333335
C1,1,22.14039486150881,76.77222222222224
C1,1,22.182061528175478,76.49055555555557
C1,1,22.220950417064365,76.25166666666668
C1,1,22.262617083731033,75.97000000000001
C1,1,22.298728194842145,75.7738888888889
C1,1,22.345950417064365,75.4066666666667
C1,1,22.382061528175477,75.21055555555559
C1,1,22.420950417064365,74.97166666666669
C1,1,22.457061528175476,74.77555555555558
C1,1,22.498728194842144,74.49388888888892
C1,1,22.54039486150881,74.21222222222225
C1,1,22.582061528175476,73.93055555555557
C1,1,22.623728194842144,73.6488888888889
C1,1,22.66539486150881,73.36722222222224
C1,1,22.707061528175476,73.08555555555557
C1,1,22.743172639286588,72.88944444444446
C1,1,22.784839305953255,72.6077777777778
C1,1,22.832061528175476,72.24055555555557
C1,1,22.87650597261992,71.91611111111112
C1,1,22.935992416753766,71.67722222222224
C1,1,23.014118881140316,71.35277777777779
C1,1,23.055785547806984,71.07111111111112
C1,1,23.10022999225143,70.74666666666667
C1,1,23.141896658918093,70.465
C1,1,23.195709599407895,70.22611111111111
C1,1,23.24015404385234,69.90166666666666
C1,1,23.284598488296783,69.57722222222222
C1,1,23.32626515496345,69.29555555555554
C1,1,23.362376266074563,69.09944444444443
C1,1,23.40126515496345,68.86055555555555
C1,1,23.448487377185675,68.49333333333333
C1,1,23.484598488296786,68.29722222222222
C1,1,23.52626515496345,68.01555555555555
C1,1,23.562376266074562,67.81944444444444
C1,1,23.609598488296786,67.45222222222222
C1,1,23.656820710519007,67.08500000000001
C1,1,23.695709599407895,66.84611111111111
C1,1,23.737376266074563,66.56444444444445
C1,1,23.77626515496345,66.32555555555555
C1,1,23.820709599407895,66.00111111111111
C1,1,23.862376266074563,65.71944444444443
C1,1,23.90126515496345,65.48055555555555
C1,1,23.945709599407895,65.1561111111111
C1,1,23.99293182163012,64.78888888888889
C2,1,0.0,52.13674812382657
C2,1,0.002777777777777778,52.09397034604879
C2,1,0.019444444444444445,52.99397034604879
C2,1,0.022222222222222223,52.95119256827101
C2,1,0.030624313039153427,53.4049054723853
C2,1,0.033402090816931206,53.36212769460752
C2,1,0.033402090816931206,53.36212769460752
C2,1,0.03617986859470899,53.31934991682974
C2,1,0.04924450335785143,54.06403409832886
C2,1,0.05202228113562921,54.02125632055108
C2,1,0.05484660063940175,54.18224253226611
C2,1,0.057624378417179524,54.13946475448833
C2,1,0.060605334999802106,54.2907732790568
C2,1,0.10504977944424654,53.966328834612355
C2,1,0.15449162797877827,53.6418843901679
C2,1,0.15726940575655607,53.59910661239012
C2,1,0.15726940575655607,53.59910661239012
C2,1,0.19338051686766716,53.402995501279015
C2,1,0.27707660230701625,53.07855105683457
C2,1,0.279854380084794,53.035773279056784
C2,1,0.279854380084794,53.035773279056784
C2,1,0.32707660230701624,52.668551056834566
C2,1,0.40335951509898865,52.42966216794568
C2,1,0.46476480483353266,52.14799550127901
C2,1,0.5119870270557548,51.78077327905679
C2,1,0.5564314715001993,51.45632883461234
C2,1,0.5925425826113104,51.260217723501235
C2,1,0.673048811566104,50.89299550127902
C2,1,0.7574448524147567,50.52577327905679
C2,1,0.7991115190814234,50.24410661239013
C2,1,0.883236069700712,49.96243994572346
C2,1,0.9380279158928598,49.723551056834566
C2,1,0.9796945825595265,49.4418843901679
C2,1,1.034873811760487,49.117439945723454
C2,1,1.0929766743584128,48.75021772350123
C2,1,1.1374211188028573,48.42577327905679
C2,1,1.1846433410250796,48.05855105683457
C2,1,1.231865563247302,47.69132883461234
C2,1,1.2763100076917464,47.3668843901679
C2,1,1.3280847774862217,47.04243994572345
C2,1,1.3808396318356206,46.67521772350123
C2,1,1.4197285207245096,46.43632883461234
C2,1,1.4662885065675626,46.240217723501225
C2,1,1.4690662843453404,46.197439945723445
C2,1,1.479754702573949,46.80667978475414
C2,1,1.4825324803517268,46.76390200697635
C2,1,1.4894451643787159,47.09507801326987
C2,1,1.4922229421564936,47.05230023549209
C2,1,1.4946929814724972,47.18568235855628
C2,1,1.497470759250275,47.1429045807785
C2,1,1.5040535299962081,47.502730882247924
C2,1,1.5068313077739859,47.459953104470145
C2,1,1.5234979744406527,48.30592609096339
C2,1,1.5262757522184305,48.26314831318561
C2,1,1.539730673744495,48.946098321971824
C2,1,1.5425084515222727,48.903320544194045
C2,1,1.5472162492567108,49.15754162185371
C2,1,1.5499940270344885,49.114763844075924
C2,1,1.5510170954099112,49.17000953634875
C2,1,1.553794873187689,49.12723175857097
C2,1,1.553794873187689,49.12723175857097
C2,1,1.5565726509654667,49.08445398079319
C2,1,1.5629109447789304,49.42672184672022
C2,1,1.6073553892233747,49.10227740227578
C2,1,1.643466500334486,48.906166291164666
C2,1,1.6795776114455971,48.71005518005355
C2,1,1.682355389223375,48.66727740227577
C2,1,1.682355389223375,48.66727740227577
C2,1,1.729577611445597,48.30005518005355
C2,1,1.7740220558900415,47.9756107356091
C2,1,1.8375471139186967,47.736721846720215
C2,1,1.8403248916964745,47.693944068942436
C2,1,1.8495979894750012,48.19469134898288
C2,1,1.852375767252779,48.1519135712051
C2,1,1.8560362284617398,48.360559860115856
C2,1,1.8588140062395175,48.31778208233807
C2,1,1.8703638215726595,48.904031988587484
C2,1,1.8731415993504372,48.861254210809705
C2,1,1.8889083039436683,49.759956372623876
C2,1,1.891686081721446,49.7171785948461
C2,1,1.8982819741590995,50.07335678647939
C2,1,1.9010597519368773,50.0305790087016
C2,1,1.9142866662997433,50.66426003002093
C2,1,1.917064444077521,50.62148225224314
C2,1,1.9337311107441877,51.521482252243146
C2,1,1.9365088885219657,51.47870447446537
C2,1,1.9373312294715377,51.52311088574225
C2,1,1.9401090072493155,51.48033310796447
C2,1,1.9517860417613893,51.777554234290676
C2,1,1.954563819539167,51.7347764565129
C2,1,1.9676813189158588,52.297306538587385
C2,1,1.9704590966936366,52.254528760809606
C2,1,1.9729800228253287,52.38248688531099
C2,1,1.9757578006031065,52.3397091075332
C2,1,1.9757578006031065,52.3397091075332
C2,1,2.020202245047551,52.01526466308876
C2,1,2.0229800228253287,51.97248688531098
C2,1,2.0229800228253287,51.97248688531098
C2,1,2.0618689117142175,51.733597996422084
C2,1,2.1090911339364395,51.36637577419987
C2,1,2.1507578006031065,51.0847091075332
C2,1,2.1535355783808843,51.04193132975542
C2,1,2.170202245047551,51.887904316248665
C2,1,2.1729800228253286,51.845126538470886
C2,1,2.1896466894919953,52.69109952496414
C2,1,2.192424467269773,52.64832174718636
C2,1,2.1960386291535183,52.831770746534076
C2,1,2.198816406931296,52.7889929687563
C2,1,2.19883815032247,52.79003466101708
C2,1,2.2016159281002476,52.7472568832393
C2,1,2.204704069141146,52.914016499447825
C2,1,2.207481846918924,52.871238721670046
C2,1,2.207481846918924,52.871238721670046
C2,1,2.251926291363368,52.546794277225594
C2,1,2.3101202427895355,52.22234983278115
C2,1,2.3128980205673133,52.17957205500336
C2,1,2.3128980205673133,52.17957205500336
C2,1,2.3490091316784243,51.983460943892254
C2,1,2.396231353900647,51.61623872167004
C2,1,2.477032249027499,51.42012761055893
C2,1,2.5159211379163877,51.18123872167004
C2,1,2.554810026805277,50.942349832781154
C2,1,2.602032249027499,50.57512761055894
C2,1,2.6492544712497215,50.20790538833671
C2,1,2.6964766934719435,49.84068316611449
C2,1,2.7436989156941656,49.47346094389226
C2,1,2.8288808951214,49.106238721670046
C2,1,2.9401464126679757,48.73901649944782
C2,1,2.9873686348901978,48.3717942772256
C2,1,2.9901464126679755,48.32901649944781
C2,1,2.9901464126679755,48.32901649944781
C2,1,2.9929241904457533,48.28623872167003
C2,1,3.000879398892175,48.66736046139258
C2,1,3.003657176669953,48.624582683614804
C2,1,3.0203238433366195,49.5245826836148
C2,1,3.0231016211143973,49.48180490583702
C2,1,3.0243221918728347,49.54771572679263
C2,1,3.0270999696506125,49.504937949014845
C2,1,3.0270999696506125,49.504937949014845
C2,1,3.0298777474283902,49.462160171237066
C2,1,3.0312492180589627,49.53621958528798
C2,1,3.0340269958367405,49.4934418075102
C2,1,3.0340269958367405,49.4934418075102
C2,1,3.075693662503407,49.211775140843535
C2,1,3.111804773614518,49.01566402973242
C2,1,3.153664622244531,48.733997363065754
C2,1,3.2324920815446614,48.53788625195464
C2,1,3.3018546734964462,48.170664029732414
C2,1,3.373732830854079,47.80344180751019
C2,1,3.4126217197429676,47.5645529186213
C2,1,3.4487328308540786,47.36844180751019
C2,1,3.4924716810644845,47.17233069639907
C2,1,3.5396939032867065,46.80510847417685
C2,1,3.5946579590111574,46.60899736306573
C2,1,3.597435736788935,46.56621958528795
C2,1,3.597435736788935,46.56621958528795
C2,1,3.6446579590111576,46.19899736306573
C2,1,3.6807690701222686,46.002886251954614
C2,1,3.7279912923444907,45.63566402973239
C2,1,3.76688018123338,45.3967751408435
C2,1,3.8085468479000464,45.115108474176836
C2,1,3.850213514566713,44.83344180751017
C2,1,3.940171619570721,44.466219585287945
C2,1,3.9846160640151655,44.1417751408435
C2,1,4.02906050845961,43.817330696399054
C2,1,4.076282730681832,43.45010847417683
C2,1,4.07906050845961,43.40733069639905
C2,1,4.07906050845961,43.40733069639905
C2,1,4.123504952904054,43.082886251954605
C2,1,4.183090503827543,42.75844180751016
C2,1,4.240765061197902,42.51955291862127
C2,1,4.24354283897568,42.47677514084349
C2,1,4.246931728035765,42.659775150088066
C2,1,4.291376172480209,42.33533070564363
C2,1,4.343522533263458,42.01088626119918
C2,1,4.382411422152347,41.771997372310295
C2,1,4.42963364437457,41.40477515008807
C2,1,4.46574475548568,41.208664038976956
C2,1,4.501855866596792,41.01255292786584
C2,1,4.54074475548568,40.77366403897695
C2,1,4.585189199930125,40.44921959453251
C2,1,4.626855866596792,40.16755292786584
C2,1,4.66574475548568,39.928664038976954
C2,1,4.707411422152347,39.64699737231028
C2,1,4.749078088819013,39.365330705643615
C2,1,4.751855866596792,39.322552927865836
C2,1,4.756986476152171,39.59960584385635
C2,1,4.804208698374394,39.23238362163413
C2,1,4.84587536504106,38.950716954967454
C2,1,4.881986476152171,38.754605843856346
C2,1,4.925798471886084,38.51571695496745
C2,1,4.961909582997196,38.319605843856344
C2,1,4.998020694108307,38.12349473274523
C2,1,5.036909582997196,37.88460584385634
C2,1,5.132555742072274,37.560161399411896
C2,1,5.135333519850051,37.51738362163412
C2,1,5.138713573850622,37.71004669966668
C2,1,5.1414913516284,37.6672689218889
C2,1,5.1489509023991165,38.04590362849294
C2,1,5.151728680176895,38.00312585071516
C2,1,5.151728680176895,38.00312585071516
C2,1,5.154506457954672,37.96034807293738
C2,1,5.161218965692996,38.281933942668005
C2,1,5.163996743470774,38.239156164890225
C2,1,5.170526794360543,38.591778912937805
C2,1,5.209415683249432,38.35289002404891
C2,1,5.251082349916099,38.071223357382245
C2,1,5.296228051171098,37.78955669071558
C2,1,5.3351169400599865,37.550667801826684
C2,1,5.374005828948875,37.3117789129378
C2,1,5.421228051171098,36.94455669071557
C2,1,5.4601169400599865,36.705667801826685
C2,1,5.462894717837764,36.662890024048906
C2,1,5.4662855113643944,36.808300616880516
C2,1,5.510729955808839,36.48385617243608
C2,1,5.552396622475506,36.202189505769404
C2,1,5.5912855113643944,35.96330061688052
C2,1,5.632952178031061,35.68163395021385
C2,1,5.6746188446977275,35.39996728354718
C2,1,5.713507733586617,35.16107839465829
C2,1,5.752396622475506,34.9221895057694
C2,1,5.788507733586616,34.72607839465829
C2,1,5.791285511364395,34.68330061688051
C2,1,5.793816532201597,34.81997574208946
C2,1,5.796594309979375,34.77719796431168
C2,1,5.813260976646042,35.688228479569304
C2,1,5.816038754423819,35.645450701791525
C2,1,5.816038754423819,35.645450701791525
C2,1,5.8188165322015974,35.602672924013746
C2,1,5.821204771343241,35.73880255508742
C2,1,5.823982549121019,35.69602477730964
C2,1,5.826039471165159,35.81326933382564
C2,1,5.867706137831825,35.53160266715897
C2,1,5.91215058227627,35.207158222714526
C2,1,5.951039471165159,34.96826933382564
C2,1,5.989928360054048,34.729380444936744
C2,1,5.992706137831825,34.686602667158965
C2,1,5.999433449177807,35.028070087384734
C2,1,6.002211226955584,34.985292309606955
C2,1,6.018877893622251,35.88529230960695
C2,1,6.021655671400029,35.842514531829174
C2,1,6.029622136151321,36.27270362839895
C2,1,6.0323999139290985,36.22992585062117
C2,1,6.035472736344275,36.37714002264668
C2,1,6.038250514122052,36.33436224486889
C2,1,6.0444919265849535,36.67139851786555
C2,1,6.047269704362731,36.62862074008776
C2,1,6.063936371029397,37.42709497720632
C2,1,6.066714148807176,37.38431719942854
C2,1,6.070876327314706,37.583720737941626
C2,1,6.0736541050924835,37.54094296016385
C2,1,6.0736541050924835,37.54094296016385
C2,1,6.1153207717591505,37.25927629349718
C2,1,6.162542993981372,36.892054071274956
C2,1,6.1986541050924835,36.69594296016384
C2,1,6.2403207717591505,36.414276293497174
C2,1,6.291239835452563,36.21816518238606
C2,1,6.294017613230341,36.17538740460828
C2,1,6.310684279897008,37.07538740460828
C2,1,6.313462057674785,37.0326096268305
C2,1,6.315271440622974,37.13031630603265
C2,1,6.318049218400751,37.08753852825487
C2,1,6.334715885067418,37.71627789793971
C2,1,6.337493662845196,37.67350012016193
C2,1,6.337493662845196,37.67350012016193
C2,1,6.340271440622973,37.630722342384146
C2,1,6.349256198268165,38.11589925522451
C2,1,6.352033976045943,38.07312147744673
C2,1,6.360167087996226,38.512309522762
C2,1,6.362944865774003,38.469531744984224
C2,1,6.362944865774003,38.469531744984224
C2,1,6.410167087996226,38.102309522762
C2,1,6.412944865774004,38.05953174498422
C2,1,6.417930279982235,38.343700354853404
C2,1,6.462374724426679,38.01925591040896
C2,1,6.498485835537791,37.82314479929785
C2,1,6.5401525022044575,37.54147813263118
C2,1,6.542930279982235,37.4987003548534
C2,1,6.542930279982235,37.4987003548534
C2,1,6.545708057760013,37.45592257707562
C2,1,6.546290583979515,37.485490663813025
C2,1,6.587957250646182,37.20382399714636
C2,1,6.656443193346691,36.922157330479685
C2,1,6.659220971124468,36.879379552701906
C2,1,6.675887637791135,37.77937955270191
C2,1,6.678665415568913,37.736601774924125
C2,1,6.683579353777886,38.001954438208685
C2,1,6.686357131555664,37.959176660430906
C2,1,6.6870863710038755,37.98668675349196
C2,1,6.73153081544832,37.662242309047514
C2,1,6.8057383006475884,37.42335342015863
C2,1,6.857410346842367,37.18446453126974
C2,1,6.860188124620144,37.14168675349196
C2,1,6.876854791286811,38.04168675349196
C2,1,6.879632569064589,37.99890897571418
C2,1,6.883825694312023,38.2253377390756
C2,1,6.8866034720898,38.18255996129782
C2,1,6.890434334493876,38.389426531117905
C2,1,6.893212112271654,38.346648753340126
C2,1,6.900587806108949,38.74493622055408
C2,1,6.903365583886727,38.7021584427763
C2,1,6.915530000018717,39.35903691390376
C2,1,6.918307777796495,39.31625913612598
C2,1,6.927616974951286,39.82511689695984
C2,1,6.930394752729064,39.78233911918206
C2,1,6.934903823719079,40.02881319522405
C2,1,6.937681601496857,39.98603541744627
C2,1,6.954348268163524,40.88603541744627
C2,1,6.957126045941301,40.84325763966849
C2,1,6.957668956446975,40.87257480697487
C2,1,6.960446734224753,40.82979702919709
C2,1,6.963660620815275,41.00334690508527
C2,1,6.966438398593052,40.960569127307494
C2,1,6.979188447380695,41.68732190820313
C2,1,6.981966225158473,41.644544130425345
C2,1,6.981966225158473,41.644544130425345
C2,1,7.018077336269584,41.44843301931424
C2,1,7.059744002936251,41.166766352647564
C2,1,7.101410669602918,40.8850996859809
C2,1,7.104188447380695,40.84232190820312
C2,1,7.1208551140473615,41.75335242346074
C2,1,7.12363289182514,41.71057464568296
C2,1,7.12363289182514,41.71057464568296
C2,1,7.126410669602917,41.66779686790518
C2,1,7.143077336269584,42.57882738316281
C2,1,7.145855114047362,42.53604960538503
C2,1,7.150458077333056,42.7876560062177
C2,1,7.153235855110833,42.74487822843992
C2,1,7.153235855110833,42.74487822843992
C2,1,7.1560136328886115,42.70210045066214
C2,1,7.163277711059427,43.094360671886186
C2,1,7.166055488837205,43.05158289410841
C2,1,7.166055488837205,43.05158289410841
C2,1,7.168833266614983,43.00880511633062
C2,1,7.1743042822520104,43.30423996073014
C2,1,7.215970948918677,43.02257329406347
C2,1,7.257637615585344,42.740906627396804
C2,1,7.296526504474233,42.50201773850792
C2,1,7.332637615585344,42.3059066273968
C2,1,7.377082060029789,41.981462182952356
C2,1,7.418748726696455,41.69979551628569
C2,1,7.454859837807566,41.503684405174575
C2,1,7.493748726696455,41.26479551628569
C2,1,7.575144740638651,40.94035107184124
C2,1,7.65390945681768,40.65868440517457
C2,1,7.711150228099386,40.33423996073013
C2,1,7.762624176731707,40.009795516285685
C2,1,7.798803037023677,39.81368440517457
C2,1,7.857379649743034,39.617573294063455
C2,1,7.914443256817649,39.293128849619016
C2,1,7.9588877012620936,38.96868440517457
C2,1,7.997776590150982,38.729795516285684
C2,1,8.00055436792876,38.6870177385079
C2,1,8.00055436792876,38.6870177385079
C2,1,8.003332145706537,38.64423996073012
C2,1,8.019765047122442,39.580915341436715
C2,1,8.02254282490022,39.538137563658935
C2,1,8.025531399255385,39.708486301903264
C2,1,8.028309177033162,39.665708524125485
C2,1,8.044975843699829,40.56570852412548
C2,1,8.047753621477607,40.522930746347704
C2,1,8.051178423329684,40.70787004635988
C2,1,8.053956201107463,40.6650922685821
C2,1,8.066156870369968,41.18830506124259
C2,1,8.068934648147746,41.14552728346481
C2,1,8.068934648147746,41.14552728346481
C2,1,8.071712425925524,41.10274950568702
C2,1,8.077770802974891,41.41026290523237
C2,1,8.08054858075267,41.36748512745459
C2,1,8.097215247419335,42.08221749363768
C2,1,8.099993025197113,42.0394397158599
C2,1,8.108100902577107,42.387137458931434
C2,1,8.110878680354885,42.344359681153655
C2,1,8.113599080763972,42.49942250447161
C2,1,8.11637685854175,42.45664472669383
C2,1,8.119039919751536,42.608439215651686
C2,1,8.121817697529314,42.565661437873906
C2,1,8.128202874685075,42.914686911927305
C2,1,8.130980652462853,42.87190913414952
C2,1,8.130980652462853,42.87190913414952
C2,1,8.178202874685075,42.504686911927294
C2,1,8.22278477013828,42.26579802303841
C2,1,8.25889588124939,42.06968691192729
C2,1,8.331061789938321,41.702464689705074
C2,1,8.384926155410184,41.33524246748285
C2,1,8.387703933187963,41.292464689705064
C2,1,8.387703933187963,41.292464689705064
C2,1,8.434926155410185,40.92524246748284
C2,1,8.437703933187963,40.88246468970506
C2,1,8.437703933187963,40.88246468970506
C2,1,8.484926155410186,40.515242467482835
C2,1,8.532148377632407,40.14802024526061
C2,1,8.579370599854629,39.780798023038386
C2,1,8.626592822076852,39.41357580081616
C2,1,8.668259488743518,39.131909134149495
C2,1,8.71548171096574,38.76468691192727
C2,1,8.762703933187963,38.397464689705046
C2,1,8.81123850036505,38.03024246748282
C2,1,8.814016278142828,37.98746468970504
C2,1,8.814016278142828,37.98746468970504
C2,1,8.816794055920607,37.94468691192726
C2,1,8.833460722587272,38.855717427184885
C2,1,8.83623850036505,38.812939649407106
C2,1,8.83623850036505,38.812939649407106
C2,1,8.839016278142829,38.77016187162933
C2,1,8.855682944809494,39.39890124131417
C2,1,8.858460722587273,39.35612346353639
C2,1,8.87512738925394,39.984862833221236
C2,1,8.877905167031717,39.94208505544346
C2,1,8.879478186063686,40.00142619512318
C2,1,8.882255963841462,39.9586484173454
C2,1,8.886584185297723,40.12192781116133
C2,1,8.889361963075501,40.07915003338355
C2,1,8.897007915299826,40.49203145349701
C2,1,8.899785693077602,40.449253675719234
C2,1,8.907424490049696,40.86174871221227
C2,1,8.910202267827474,40.81897093443449
C2,1,8.92686893449414,41.76897093443449
C2,1,8.929646712271918,41.72619315665671
C2,1,8.929646712271918,41.72619315665671
C2,1,8.932424490049696,41.68341537887893
C2,1,8.93314929813083,41.72472943950359
C2,1,8.935927075908609,41.68195166172581
C2,1,8.952593742575274,42.59298217698344
C2,1,8.955371520353053,42.55020439920566
C2,1,8.972038187019718,43.46123491446329
C2,1,8.974815964797497,43.418457136685504
C2,1,8.974815964797497,43.418457136685504
C2,1,8.977593742575275,43.375679358907725
C2,1,8.98575911134527,43.7258425594119
C2,1,8.988536889123047,43.68306478163412
C2,1,9.005203555789715,44.58306478163412
C2,1,9.007981333567493,44.54028700385634
C2,1,9.024648000234158,45.44028700385635
C2,1,9.027425778011937,45.39750922607856
C2,1,9.036176723640853,45.87006029004004
C2,1,9.038954501418631,45.82728251226226
C2,1,9.04660873892112,46.24061133739676
C2,1,9.049386516698899,46.19783355961898
C2,1,9.064079130178277,46.99123468750539
C2,1,9.066856907956055,46.94845690972761
C2,1,9.066856907956055,46.94845690972761
C2,1,9.069634685733833,46.90567913194983
C2,1,9.086301352400499,47.81670964720745
C2,1,9.089079130178277,47.773931869429674
C2,1,9.089079130178277,47.773931869429674
C2,1,9.091856907956055,47.731154091651895
C2,1,9.091856907956055,47.731154091651895
C2,1,9.136301352400498,47.40670964720745
C2,1,9.139079130178276,47.36393186942967
C2,1,9.15505555550189,48.226658836904846
C2,1,9.157833333279669,48.18388105912707
C2,1,9.166588348759054,48.662446234923515
C2,1,9.169366126536833,48.61966845714573
C2,1,9.169366126536833,48.61966845714573
C2,1,9.213810570981277,48.29522401270129
C2,1,9.269130461727666,47.970779568256845
C2,1,9.318015532280478,47.60355734603462
C2,1,9.37616945039908,47.279112901590175
C2,1,9.422966141173141,46.99744623492351
C2,1,9.485914094651582,46.67300179047906
C2,1,9.558089594114463,46.434112901590176
C2,1,9.618344812192131,46.10966845714573
C2,1,9.667807094723136,45.785224012701285
C2,1,9.725608405305977,45.50355734603462
C2,1,9.828060306352512,45.221890679367945
C2,1,9.872504750796956,44.89744623492351
C2,1,9.875282528574735,44.85466845714573
C2,1,9.875282528574735,44.85466845714573
C2,1,9.922504750796957,44.4874462349235
C2,1,9.964171417463623,44.20577956825683
C2,1,10.014417572596932,43.96689067936794
C2,1,10.053306461485821,43.728001790479055
C2,1,10.089417572596933,43.53189067936794
C2,1,10.133862017041377,43.207446234923495
C2,1,10.172750905930265,42.96855734603461
C2,1,10.214417572596933,42.68689067936794
C2,1,10.258862017041377,42.362446234923496
C2,1,10.297750905930265,42.12355734603461
C2,1,10.336639794819154,41.88466845714572
C2,1,10.385407432546511,41.64577956825683
C2,1,10.42707409921318,41.36411290159016
C2,1,10.46318521032429,41.168001790479046
C2,1,10.507629654768735,40.8435573460346
C2,1,10.543740765879846,40.64744623492349
C2,1,10.582629654768734,40.4085573460346
C2,1,10.629851876990957,40.041335123812374
C2,1,10.674296321435401,39.716890679367935
C2,1,10.71318521032429,39.47800179047904
C2,1,10.757629654768735,39.1535573460346
C2,1,10.796518543657623,38.914668457145716
C2,1,10.843740765879845,38.54744623492349
C2,1,10.882629654768735,38.3085573460346
C2,1,10.924296321435401,38.02689067936793
C2,1,10.965962988102067,37.745224012701264
C2,1,11.004851876990957,37.50633512381237
C2,1,11.040962988102068,37.31022401270126
C2,1,11.08818521032429,36.94300179047904
C2,1,11.132629654768735,36.61855734603459
C2,1,11.174296321435401,36.336890679367926
C2,1,11.210407432546512,36.14077956825681
C2,1,11.254851876990957,35.816335123812365
C2,1,11.290962988102068,35.62022401270125
C2,1,11.335407432546512,35.295779568256805
C2,1,11.382629654768735,34.92855734603458
C2,1,11.429851876990957,34.561335123812356
C2,1,11.468740765879845,34.32244623492347
C2,1,11.51318521032429,33.99800179047902
C2,1,11.557629654768734,33.673557346034585
C2,1,11.593740765879845,33.47744623492347
C2,1,11.635407432546511,33.1957795682568
C2,1,11.674296321435401,32.95689067936791
C2,1,11.67707409921318,32.91411290159013
C2,1,11.678875144558504,33.01136935023762
C2,1,11.723319589002948,32.68692490579318
C2,1,11.764986255669614,32.40525823912651
C2,1,11.80665292233628,32.123591572459844
C2,1,11.855777562198263,31.92748046134873
C2,1,11.937246764300706,31.68859157245984
C2,1,11.987181204130872,31.364147128015397
C2,1,12.023292315241983,31.16803601690428
C2,1,12.098077774272998,30.84359157245984
C2,1,12.147883869149254,30.60470268357095
C2,1,12.192358934567654,30.323036016904283
C2,1,12.236803379012098,29.998591572459837
C2,1,12.30454987073421,29.631369350237613
C2,1,12.357062116183345,29.349702683570943
C2,1,12.359839893961123,29.306924905793164
C2,1,12.360200828994374,29.32641539758871
C2,1,12.362978606772153,29.283637619810932
C2,1,12.362978606772153,29.283637619810932
C2,1,12.40186749566104,29.044748730922045
C2,1,12.404645273438819,29.001970953144262
C2,1,12.404684552737324,29.00409203526356
C2,1,12.407462330515102,28.961314257485782
C2,1,12.42208866402315,29.75113626692039
C2,1,12.424866441800928,29.70835848914261
C2,1,12.424866441800928,29.70835848914261
C2,1,12.427644219578706,29.665580711364832
C2,1,12.444310886245372,30.56558071136483
C2,1,12.44708866402315,30.52280293358705
C2,1,12.449331383424802,30.643909781276275
C2,1,12.45210916120258,30.601132003498492
C2,1,12.468775827869248,31.501132003498494
C2,1,12.471553605647024,31.458354225720715
C2,1,12.471553605647024,31.458354225720715
C2,1,12.474331383424802,31.415576447942932
C2,1,12.474331383424802,31.415576447942932
C2,1,12.47710916120258,31.372798670165153
C2,1,12.47710916120258,31.372798670165153
C2,1,12.479886938980359,31.330020892387374
C2,1,12.486643572507997,31.653720760475636
C2,1,12.525532461396885,31.414831871586745
C2,1,12.572997712896381,31.133165204920076
C2,1,12.575775490674157,31.090387427142296
C2,1,12.586870217916163,31.372786808915198
C2,1,12.58964799569394,31.33000903113742
C2,1,12.599948169441841,31.886218413524116
C2,1,12.60272594721962,31.843440635746333
C2,1,12.6103977223792,32.17243659650425
C2,1,12.613175500156979,32.12965881872646
C2,1,12.613175500156979,32.12965881872646
C2,1,12.615953277934755,32.08688104094868
C2,1,12.623345428473096,32.44102754665468
C2,1,12.66778987291754,32.11658310221024
C2,1,12.670567650695318,32.073805324432456
C2,1,12.670567650695318,32.073805324432456
C2,1,12.673345428473096,32.03102754665468
C2,1,12.689767884888521,32.917840193087635
C2,1,12.734212329332966,32.59339574864319
C2,1,12.775878995999632,32.31172908197652
C2,1,12.77865677377741,32.26895130419874
C2,1,12.795323440444077,33.0674255413173
C2,1,12.798101218221854,33.02464776353952
C2,1,12.802925535341656,33.255773339450585
C2,1,12.805703313119434,33.212995561672805
C2,1,12.820604064013448,33.96933352576087
C2,1,12.823381841791225,33.92655574798309
C2,1,12.840048508457892,34.82655574798309
C2,1,12.84282628623567,34.78377797020531
C2,1,12.84282628623567,34.78377797020531
C2,1,12.845604064013447,34.74100019242753
C2,1,12.850911518489678,35.01039797926352
C2,1,12.853689296267456,34.967620201485744
C2,1,12.870355962934122,35.87865071674337
C2,1,12.8731337407119,35.83587293896559
C2,1,12.889800407378566,36.746903454223215
C2,1,12.892578185156344,36.704125676445436
C2,1,12.906399143772006,37.45960457938429
C2,1,12.909176921549784,37.416826801606504
C2,1,12.910408942108484,37.483355911776265
C2,1,12.91318671988626,37.440578133998486
C2,1,12.915110266234155,37.523067383960075
C2,1,12.917888044011933,37.480289606182296
C2,1,12.934554710678599,38.39132012143992
C2,1,12.937332488456377,38.34854234366214
C2,1,12.937332488456377,38.34854234366214
C2,1,12.940110266234155,38.30576456588436
C2,1,12.941496256873537,38.38476603232912
C2,1,12.98594070131798,38.06032158788467
C2,1,13.030385145762425,37.73587714344023
C2,1,13.066496256873537,37.53976603232911
C2,1,13.117549159648217,37.17254381010689
C2,1,13.169447981559324,36.84809936566245
C2,1,13.232364239129968,36.566432698995776
C2,1,13.271253128018856,36.32754381010689
C2,1,13.318475350241078,35.960321587884664
C2,1,13.321253128018856,35.917543810106885
C2,1,13.337919794685522,36.81754381010688
C2,1,13.3406975724633,36.774766032329104
C2,1,13.357364239129968,37.6747660323291
C2,1,13.360142016907746,37.631988254551324
C2,1,13.363029424645068,37.787908272366806
C2,1,13.365807202422847,37.74513049458903
C2,1,13.369871663583694,37.95143595539269
C2,1,13.372649441361471,37.90865817761491
C2,1,13.372649441361471,37.90865817761491
C2,1,13.37542721913925,37.86588039983713
C2,1,13.39007357654305,38.65678369964238
C2,1,13.434518020987495,38.33233925519794
C2,1,13.476184687654161,38.05067258853127
C2,1,13.523406909876384,37.683450366309046
C2,1,13.56507357654305,37.40178369964238
C2,1,13.609518020987496,37.077339255197934
C2,1,13.645629132098605,36.88122814408682
C2,1,13.648406909876384,36.83845036630904
C2,1,13.648406909876384,36.83845036630904
C2,1,13.651184687654162,36.79567258853126
C2,1,13.667851354320828,37.69567258853126
C2,1,13.670629132098606,37.65289481075348
C2,1,13.687295798765273,38.55289481075348
C2,1,13.69007357654305,38.5101170329757
C2,1,13.69007357654305,38.5101170329757
C2,1,13.692851354320828,38.46733925519792
C2,1,13.692851354320828,38.46733925519792
C2,1,13.695629132098606,38.42456147742014
C2,1,13.712295798765272,39.32456147742014
C2,1,13.71507357654305,39.28178369964236
C2,1,13.72316773684213,39.71886835579272
C2,1,13.725945514619909,39.67609057801494
C2,1,13.73193250227644,39.97998036768855
C2,1,13.734710280054218,39.93720258991076
C2,1,13.741776891440246,40.318799604756336
C2,1,13.744554669218024,40.27602182697856
C2,1,13.761221335884692,41.12199481347181
C2,1,13.763999113662468,41.07921703569403
C2,1,13.771261150292904,41.447826244670445
C2,1,13.774038928070683,41.405048466892666
C2,1,13.774038928070683,41.405048466892666
C2,1,13.77681670584846,41.36227068911488
C2,1,13.778184620308489,41.43613806995643
C2,1,13.780962398086267,41.39336029217865
C2,1,13.789499853088865,41.80237656438667
C2,1,13.792277630866643,41.75959878660889
C2,1,13.797961483969875,42.066526854183365
C2,1,13.836850372858763,41.82763796529448
C2,1,13.878037731240704,41.58874907640559
C2,1,13.914148842351816,41.392637965294476
C2,1,13.961371064574038,41.02541574307225
C2,1,14.006656302400696,40.743749076405585
C2,1,14.042767413511806,40.54763796529447
C2,1,14.081656302400695,40.30874907640558
C2,1,14.14306565125114,39.98430463196114
C2,1,14.184732317917808,39.70263796529447
C2,1,14.271157674300763,39.378193520850026
C2,1,14.315602118745208,39.05374907640558
C2,1,14.36282434096743,38.686526854183356
C2,1,14.407268785411874,38.36208240973891
C2,1,14.44893545207854,38.080415743072244
C2,1,14.496157674300763,37.71319352085002
C2,1,14.535046563189653,37.47430463196113
C2,1,14.579491007634097,37.14986018751669
C2,1,14.618379896522985,36.9109712986278
C2,1,14.661566640354271,36.67208240973891
C2,1,14.77227633580717,36.34763796529447
C2,1,14.817077960922909,36.065971298627794
C2,1,14.858744627589575,35.78430463196113
C2,1,14.895197095068122,35.58819352085001
C2,1,14.931308206179233,35.392082409738904
C2,1,14.9729748728459,35.11041574307223
C2,1,15.011863761734789,34.871526854183344
C2,1,15.0479748728459,34.67541574307223
C2,1,15.086863761734788,34.43652685418334
C2,1,15.1229748728459,34.24041574307223
C2,1,15.167419317290344,33.91597129862778
C2,1,15.214641539512566,33.54874907640556
C2,1,15.261863761734789,33.18152685418333
C2,1,15.306308206179233,32.857082409738894
C2,1,15.345197095068123,32.61819352085
C2,1,15.38408598395701,32.37930463196111
C2,1,15.431308206179233,32.01208240973889
C2,1,15.470197095068123,31.77319352085
C2,1,15.506308206179233,31.57708240973889
C2,1,15.545197095068122,31.338193520849998
C2,1,15.581308206179234,31.142082409738887
C2,1,15.625752650623678,30.81763796529444
C2,1,15.670197095068122,30.49319352085
C2,1,15.714641539512566,30.168749076405554
C2,1,15.756308206179233,29.887082409738884
C2,1,15.800752650623679,29.562637965294442
C2,1,15.8479748728459,29.195415743072218
C2,1,15.889709325797703,28.999304631961103
C2,1,15.955783573528812,28.67486018751666
C2,1,16.003005795751033,28.307637965294436
C2,1,16.059156452750287,28.11152685418332
C2,1,16.10637867497251,27.744304631961096
C2,1,16.167077409779754,27.419860187516655
C2,1,16.205966298668642,27.180971298627764
C2,1,16.24485518755753,26.942082409738877
C2,1,16.292077409779754,26.574860187516652
C2,1,16.3365218542242,26.25041574307221
C2,1,16.375410743113086,26.01152685418332
C2,1,16.422632965335307,25.644304631961095
C2,1,16.4615218542242,25.405415743072208
C2,1,16.505966298668643,25.080971298627762
C2,1,16.547632965335307,24.799304631961096
C2,1,16.5865218542242,24.56041574307221
C2,1,16.628188520890863,24.278749076405543
C2,1,16.66985518755753,23.997082409738876
C2,1,16.71707740977975,23.629860187516655
C2,1,16.764299632001975,23.262637965294434
C2,1,16.811521854224196,22.895415743072213
C2,1,16.847632965335308,22.699304631961102
C2,1,16.88374407644642,22.50319352084999
C2,1,16.93376128158616,22.30708240973888
C2,1,16.96987239269727,22.110971298627767
C2,1,17.00598350380838,21.91486018751666
C2,1,17.04765017047505,21.633193520849993
C2,1,17.08376128158616,21.43708240973888
C2,1,17.13098350380838,21.06986018751666
C2,1,17.17265017047505,20.788193520849994
C2,1,17.21987239269727,20.420971298627773
C2,1,17.267094614919493,20.05374907640555
C2,1,17.303205726030605,19.85763796529444
C2,1,19.55390358320599,19.81486018751666
C2,1,21.018888019559657,90.0
C2,1,21.066110241781878,89.63277777777779
C2,1,21.104999130670766,89.3938888888889
C2,1,21.14944357511521,89.06944444444444
C2,1,21.191110241781878,88.78777777777778
C2,1,21.22722135289299,88.59166666666667
C2,1,21.2633324640041,88.39555555555556
C2,1,21.31055468622632,88.02833333333334
C2,1,21.346665797337433,87.83222222222223
C2,1,21.38555468622632,87.59333333333335
C2,1,21.424443575115212,87.35444444444445
C2,1,21.4633324640041,87.11555555555557
C2,1,21.49944357511521,86.91944444444447
C2,1,21.5383324640041,86.68055555555557
C2,1,21.57444357511521,86.48444444444446
C2,1,21.618888019559655,86.16000000000001
C2,1,21.660554686226323,85.87833333333334
C2,1,21.69944357511521,85.63944444444445
C2,1,21.74111024178188,85.35777777777778
C2,1,21.7883324640041,84.99055555555557
C2,1,21.832776908448544,84.66611111111112
C2,1,21.87444357511521,84.38444444444445
C2,1,21.910554686226323,84.18833333333335
C2,1,21.954999130670767,83.8638888888889
C2,1,21.99944357511521,83.53944444444444
C2,1,22.035554686226323,83.34333333333333
C2,1,22.071665797337435,83.14722222222223
C2,1,22.110554686226322,82.90833333333335
C2,1,22.14944357511521,82.66944444444445
C2,1,22.18555468622632,82.47333333333334
C2,1,22.229999130670766,82.14888888888889
C2,1,22.27444357511521,81.82444444444444
C2,1,22.31055468622632,81.62833333333333
C2,1,22.357776908448546,81.26111111111112
C2,1,22.396665797337434,81.02222222222223
C2,1,22.432776908448545,80.82611111111112
C2,1,22.47722135289299,80.50166666666667
C2,1,22.516110241781877,80.26277777777779
C2,1,22.56055468622632,79.93833333333333
C2,1,22.60243441842379,79.69944444444444
C2,1,22.649656640646015,79.33222222222223
C2,1,22.733586881704664,78.965
C2,1,22.782684112516232,78.5977777777778
C2,1,22.83926312913627,78.23055555555557
C2,1,22.930849938550292,77.99166666666667
C2,1,22.933627716328072,77.9488888888889
C2,1,22.950294382994738,78.79486187538215
C2,1,22.953072160772514,78.75208409760437
C2,1,22.969674436695872,79.59478871433235
C2,1,22.97245221447365,79.55201093655458
C2,1,22.989118881140314,80.26674330273767
C2,1,22.991896658918094,80.22396552495988
C2,1,23.00695274895929,80.86963001659649
C2,1,23.00973052673707,80.8268522388187
C2,1,23.00973052673707,80.8268522388187
C2,1,23.012508304514846,80.78407446104092
C2,1,23.012508304514846,80.78407446104092
C2,1,23.059730526737066,80.4168522388187
C2,1,23.1077914620957,80.2207411277076
C2,1,23.195709599407895,79.9818522388187
C2,1,23.234598488296786,79.74296334992982
C2,1,23.237376266074563,79.70018557215204
C2,1,23.247311284191984,80.23667655049285
C2,1,23.250089061969764,80.19389877271507
C2,1,23.25772672804576,80.48202485398429
C2,1,23.26050450582354,80.4392470762065
C2,1,23.275995866206568,81.02364876597369
C2,1,23.278773643984348,80.9808709881959
C2,1,23.295440310651014,81.695603354379
C2,1,23.29821808842879,81.65282557660122
C2,1,23.298691006048305,81.6731061483535
C2,1,23.30146878382608,81.63032837057573
C2,1,23.30635954004078,81.8944292061695
C2,1,23.30913731781856,81.85165142839172
C2,1,23.314916444532475,82.12852045603809
C2,1,23.317694222310255,82.0857426782603
C2,1,23.3227560225287,82.34267145313025
C2,1,23.32553380030648,82.29989367535246
C2,1,23.342200466973146,83.24989367535245
C2,1,23.344978244750923,83.20711589757468
C2,1,23.344978244750923,83.20711589757468
C2,1,23.347756022528703,83.1643381197969
C2,1,23.34913574625722,83.23043855089078
C2,1,23.351913524034998,83.18766077311301
C2,1,23.357454014545944,83.48684726070393
C2,1,23.36023179232372,83.44406948292614
C2,1,23.376898458990386,84.39406948292614
C2,1,23.379676236768166,84.35129170514836
C2,1,23.383909061832078,84.59256273379148
C2,1,23.386686839609858,84.5497849560137
C2,1,23.39452376112533,84.97297871784927
C2,1,23.397301538903108,84.93020094007149
C2,1,23.413968205569777,85.72867517719006
C2,1,23.416745983347553,85.68589739941227
C2,1,23.431728875047593,86.40370458061342
C2,1,23.43450665282537,86.36092680283565
C2,1,23.446250235432228,86.9950802636059
C2,1,23.449028013210004,86.95230248582811
C2,1,23.45264184157858,87.13573455648638
C2,1,23.45541961935636,87.09295677870861
C2,1,23.45541961935636,87.09295677870861
C2,1,23.458197397134136,87.05017900093083
C2,1,23.460519631233126,87.14976555327497
C2,1,23.50496407567757,86.82532110883052
C2,1,23.55266927902436,86.58643221994163
C2,1,23.638271409110782,86.26198777549719
C2,1,23.682715853555226,85.93754333105274
C2,1,23.72438252022189,85.65587666438607
C2,1,23.813676708009623,85.33143221994162
C2,1,23.85534337467629,85.04976555327495
C2,1,23.89423226356518,84.81087666438606
C2,1,23.938676708009623,84.4864322199416
C2,1,23.985898930231848,84.1192099977194
C4,1,0.0,52.13674812382657
C4,1,0.002777777777777778,52.09397034604879
C4,1,0.019444444444444445,52.99397034604879
C4,1,0.022222222222222223,52.95119256827101
C4,1,0.030624313039153427,53.4049054723853
C4,1,0.033402090816931206,53.36212769460752
C4,1,0.033402090816931206,53.36212769460752
C4,1,0.03617986859470899,53.31934991682974
C4,1,0.04924450335785143,54.06403409832886
C4,1,0.05202228113562921,54.02125632055108
C4,1,0.05484660063940175,54.18224253226611
C4,1,0.057624378417179524,54.13946475448833
C4,1,0.060605334999802106,54.2907732790568
C4,1,0.10504977944424654,53.966328834612355
C4,1,0.15449162797877827,53.6418843901679
C4,1,0.15726940575655607,53.59910661239012
C4,1,0.15726940575655607,53.59910661239012
C4,1,0.19338051686766716,53.402995501279015
C4,1,0.2017138502010005,53.360217723501236
C4,1,0.20524559351736474,53.561527092534
C4,1,0.21209673113413594,53.51874931475622
C4,1,0.2287633978008026,54.46874931475622
C4,1,0.2315411755785804,54.42597153697844
C4,1,0.2326321578625718,54.488157527165946
C4,1,0.2354099356403496,54.44537974938817
C4,1,0.23561861977056744,54.45432894751869
C4,1,0.23839639754834524,54.41155116974091
C4,1,0.2539882757982886,55.25351259523785
C4,1,0.2567660535760664,55.21073481746007
C4,1,0.25889641016823367,55.291101161117865
C4,1,0.26167418794601144,55.24832338334008
C4,1,0.26594271442706724,55.47882381331709
C4,1,0.31316493664928946,55.111601591094875
C4,1,0.33119914454533517,55.06882381331709
C4,1,0.3478658112120019,55.97985432857472
C4,1,0.35064358898977965,55.93707655079694
C4,1,0.3605169744269789,56.47677387612826
C4,1,0.36329475220475665,56.433996098350484
C4,1,0.3644706262100998,56.501020916655044
C4,1,0.36724840398787756,56.458243138877265
C4,1,0.3699826256824364,56.605891110383446
C4,1,0.3727604034602142,56.56311333260567
C4,1,0.3894270701268809,57.463113332605666
C4,1,0.39220484790465865,57.420335554827886
C4,1,0.4055150646075381,58.13908725678337
C4,1,0.4082928423853159,58.09630947900559
C4,1,0.4094402645485118,58.15827027581817
C4,1,0.41221804232628956,58.11549249804039
C4,1,0.423098138166866,58.667748528335494
C4,1,0.42587591594464375,58.624970750557715
C4,1,0.4349556643871393,59.11527716645247
C4,1,0.43773344216491705,59.07249938867469
C4,1,0.4417544919978137,59.28963607965111
C4,1,0.44453226977559146,59.24685830187333
C4,1,0.4470983775855341,59.3569031202862
C4,1,0.48598726647442303,59.11801423139731
C4,1,0.5276539331410897,58.83634756473064
C4,1,0.5748761553633119,58.46912534250842
C4,1,0.5861989364422582,58.42634756473064
C4,1,0.5919687206682148,58.74173453450856
C4,1,0.6514745756226401,58.54562342339745
C4,1,0.6718876882086805,58.50284564561967
C4,1,0.6815072193564113,59.051158921040326
C4,1,0.7574448524147567,58.68393669881811
C4,1,0.7991115190814234,58.402270032151435
C4,1,0.8064822517489747,58.359492254373656
C4,1,0.8231489184156414,59.20546524086691
C4,1,0.8259266961934192,59.16268746308913
C4,1,0.8310739584684043,59.42395415343111
C4,1,0.8367294138743155,59.38117637565333
C4,1,0.8415694030340453,59.62684638069642
C4,1,0.844347180811823,59.58406860291864
C4,1,0.844347180811823,59.58406860291864
C4,1,0.8471249585896008,59.541290825140855
C4,1,0.8558801503737965,60.01986563808097
C4,1,0.8975468170404632,59.738198971414306
C4,1,0.9019168047817486,59.69542119363652
C4,1,0.902100225540678,59.705447308147505
C4,1,0.9048780033184558,59.662669530369726
C4,1,0.9090488022292349,59.8743725230066
C4,1,0.9118265800070127,59.83159474522882
C4,1,0.9118265800070127,59.83159474522882
C4,1,0.9562710244514572,59.507150300784375
C4,1,1.006397113447027,59.2254836341177
C4,1,1.0126515895382646,59.18270585633992
C4,1,1.0293182562049314,60.02867884283317
C4,1,1.0320960339827092,59.985901065055394
C4,1,1.0330353685307059,60.033580164228496
C4,1,1.0385909240862614,59.99080238645072
C4,1,1.0410578279541343,60.13141590691947
C4,1,1.043835605731912,60.08863812914169
C4,1,1.0457544521361906,60.18603566253665
C4,1,1.0485322299139685,60.143257884758874
C4,1,1.0498266002856818,60.208958026898074
C4,1,1.0942710447301263,59.88451358245362
C4,1,1.1414932669523485,59.517291360231404
C4,1,1.1803821558412375,59.27840247134252
C4,1,1.2248266002856818,58.953958026898064
C4,1,1.2664932669523485,58.6722913602314
C4,1,1.2854394906029296,58.62951358245362
C4,1,1.2854394906029296,58.62951358245362
C4,1,1.2882172683807074,58.58673580467584
C4,1,1.2882172683807074,58.58673580467584
C4,1,1.2909950461584851,58.54395802689806
C4,1,1.2952471690753857,58.773572664410686
C4,1,1.3396916135198302,58.44912821996624
C4,1,1.3911541565699204,58.12468377552179
C4,1,1.3939319343476981,58.08190599774401
C4,1,1.4071178276326353,58.793944235130624
C4,1,1.409895605410413,58.751166457352845
C4,1,1.4224011856164864,59.42646778848081
C4,1,1.4251789633942642,59.38369001070303
C4,1,1.4301773954564514,59.65360534206114
C4,1,1.4329551732342294,59.61082756428336
C4,1,1.439605506450266,59.94838769940011
C4,1,1.4423832842280437,59.90560992162233
C4,1,1.4423832842280437,59.90560992162233
C4,1,1.486827728672488,59.581165477177876
C4,1,1.4922229421564936,59.5383876994001
C4,1,1.4946929814724972,59.671769822464285
C4,1,1.497470759250275,59.6289920446865
C4,1,1.5040535299962081,59.988818346155924
C4,1,1.5068313077739859,59.946040568378145
C4,1,1.5234979744406527,60.792013554871396
C4,1,1.5262757522184305,60.74923577709362
C4,1,1.539730673744495,61.43218578587983
C4,1,1.5425084515222727,61.38940800810205
C4,1,1.5472162492567108,61.64362908576171
C4,1,1.5499940270344885,61.60085130798393
C4,1,1.5510170954099112,61.65609700025676
C4,1,1.553794873187689,61.61331922247898
C4,1,1.553794873187689,61.61331922247898
C4,1,1.5565726509654667,61.5705414447012
C4,1,1.5629109447789304,61.912809310628234
C4,1,1.6073553892233747,61.58836486618379
C4,1,1.643466500334486,61.39225375507268
C4,1,1.6795776114455971,61.19614264396157
C4,1,1.682355389223375,61.15336486618379
C4,1,1.682355389223375,61.15336486618379
C4,1,1.729577611445597,60.78614264396157
C4,1,1.7740220558900415,60.46169819951712
C4,1,1.7817774859556486,60.418920421739344
C4,1,1.7984441526223152,61.26489340823259
C4,1,1.801221930400093,61.22211563045481
C4,1,1.801221930400093,61.22211563045481
C4,1,1.8515500686893855,60.98322674156592
C4,1,1.8977028951284065,60.701560074899255
C4,1,1.9531755551886323,60.46267118601036
C4,1,1.9704590966936366,60.41989340823258
C4,1,1.9729800228253287,60.547851532733965
C4,1,1.9757578006031065,60.505073754956186
C4,1,1.9757578006031065,60.505073754956186
C4,1,2.020202245047551,60.18062931051173
C4,1,2.0229800228253287,60.137851532733954
C4,1,2.0229800228253287,60.137851532733954
C4,1,2.0618689117142175,59.89896264384507
C4,1,2.1090911339364395,59.53174042162285
C4,1,2.1507578006031065,59.250073754956176
C4,1,2.1535355783808843,59.2072959771784
C4,1,2.170202245047551,60.05326896367165
C4,1,2.1729800228253286,60.01049118589387
C4,1,2.1896466894919953,60.85646417238711
C4,1,2.192424467269773,60.813686394609334
C4,1,2.1960386291535183,60.99713539395706
C4,1,2.198816406931296,60.95435761617928
C4,1,2.19883815032247,60.955399308440064
C4,1,2.2016159281002476,60.91262153066228
C4,1,2.204704069141146,61.0793811468708
C4,1,2.207481846918924,61.03660336909302
C4,1,2.207481846918924,61.03660336909302
C4,1,2.251926291363368,60.71215892464858
C4,1,2.3101202427895355,60.387714480204124
C4,1,2.3128980205673133,60.344936702426345
C4,1,2.3128980205673133,60.344936702426345
C4,1,2.3490091316784243,60.14882559131524
C4,1,2.396231353900647,59.78160336909302
C4,1,2.4177571557145066,59.73882559131523
C4,1,2.4339553448532945,60.66212237222614
C4,1,2.477032249027499,60.466011261115035
C4,1,2.5159211379163877,60.22712237222615
C4,1,2.554810026805277,59.98823348333726
C4,1,2.602032249027499,59.621011261115044
C4,1,2.6492544712497215,59.253789038892826
C4,1,2.6964766934719435,58.8865668166706
C4,1,2.7436989156941656,58.519344594448384
C4,1,2.752226751928693,58.476566816670605
C4,1,2.7601458494896147,58.90943918854873
C4,1,2.7851458494896146,58.866661410770945
C4,1,2.8018125161562817,59.81666141077094
C4,1,2.8045902939340595,59.77388363299316
C4,1,2.806228702469506,59.867272919513624
C4,1,2.809006480247284,59.824495141735845
C4,1,2.8256731469139504,60.724495141735844
C4,1,2.828450924691728,60.681717363958064
C4,1,2.845117591358395,61.58171736395806
C4,1,2.8574372379904887,61.538939586180284
C4,1,2.869679898976982,62.23677126241039
C4,1,2.895701968223531,62.193993484632614
C4,1,2.9002179458691395,62.45140421043228
C4,1,2.9502306950345045,62.08418198821006
C4,1,2.9891195839233933,61.845293099321175
C4,1,3.0252306950345043,61.64918198821007
C4,1,3.0673603291700737,61.45307087709896
C4,1,3.1034714402811847,61.25695976598785
C4,1,3.139582551392296,61.06084865487674
C4,1,3.1481016211143973,61.018070877098964
C4,1,3.1561456183541456,61.45244672804536
C4,1,3.2324920815446614,61.25633561693425
C4,1,3.3018546734964462,60.889113394712034
C4,1,3.373732830854079,60.521891172489816
C4,1,3.4126217197429676,60.28300228360093
C4,1,3.4487328308540786,60.08689117248982
C4,1,3.4924716810644845,59.89078006137871
C4,1,3.5396939032867065,59.523557839156496
C4,1,3.5946579590111574,59.32744672804539
C4,1,3.597435736788935,59.2846689502676
C4,1,3.597435736788935,59.2846689502676
C4,1,3.6446579590111576,58.917446728045384
C4,1,3.6807690701222686,58.721335616934276
C4,1,3.7279912923444907,58.35411339471206
C4,1,3.76688018123338,58.11522450582317
C4,1,3.8085468479000464,57.833557839156505
C4,1,3.850213514566713,57.55189117248983
C4,1,3.857841315213784,57.50911339471205
C4,1,3.8745079818804506,58.40911339471205
C4,1,3.943686247698257,58.041891172489834
C4,1,3.990908469920479,57.674668950267616
C4,1,4.038130692142701,57.3074467280454
C4,1,4.074241803253813,57.11133561693429
C4,1,4.1159084699204795,56.82966895026762
C4,1,4.126255775895468,56.78689117248984
C4,1,4.126255775895468,56.78689117248984
C4,1,4.1290335536732465,56.74411339471206
C4,1,4.138646059383099,57.2320286044949
C4,1,4.141423837160876,57.18925082671712
C4,1,4.14443521373475,57.351865161706314
C4,1,4.147212991512529,57.309087383928535
C4,1,4.147212991512529,57.309087383928535
C4,1,4.183324102623639,57.11297627281743
C4,1,4.191840541300922,57.07019849503965
C4,1,4.201876172309014,57.642229462500836
C4,1,4.2108824941901615,57.59945168472306
C4,1,4.215085089419758,57.82917323456934
C4,1,4.217862867197535,57.78639545679156
C4,1,4.234529533864202,58.50112782297465
C4,1,4.23730731164198,58.45835004519687
C4,1,4.23730731164198,58.45835004519687
C4,1,4.2400850894197575,58.415572267419094
C4,1,4.2400850894197575,58.415572267419094
C4,1,4.276196200530869,58.219461156307986
C4,1,4.323418422753091,57.85223893408576
C4,1,4.326775296587239,57.80946115630798
C4,1,4.32810724898181,57.885382442798594
C4,1,4.36422708589949,57.689271331687486
C4,1,4.405893752566157,57.40760466502082
C4,1,4.447560419232824,57.125937998354146
C4,1,4.4864493081217125,56.88704910946526
C4,1,4.530893752566157,56.562604665020814
C4,1,4.567004863677268,56.366493553909706
C4,1,4.605893752566157,56.12760466502081
C4,1,4.6531159747883795,55.760382442798594
C4,1,4.694782641455046,55.47871577613193
C4,1,4.739227085899491,55.154271331687475
C4,1,4.7781159747883795,54.91538244279859
C4,1,4.819782641455046,54.63371577613192
C4,1,4.858671530343935,54.39482688724303
C4,1,4.9031159747883795,54.07038244279858
C4,1,4.944782641455046,53.78871577613191
C4,1,4.980893752566157,53.5926046650208
C4,1,5.017004863677268,53.39649355390969
C4,1,5.0857906802773005,53.157604665020806
C4,1,5.134962026713479,52.83316022057636
C4,1,5.177602462739512,52.59427133168747
C4,1,5.216491351628401,52.35538244279858
C4,1,5.258158018295067,52.07371577613191
C4,1,5.297480550812887,51.834826887243025
C4,1,5.3447027730351095,51.46760466502081
C4,1,5.391924995257332,51.10038244279858
C4,1,5.433591661923998,50.81871577613192
C4,1,5.472480550812888,50.57982688724303
C4,1,5.516924995257332,50.25538244279858
C4,1,5.553036106368443,50.05927133168747
C4,1,5.555813884146221,50.01649355390969
C4,1,5.555813884146221,50.01649355390969
C4,1,5.597480550812888,49.734826887243024
C4,1,5.641924995257332,49.41038244279858
C4,1,5.683591661923998,49.12871577613191
C4,1,5.722480550812888,48.88982688724302
C4,1,5.7613694397017765,48.65093799835413
C4,1,5.797480550812887,48.454826887243016
C4,1,5.816038754423819,48.41204910946524
C4,1,5.816038754423819,48.41204910946524
C4,1,5.8188165322015974,48.36927133168746
C4,1,5.821204771343241,48.50540096276113
C4,1,5.823982549121019,48.46262318498335
C4,1,5.826039471165159,48.57986774149935
C4,1,5.867706137831825,48.29820107483268
C4,1,5.91215058227627,47.97375663038824
C4,1,5.951039471165159,47.73486774149935
C4,1,5.989928360054048,47.49597885261046
C4,1,5.992706137831825,47.45320107483268
C4,1,5.999433449177807,47.794668495058446
C4,1,6.002211226955584,47.751890717280666
C4,1,6.018877893622251,48.651890717280665
C4,1,6.021655671400029,48.609112939502886
C4,1,6.029622136151321,49.03930203607266
C4,1,6.038250514122052,48.99652425829488
C4,1,6.0444919265849535,49.33356053129153
C4,1,6.047269704362731,49.29078275351375
C4,1,6.063936371029397,50.089256990632315
C4,1,6.066714148807176,50.046479212854535
C4,1,6.070876327314706,50.245882751367624
C4,1,6.0736541050924835,50.20310497358984
C4,1,6.0736541050924835,50.20310497358984
C4,1,6.1153207717591505,49.92143830692317
C4,1,6.162542993981372,49.55421608470095
C4,1,6.1986541050924835,49.35810497358983
C4,1,6.2403207717591505,49.076438306923166
C4,1,6.287046119262443,48.7947716402565
C4,1,6.32871278592911,48.513104973589826
C4,1,6.388145087157054,48.27421608470094
C4,1,6.424256198268165,48.078104973589824
C4,1,6.466732910561769,47.79643830692316
C4,1,6.51395513278399,47.42921608470093
C4,1,6.561177355006213,47.06199386247871
C4,1,6.610751338255822,46.780327195812035
C4,1,6.617554304457802,46.737549418034256
C4,1,6.619691782187953,46.83995267203067
C4,1,6.62246955996573,46.79717489425289
C4,1,6.639136226632398,47.69717489425289
C4,1,6.650141057325573,47.65439711647511
C4,1,6.650417360943654,47.66931751185143
C4,1,6.653195138721431,47.62653973407365
C4,1,6.654005429254832,47.66766876822175
C4,1,6.695672095921499,47.386002101555086
C4,1,6.754612563783671,47.1471132126662
C4,1,6.814898981841502,46.82266876822175
C4,1,6.855899174789547,46.62655765711064
C4,1,6.894788063678436,46.38766876822175
C4,1,6.9627522222409395,46.020446545999526
C4,1,7.008105065259719,45.69600210155508
C4,1,7.04421617637083,45.49989099044397
C4,1,7.091438398593052,45.13266876822175
C4,1,7.133105065259719,44.851002101555075
C4,1,7.145855114047362,44.808224323777296
C4,1,7.150458077333056,45.05983072460997
C4,1,7.153235855110833,45.01705294683219
C4,1,7.153235855110833,45.01705294683219
C4,1,7.1560136328886115,44.97427516905441
C4,1,7.163277711059427,45.36653539027845
C4,1,7.166055488837205,45.32375761250067
C4,1,7.166055488837205,45.32375761250067
C4,1,7.168833266614983,45.28097983472289
C4,1,7.1743042822520104,45.57641467912241
C4,1,7.215970948918677,45.294748012455734
C4,1,7.257637615585344,45.01308134578907
C4,1,7.296526504474233,44.77419245690018
C4,1,7.332637615585344,44.578081345789066
C4,1,7.377082060029789,44.25363690134462
C4,1,7.418748726696455,43.971970234677954
C4,1,7.454859837807566,43.77585912356684
C4,1,7.493748726696455,43.53697023467795
C4,1,7.505427364954452,43.49419245690017
C4,1,7.522094031621118,44.444192456900176
C4,1,7.5248718093988956,44.40141467912239
C4,1,7.5248718093988956,44.40141467912239
C4,1,7.573947338028558,44.20530356801128
C4,1,7.585931288496341,44.162525790233495
C4,1,7.595442126752822,44.6181753495056
C4,1,7.5982199045306,44.57539757172782
C4,1,7.612242790151014,45.341914174457685
C4,1,7.6150205679287915,45.2991363966799
C4,1,7.6150205679287915,45.2991363966799
C4,1,7.61779834570657,45.25635861890212
C4,1,7.625356706261459,45.68718517053082
C4,1,7.667023372928125,45.40551850386415
C4,1,7.723860323008333,45.166629614975264
C4,1,7.771378613677281,44.79940739275304
C4,1,7.784934731641385,44.75662961497526
C4,1,7.801601398308051,45.66766013023288
C4,1,7.804379176085829,45.6248823524551
C4,1,7.808546964292121,45.852701286678865
C4,1,7.811324742069899,45.809923508901086
C4,1,7.811774471609552,45.83420890404237
C4,1,7.817330027165108,45.79143112626459
C4,1,7.821268538631923,46.0041107454726
C4,1,7.8240463164097,45.96133296769482
C4,1,7.8240463164097,45.96133296769482
C4,1,7.8684907608541454,45.63688852325038
C4,1,7.872776590150982,45.5941107454726
C4,1,7.875389839262445,45.73522619749155
C4,1,7.878167617040222,45.69244841971376
C4,1,7.8846688074175795,45.85792631775554
C4,1,7.923557696306468,45.619037428866655
C4,1,7.965224362973135,45.33737076219999
C4,1,8.001335474084247,45.14125965108887
C4,1,8.064209491566887,44.81681520664443
C4,1,8.068934648147746,44.77403742886665
C4,1,8.068934648147746,44.77403742886665
C4,1,8.071712425925524,44.73125965108887
C4,1,8.077770802974891,45.03877305063421
C4,1,8.08054858075267,44.99599527285643
C4,1,8.097215247419335,45.710727639039526
C4,1,8.149767569243775,45.42906097237285
C4,1,8.152545347021551,45.38628319459507
C4,1,8.164335400007298,46.02294605582532
C4,1,8.167113177785074,45.98016827804754
C4,1,8.179633841228029,46.656284103967
C4,1,8.182411619005805,46.613506326189224
C4,1,8.18389588124939,46.693656487342786
C4,1,8.186673659027168,46.650878709565
C4,1,8.186673659027168,46.650878709565
C4,1,8.225562547916057,46.41198982067611
C4,1,8.246300507894695,46.36921204289833
C4,1,8.246300507894695,46.36921204289833
C4,1,8.249078285672473,46.326434265120554
C4,1,8.25138453930429,46.4434959614717
C4,1,8.254162317082066,46.40071818369392
C4,1,8.254162317082066,46.40071818369392
C4,1,8.301384539304289,46.033495961471694
C4,1,8.348606761526511,45.66627373924947
C4,1,8.402978737691997,45.299051517027245
C4,1,8.423748337607947,45.256273739249465
C4,1,8.423748337607947,45.256273739249465
C4,1,8.426526115385725,45.213495961471686
C4,1,8.426526115385725,45.213495961471686
C4,1,8.429303893163503,45.1707181836939
C4,1,8.43196998521624,45.31468715454171
C4,1,8.470858874105128,45.075798265652814
C4,1,8.506969985216239,44.879687154541706
C4,1,8.554192207438462,44.51246493231948
C4,1,8.593081096327351,44.27357604343059
C4,1,8.629192207438463,44.07746493231948
C4,1,8.676414429660683,43.710242710097255
C4,1,8.723636651882906,43.34302048787503
C4,1,8.762525540771795,43.10413159898614
C4,1,8.765303318549574,43.06135382120836
C4,1,8.765303318549574,43.06135382120836
C4,1,8.76808109632735,43.01857604343058
C4,1,8.76808109632735,43.01857604343058
C4,1,8.812525540771794,42.69413159898613
C4,1,8.854708857182374,42.412464932319466
C4,1,8.931028629742167,42.08802048787502
C4,1,8.972038187019718,41.84913159898613
C4,1,9.027425778011937,41.56746493231947
C4,1,9.066856907956055,41.52468715454168
C4,1,9.066856907956055,41.52468715454168
C4,1,9.069634685733833,41.4819093767639
C4,1,9.086301352400499,42.39293989202153
C4,1,9.089079130178277,42.35016211424375
C4,1,9.089079130178277,42.35016211424375
C4,1,9.091856907956055,42.30738433646597
C4,1,9.091856907956055,42.30738433646597
C4,1,9.136301352400498,41.98293989202153
C4,1,9.139079130178276,41.94016211424375
C4,1,9.15505555550189,42.80288908171892
C4,1,9.157833333279669,42.76011130394114
C4,1,9.166588348759054,43.238676479737585
C4,1,9.169366126536833,43.195898701959806
C4,1,9.169366126536833,43.195898701959806
C4,1,9.213810570981277,42.87145425751536
C4,1,9.218219997584645,42.82867647973758
C4,1,9.222127571525272,43.02701859952728
C4,1,9.276482923189702,42.788129710638394
C4,1,9.279260700967479,42.745351932860615
C4,1,9.295927367634146,43.69535193286062
C4,1,9.298705145411924,43.65257415508283
C4,1,9.310031712156967,44.298188459550275
C4,1,9.312809489934745,44.255410681772496
C4,1,9.319401060757828,44.63113021868823
C4,1,9.322178838535605,44.58835244091045
C4,1,9.325587306266712,44.77240969839021
C4,1,9.37616945039908,44.44796525394577
C4,1,9.422966141173141,44.1662985872791
C4,1,9.485914094651582,43.841854142834656
C4,1,9.48869187242936,43.79907636505688
C4,1,9.491312784574289,43.948468357317836
C4,1,9.494090562352067,43.90569057954006
C4,1,9.498724211277784,44.16980856830593
C4,1,9.565681089596914,43.888141901639266
C4,1,9.6400895862313,43.52091967941704
C4,1,9.684534030675744,43.196475234972596
C4,1,9.748841302022546,42.91480856830593
C4,1,9.789171417463624,42.87203079052815
C4,1,9.80314677760156,43.62670023797669
C4,1,9.814360102147955,43.583922460198906
C4,1,9.816069861509513,43.670707074195896
C4,1,9.818847639287291,43.62792929641812
C4,1,9.818847639287291,43.62792929641812
C4,1,9.863292083731736,43.30348485197367
C4,1,9.910514305953958,42.93626262975145
C4,1,9.94662541706507,42.74015151864033
C4,1,9.991069861509514,42.41570707419589
C4,1,10.035514305953958,42.09126262975145
C4,1,10.038292083731736,42.04848485197367
C4,1,10.044869440145025,42.363595830635106
C4,1,10.092091662367247,41.99637360841288
C4,1,10.133758329033913,41.714706941746215
C4,1,10.180980551256136,41.34748471952399
C4,1,10.22542499570058,41.023040275079545
C4,1,10.234613150299525,40.980262497301766
C4,1,10.249622486015445,41.699336570427256
C4,1,10.252400263793222,41.65655879264948
C4,1,10.252400263793222,41.65655879264948
C4,1,10.255178041571,41.6137810148717
C4,1,10.255188982678323,41.61433636774595
C4,1,10.257966760456101,41.57155858996816
C4,1,10.257966760456101,41.57155858996816
C4,1,10.260744538233878,41.528780812190384
C4,1,10.275469645261724,42.32393659169404
C4,1,10.314358534150614,42.085047702805156
C4,1,10.343125355309398,42.04226992502738
C4,1,10.346518543657623,42.21450266586826
C4,1,10.392755974795886,41.97561377697937
C4,1,10.395533752573662,41.932835999201586
C4,1,10.400198636911112,42.187827118095406
C4,1,10.40297641468889,42.14504934031763
C4,1,10.415305981892292,42.77087818767152
C4,1,10.41808375967007,42.72810040989374
C4,1,10.42015715998209,42.846284227678865
C4,1,10.456268271093201,42.65017311656775
C4,1,10.500712715537645,42.32572867212331
C4,1,10.54515715998209,42.001284227678866
C4,1,10.586823826648757,41.71961756101219
C4,1,10.628490493315423,41.437950894345526
C4,1,10.667379382204311,41.19906200545664
C4,1,10.706268271093201,40.96017311656775
C4,1,10.750712715537645,40.63572867212331
C4,1,10.753490493315423,40.59295089434553
C4,1,10.766204191516259,41.317631691793146
C4,1,10.805531053214953,41.07874280290426
C4,1,10.80830883099273,41.03596502512647
C4,1,10.811629154026665,41.215262468958876
C4,1,10.814406931804442,41.1724846911811
C4,1,10.820703717378542,41.53140146890482
C4,1,10.862370384045208,41.249734802238144
C4,1,10.913616179828784,40.96806813557148
C4,1,10.916393957606562,40.9252903577937
C4,1,10.91730678159437,40.974582853135274
C4,1,10.958973448261036,40.69291618646861
C4,1,11.00341789270548,40.36847174202416
C4,1,11.04230678159437,40.129582853135275
C4,1,11.086751226038814,39.80513840869083
C4,1,11.089529003816592,39.76236063091305
C4,1,11.090872846879293,39.82674207477092
C4,1,11.138095069101515,39.459519852548695
C4,1,11.174206180212627,39.26340874143758
C4,1,11.213095069101515,39.02451985254869
C4,1,11.260317291323737,38.65729763032647
C4,1,11.296428402434849,38.46118651921536
C4,1,11.335317291323738,38.222297630326466
C4,1,11.387477459732159,37.89785318588203
C4,1,11.431921904176603,37.57340874143758
C4,1,11.479144126398825,37.20618651921536
C4,1,11.496859642113078,37.16340874143758
C4,1,11.500289082115527,37.35086821098618
C4,1,11.5756645219978,36.98364598876395
C4,1,11.578442299775578,36.940868210986174
C4,1,11.595108966442243,37.851898726243796
C4,1,11.597886744220022,37.80912094846602
C4,1,11.614553410886689,38.720151463723646
C4,1,11.620108966442244,38.67737368594587
C4,1,11.636775633108911,39.577373685945865
C4,1,11.639553410886688,39.534595908168086
C4,1,11.656220077553355,40.434595908168085
C4,1,11.68165292233628,40.391818130390305
C4,1,11.68165292233628,40.391818130390305
C4,1,11.724997681089077,40.11015146372364
C4,1,11.761108792200188,39.914040352612524
C4,1,11.799997681089076,39.67515146372364
C4,1,11.852342334659708,39.47904035261252
C4,1,11.912012447527792,39.154595908168076
C4,1,11.974339229549118,38.91570701927919
C4,1,11.977117007326896,38.87292924150141
C4,1,11.978029186561916,38.92218692019247
C4,1,12.014140297673027,38.726075809081365
C4,1,12.067885919521963,38.48718692019247
C4,1,12.135993606839444,38.248298031303584
C4,1,12.138771384617222,38.205520253525805
C4,1,12.150692267900986,38.81060496751804
C4,1,12.198402984194363,38.4861605230736
C4,1,12.234514095305475,38.290049411962485
C4,1,12.291717832980341,37.96560496751804
C4,1,12.29449561075812,37.92282718974026
C4,1,12.311162277424785,38.82282718974026
C4,1,12.313940055202563,38.78004941196248
C4,1,12.315395449516679,38.85864070492471
C4,1,12.318173227294457,38.815862927146924
C4,1,12.32065208619898,38.94972130799121
C4,1,12.359540975087869,38.710832419102324
C4,1,12.404645273438819,38.38638797465788
C4,1,12.440795663848435,38.19027686354677
C4,1,12.505870321033402,37.994165752435656
C4,1,12.50864809881118,37.95138797465788
C4,1,12.521444774215778,38.60092647721064
C4,1,12.524222551993557,38.55814869943286
C4,1,12.528170692730113,38.771348299206906
C4,1,12.572997712896381,38.48968163254024
C4,1,12.575775490674157,38.44690385476246
C4,1,12.586870217916163,38.72930323653536
C4,1,12.58964799569394,38.68652545875758
C4,1,12.599948169441841,39.24273484114428
C4,1,12.60272594721962,39.1999570633665
C4,1,12.6103977223792,39.528953024124405
C4,1,12.613175500156979,39.486175246346626
C4,1,12.613175500156979,39.486175246346626
C4,1,12.615953277934755,39.44339746856885
C4,1,12.623345428473096,39.797543974274845
C4,1,12.66778987291754,39.4730995298304
C4,1,12.670567650695318,39.43032175205262
C4,1,12.670567650695318,39.43032175205262
C4,1,12.673345428473096,39.38754397427484
C4,1,12.689767884888521,40.2743566207078
C4,1,12.734212329332966,39.949912176263354
C4,1,12.775878995999632,39.66824550959668
C4,1,12.77865677377741,39.6254677318189
C4,1,12.795323440444077,40.42394196893746
C4,1,12.805703313119434,40.38116419115968
C4,1,12.820604064013448,41.137502155247745
C4,1,12.845604064013447,41.094724377469966
C4,1,12.850911518489678,41.36412216430596
C4,1,12.853689296267456,41.32134438652818
C4,1,12.870355962934122,42.23237490178581
C4,1,12.8731337407119,42.189597124008024
C4,1,12.889800407378566,43.10062763926565
C4,1,12.909176921549784,43.057849861487874
C4,1,12.910408942108484,43.124378971657634
C4,1,12.917888044011933,43.081601193879855
C4,1,12.934554710678599,43.992631709137484
C4,1,12.937332488456377,43.9498539313597
C4,1,12.937332488456377,43.9498539313597
C4,1,12.940110266234155,43.90707615358192
C4,1,12.941496256873537,43.98607762002668
C4,1,12.98594070131798,43.66163317558223
C4,1,13.030385145762425,43.337188731137786
C4,1,13.066496256873537,43.14107762002667
C4,1,13.106745110239375,42.902188731137784
C4,1,13.16235647023717,42.62052206447112
C4,1,13.165134248014947,42.57774428669334
C4,1,13.181800914681613,43.48877480195096
C4,1,13.238531732376881,43.12155257972874
C4,1,13.277420621265769,42.88266369083985
C4,1,13.324642843487991,42.515441468617624
C4,1,13.39914053575618,42.319330357506516
C4,1,13.401918313533958,42.27655257972873
C4,1,13.401918313533958,42.27655257972873
C4,1,13.43802942464507,42.08044146861762
C4,1,13.479696091311736,41.79877480195095
C4,1,13.52414053575618,41.4743303575065
C4,1,13.568584980200624,41.149885913062064
C4,1,13.613029424645068,40.82544146861762
C4,1,13.660251646867291,40.458219246395394
C4,1,13.724908396140878,40.26210813528428
C4,1,13.78622133588469,39.937663690839834
C4,1,13.836722075311087,39.57044146861761
C4,1,13.878037731240704,39.33155257972872
C4,1,13.914148842351816,39.13544146861761
C4,1,13.916926620129594,39.09266369083983
C4,1,13.918714496980195,39.183413421967
C4,1,13.960381163646863,38.90174675530034
C4,1,13.99909061622017,38.70563564418922
C4,1,14.04186195335046,38.466746755300335
C4,1,14.08075084223935,38.22785786641145
C4,1,14.14306565125114,37.903413421967
C4,1,14.145843429028918,37.86063564418922
C4,1,14.149818493290079,38.07528911429186
C4,1,14.152596271067857,38.03251133651408
C4,1,14.169262937734523,38.93251133651408
C4,1,14.236642011600193,38.693622447625195
C4,1,14.279178834955788,38.41195578095852
C4,1,14.3152899460669,38.21584466984741
C4,1,14.356956612733567,37.93417800318074
C4,1,14.395845501622455,37.69528911429185
C4,1,14.4402899460669,37.37084466984741
C4,1,14.479178834955789,37.13195578095852
C4,1,14.531778509248007,36.89306689206963
C4,1,14.534556287025785,36.850289114291854
C4,1,14.543814169230089,37.37798839993721
C4,1,14.582703058118978,37.139099511048315
C4,1,14.594891410396457,37.096321733270536
C4,1,14.611558077063124,37.94229471976379
C4,1,14.6143358548409,37.89951694198601
C4,1,14.6143358548409,37.89951694198601
C4,1,14.617113632618679,37.85673916420823
C4,1,14.621260394640334,38.093104599442526
C4,1,14.626815950195889,38.05032682166474
C4,1,14.643482616862556,39.00032682166474
C4,1,14.646260394640334,38.957549043886964
C4,1,14.649566433415417,39.1459932540667
C4,1,14.652344211193194,39.10321547628892
C4,1,14.652344211193194,39.10321547628892
C4,1,14.699566433415416,38.7359932540667
C4,1,14.730609669140504,38.69321547628892
C4,1,14.74002568754935,39.22992852559319
C4,1,14.80865894243535,38.9910396367043
C4,1,14.811436720213129,38.94826185892652
C4,1,14.81550589767652,39.16799744194962
C4,1,14.857172564343186,38.88633077528295
C4,1,14.895197095068122,38.690219664171835
C4,1,14.931308206179233,38.49410855306073
C4,1,14.9729748728459,38.21244188639405
C4,1,15.017419317290345,37.88799744194961
C4,1,15.06186376173479,37.56355299750517
C4,1,15.106308206179234,37.239108553060724
C4,1,15.142419317290345,37.04299744194961
C4,1,15.189641539512566,36.675775219727385
C4,1,15.23408598395701,36.35133077528294
C4,1,15.278530428401456,36.0268863308385
C4,1,15.325752650623677,35.659664108616276
C4,1,15.361863761734789,35.46355299750516
C4,1,15.403530428401456,35.18188633083849
C4,1,15.439641539512566,34.98577521972738
C4,1,15.475752650623678,34.789664108616265
C4,1,15.514641539512567,34.55077521972738
C4,1,15.5965997436931,34.22633077528293
C4,1,15.678575764154944,34.03021966417182
C4,1,15.765108170349356,33.70577521972737
C4,1,15.824991604656601,33.466886330838484
C4,1,15.874007831894952,33.14244188639404
C4,1,15.880886624617508,33.09966410861626
C4,1,15.897553291284174,33.94563709510951
C4,1,15.900331069061952,33.90285931733173
C4,1,15.900331069061952,33.90285931733173
C4,1,15.90310884683973,33.860081539553946
C4,1,15.911339129084368,34.27783732656467
C4,1,15.914116906862146,34.235059548786886
C4,1,15.914116906862146,34.235059548786886
C4,1,15.950228017973258,34.03894843767578
C4,1,15.953005795751034,33.996170659898
C4,1,15.962966048748997,34.534024321787996
C4,1,15.965743826526776,34.49124654401022
C4,1,15.974864108313431,34.835303357323646
C4,1,15.97764188609121,34.79252557954587
C4,1,15.994308552757875,35.50725794572895
C4,1,16.019308552757877,35.46448016795117
C4,1,16.023045341639175,35.64350394702732
C4,1,16.069476524475743,35.361837280360646
C4,1,16.109275644768516,35.12294839147176
C4,1,16.167077409779754,34.798503947027314
C4,1,16.205966298668642,34.55961505813843
C4,1,16.247498518709357,34.36350394702731
C4,1,16.283609629820468,34.167392835916196
C4,1,16.286387407598244,34.12461505813842
C4,1,16.286387407598244,34.12461505813842
C4,1,16.33360962982047,33.75739283591619
C4,1,16.372498518709357,33.518503947027305
C4,1,16.411387407598244,33.27961505813842
C4,1,16.45822230339566,32.95517061369397
C4,1,16.50490955638332,32.67350394702731
C4,1,16.541020667494433,32.47739283591619
C4,1,16.543798445272213,32.43461505813841
C4,1,16.543798445272213,32.43461505813841
C4,1,16.585465111938877,32.15294839147174
C4,1,16.588242889716657,32.11017061369396
C4,1,16.599080619653897,32.69540803030501
C4,1,16.640747286320565,32.413741363638344
C4,1,16.70199543768859,32.17485247474946
C4,1,16.749217659910812,31.80763025252723
C4,1,16.785328771021923,31.611519141416117
C4,1,16.788106548799703,31.568741363638335
C4,1,16.80477321546637,32.36721560075689
C4,1,16.807550993244146,32.324437822979114
C4,1,16.824217659910815,33.12291206009767
C4,1,16.93376128158616,32.92680094898655
C4,1,16.975427948252825,32.64513428231989
C4,1,17.017094614919493,32.36346761565322
C4,1,17.064316837141714,31.996245393430993
C4,1,17.076790237525973,31.953467615653214
C4,1,17.084616854620894,32.32842874249826
C4,1,17.095587976989755,32.28565096472048
C4,1,17.111087877933635,33.02822725961519
C4,1,17.113865655711415,32.98544948183741
C4,1,17.120518753963903,33.30418913493532
C4,1,17.12329653174168,33.26141135715754
C4,1,17.13996319840835,34.21141135715754
C4,1,17.142740976186126,34.16863357937976
C4,1,17.142740976186126,34.16863357937976
C4,1,17.19848314251814,33.801411357157534
C4,1,17.215149809184805,33.758633579379755
C4,1,17.220649645204613,34.03779634155376
C4,1,17.279424297509184,33.71335189710931
C4,1,17.315535408620292,33.5172407859982
C4,1,17.318313186398072,33.47446300822042
C4,1,17.318313186398072,33.47446300822042
C4,1,17.35997985306474,33.19279634155375
C4,1,17.40720207528696,32.82557411933153
C4,1,17.44886874195363,32.543907452664854
C4,1,17.451646519731405,32.501129674887075
C4,1,17.458071735643504,32.852343740669546
C4,1,17.46084951342128,32.80956596289177
C4,1,17.46667235968893,33.029229124417334
C4,1,17.46945013746671,32.986451346639555
C4,1,17.470994873781166,33.06986710762034
C4,1,17.512661540447834,32.78820044095367
C4,1,17.5543282071145,32.50653377428701
C4,1,17.557105984892278,32.46375599650923
C4,1,17.573772651558944,33.30972898300247
C4,1,17.576550429336724,33.26695120522469
C4,1,17.58160506748337,33.52351644493836
C4,1,17.642404077743446,33.284627556049465
C4,1,17.765111130262905,33.04573866716058
C4,1,17.83055910511617,32.76407200049391
C4,1,17.8893085331925,32.525183111605024
C4,1,17.948247277714945,32.24351644493835
C4,1,18.00888794619718,32.04740533382724
C4,1,18.011665723974957,32.004627556049456
C4,1,18.021796674434132,32.55169888084485
C4,1,18.02457445221191,32.508921103067074
C4,1,18.033113462946723,32.97002768274709
C4,1,18.035891240724503,32.92724990496931
C4,1,18.04447412497395,33.33844262217055
C4,1,18.047251902751725,33.29566484439276
C4,1,18.061054715579726,34.04101673710468
C4,1,18.063832493357502,33.9982389593269
C4,1,18.06834229371517,34.24176817864087
C4,1,18.071120071492945,34.19899040086309
C4,1,18.074368492805384,34.37440515173469
C4,1,18.07714627058316,34.33162737395691
C4,1,18.07714627058316,34.33162737395691
C4,1,18.121590715027605,34.00718292951247
C4,1,18.157701826138716,33.81107181840136
C4,1,18.160479603916496,33.76829404062357
C4,1,18.160479603916496,33.76829404062357
C4,1,18.20214627058316,33.48662737395691
C4,1,18.249368492805385,33.11940515173468
C4,1,18.252146270583165,33.0766273739569
C4,1,18.255952972120898,33.28470864975823
C4,1,18.258730749898678,33.24193087198045
C4,1,18.25922785844113,33.268774733272885
C4,1,18.300894525107797,32.98710806660622
C4,1,18.348116747330018,32.619885844383994
C4,1,18.350894525107798,32.577108066606215
C4,1,18.350894525107798,32.577108066606215
C4,1,18.38700563621891,32.3809969554951
C4,1,18.456054818345923,32.184885844383984
C4,1,18.50891249113174,31.903219177717318
C4,1,18.511690268909515,31.86044139993954
C4,1,18.511690268909515,31.86044139993954
C4,1,18.547801380020626,31.664330288828424
C4,1,18.620400813427107,31.46821917771731
C4,1,18.66484525787155,31.143774733272867
C4,1,18.72036372754813,30.776552511050642
C4,1,18.768715638603794,30.409330288828418
C4,1,18.804826749714906,30.213219177717303
C4,1,18.843715638603793,29.974330288828416
C4,1,18.847481742082564,29.931552511050636
C4,1,18.851446823372143,30.148291114067632
C4,1,18.85422460114992,30.105513336289853
C4,1,18.857555812455615,30.287603445425443
C4,1,18.896444701344503,30.048714556536556
C4,1,18.967066073533903,29.68149233431433
C4,1,19.0160312994322,29.357047889869886
C4,1,19.018809077209976,29.314270112092107
C4,1,19.018809077209976,29.314270112092107
C4,1,19.054920188321088,29.11815900098099
C4,1,19.099364632765532,28.79371455653655
C4,1,19.138253521654423,28.55482566764766
C4,1,19.1410312994322,28.51204788986988
C4,1,19.145788906600547,28.78323149846559
C4,1,19.148566684378324,28.74045372068781
C4,1,19.151066755063255,28.875457537674016
C4,1,19.19273342172992,28.593790871007347
C4,1,19.204342805292786,28.551013093229567
C4,1,19.221009471959455,29.396986079722815
C4,1,19.22378724973723,29.354208301945032
C4,1,19.231300774364048,29.735582634003272
C4,1,19.291946483570918,29.368360411781048
C4,1,19.294724261348694,29.32558263400327
C4,1,19.31139092801536,30.124056871121823
C4,1,19.375465185882653,29.842390204455153
C4,1,19.427337855019083,29.51794576001071
C4,1,19.430115632796863,29.475167982232932
C4,1,19.432963588505643,29.6197255980144
C4,1,19.43574136628342,29.576947820236622
C4,1,19.44481074235148,30.06669412791171
C4,1,19.558508884204272,29.699471905689485
C4,1,19.59739777309316,29.460583016800594
C4,1,19.641842217537604,29.136138572356153
C4,1,19.65768444428367,29.09336079457837
C4,1,19.658309150254976,29.125069857151882
C4,1,19.661086928032756,29.0822920793741
C4,1,19.67092874309306,29.581846660118945
C4,1,19.693150965315283,29.539068882341162
C4,1,19.705526272412758,30.207335465604846
C4,1,19.708304050190534,30.164557687827063
C4,1,19.7249707168572,31.010530674320314
C4,1,19.72774849463498,30.96775289654253
C4,1,19.73914592940567,31.54626821242184
C4,1,19.741923707183446,31.50349043464406
C4,1,19.741923707183446,31.50349043464406
C4,1,19.744701484961226,31.46071265686628
C4,1,19.745268876180226,31.48951251550925
C4,1,19.78971332062467,31.165068071064805
C4,1,19.79776483695127,31.122290293287026
C4,1,19.79776483695127,31.122290293287026
C4,1,19.83387594806238,30.92617918217591
C4,1,19.869987059173493,30.7300680710648
C4,1,19.91344325312551,30.533956959953684
C4,1,19.961604867911166,30.252290293287015
C4,1,19.997715979022278,30.056179182175903
C4,1,20.039382645688946,29.774512515509233
C4,1,20.042160423466722,29.73173473773145
C4,1,20.044211760500016,29.83001112409526
C4,1,20.091433982722236,29.46278890187304
C4,1,20.1404054286801,29.18112223520637
C4,1,20.18207209534677,28.8994555685397
C4,1,20.184849873124545,28.85667779076192
C4,1,20.19537581236578,29.425078509788534
C4,1,20.198153590143555,29.38230073201075
C4,1,20.20478184773992,29.76011141500355
C4,1,20.2075596255177,29.717333637225767
C4,1,20.209135545088497,29.803476286341144
C4,1,20.250802211755165,29.521809619674478
C4,1,20.307512319525777,29.325698508563363
C4,1,20.372039417472433,29.12958739745225
C4,1,20.4137060841391,28.84792073078558
C4,1,20.460928306361325,28.480698508563357
C4,1,20.508150528583545,28.113476286341132
C4,1,20.555372750805766,27.746254064118908
C4,1,20.59981719525021,27.421809619674463
C4,1,20.60259497302799,27.379031841896683
C4,1,20.60517435413089,27.509957045992266
C4,1,20.60795213190867,27.467179268214487
C4,1,20.624218737698392,28.35634172346073
C4,1,20.671440959920616,27.98911950123851
C4,1,20.688739449138513,27.946341723460726
C4,1,20.69267330910028,28.170571741281403
C4,1,20.69906753825292,28.12779396350362
C4,1,20.70401505404826,28.36482179752261
C4,1,20.706792831826036,28.32204401974483
C4,1,20.711825905120577,28.563170781298002
C4,1,20.74793701623169,28.36705967018689
C4,1,20.750714794009465,28.324281892409108
C4,1,20.760443601534032,28.849637498735813
C4,1,20.804888045978476,28.52519305429137
C4,1,20.846554712645144,28.2435263876247
C4,1,20.913621476844902,27.876304165402477
C4,1,20.926194551253758,27.833526387624698
C4,1,20.926194551253758,27.833526387624698
C4,1,20.928972329031534,27.790748609846915
C4,1,20.936043358107828,28.177264005613434
C4,1,20.974932246996715,27.938375116724544
C4,1,21.03256586554834,27.571152894502323
C4,1,21.035343643326115,27.52837511672454
C4,1,21.035343643326115,27.52837511672454
C4,1,21.071454754437227,27.33226400561343
C4,1,21.074232532215003,27.289486227835646
C4,1,21.074232532215003,27.289486227835646
C4,1,21.118676976659447,26.965041783391204
C4,1,21.203027197208122,26.59781956116898
C4,1,21.239138308319234,26.401708450057864
C4,1,21.287914551050946,26.077264005613422
C4,1,21.329581217717614,25.795597338946752
C4,1,21.3684701066065,25.55670845005786
C4,1,21.40735899549539,25.317819561168974
C4,1,21.449025662162057,25.036152894502305
C4,1,21.48513677327317,24.840041783391197
C4,1,21.529581217717613,24.51559733894675
C4,1,21.57124788438428,24.233930672280085
C4,1,21.607358995495392,24.037819561168973
C4,1,21.669443435786103,23.670597338946752
C4,1,21.718910418067747,23.30337511672453
C4,1,21.76677674476982,22.93615289450231
C4,1,21.802887855880932,22.7400417833912
C4,1,21.84299131591984,22.50115289450231
C4,1,21.881880204808727,22.26226400561342
C4,1,21.929102427030948,21.8950417833912
C4,1,21.992025658415933,21.656152894502313
C4,1,22.02916548067291,21.4600417833912
C4,1,22.06527659178402,21.26393067228009
C4,1,22.106943258450684,20.982264005613423
C4,1,22.158491045343812,20.743375116724536
C4,1,22.24296263683725,20.41893067228009
C4,1,22.279073747948363,20.222819561168983
C4,1,22.31796263683725,19.983930672280092
