scenario,strategy,replication,requested_tasks,completed_tasks,throughput,completion_rate,mean_delay,max_delay,mean_tardiness,urgent_deadline_violation_rate,normal_deadline_violation_rate,urgent_on_time_rate,idle_ratio,charging_wait,low_soc_stops,detour_distance_m,traction_energy,aux_energy,wpt_input_energy,battery_delivered_energy,wpt_loss,mean_efficiency,fleet_min_soc,opportunity_charging_energy,mandatory_charging_energy,pad_utilization,mean_queue,max_queue,pad_waiting_time,charging_contention_events,different_decision_rate_C4_vs_C3,deferred_charging_requests,charging_sessions,ablation_group,ablation_case,case_label
ablation_fixed_eta,C4,1007,2167,2166,90.25,99.95385325334564,0.4959371279570632,4.503911062619469,0.0171443036803445,10.526315789473683,0.0,89.47368421052632,0.3194694580604849,0.0,0,13960.0,28.82999999999966,4.71083333333335,28.29099509822538,25.461895588402854,2.8290995098225418,90.00000000000003,27.73572396073517,25.461895588402854,0.0,39.29304874753529,2.0,4,0.0,671,43.36810730253353,293,1396,eta,fixed_eta,"C4-Fixed
η = 90%"
ablation_fixed_eta,C4,1008,2146,2136,89.0,99.53401677539608,0.4281887237263722,3.571786913525769,0.011974988757186,9.56719817767654,0.0,90.43280182232346,0.3216171243481278,4.736951571734002e-17,0,14630.0,28.539999999999694,4.66444444444446,29.617835234673965,26.65605171120658,2.9617835234674006,90.00000000000003,40.118304199173735,26.65605171120658,0.0,41.13588227038054,2.0,4,2.3684757858670006e-16,699,41.3447782546495,317,1463,eta,fixed_eta,"C4-Fixed
η = 90%"
ablation_fixed_eta,C4,1009,2120,2120,88.33333333333333,100.0,0.4122889213091797,4.0288304580807255,0.0110073602791883,9.336609336609335,0.0,90.66339066339066,0.3276505622905711,0.0,0,14580.0,28.413999999999707,4.623194444444461,30.04579757539437,27.04121781785495,3.004579757539441,90.00000000000004,32.17207056477721,27.04121781785495,0.0,41.73027441027001,2.0,4,0.0,696,42.09770114942529,320,1458,eta,fixed_eta,"C4-Fixed
η = 90%"
ablation_fixed_eta,C4,1010,2162,2153,89.70833333333333,99.58371877890842,0.4032687898204915,4.418069406834669,0.0118965573119363,7.744874715261963,0.0,92.25512528473804,0.3172421048733509,0.0,0,15150.0,29.03799999999967,4.719027777777795,29.592842245593637,26.63355802103428,2.959284224559367,90.00000000000003,37.77581852964008,26.63355802103428,0.0,41.10116978554675,2.0,4,0.0,687,36.68122270742359,332,1515,eta,fixed_eta,"C4-Fixed
η = 90%"
ablation_fixed_eta,C4,1011,2201,2136,89.0,97.04679691049525,3.3485608894917323,355.25118778477605,2.714952451037073,15.850815850815849,3.7810383747178378,84.14918414918415,0.2610764209848085,129.46980131919224,0,13370.0,29.171999999999706,4.777083333333347,45.91248844546893,41.32123960092203,4.591248844546893,89.99999999999999,19.662696806230365,23.755394953780584,17.565844647141446,63.7673450631513,2.0,4,647.3490065959612,633,45.33965244865718,310,1337,eta,fixed_eta,"C4-Fixed
η = 90%"
ablation_fixed_eta,C4,1012,2155,2150,89.58333333333333,99.76798143851508,0.4389639025989761,4.471381576697847,0.0147696906750676,9.112149532710278,0.0,90.88785046728972,0.3217196635858914,2.368475785867001e-17,0,14590.0,28.73999999999969,4.689583333333349,28.680921109079076,25.812828998171177,2.868092110907911,90.00000000000004,33.14057039800498,25.812828998171177,0.0,39.83461265149876,2.0,4,1.1842378929335003e-16,709,42.87729196050776,328,1459,eta,fixed_eta,"C4-Fixed
η = 90%"
ablation_fixed_eta,C4,1013,2173,2164,90.16666666666669,99.58582604693972,0.4932402070576032,5.417435976621399,0.0207980719826115,12.195121951219512,0.058072009291521,87.8048780487805,0.3154996811825107,0.0,0,14470.0,28.78799999999969,4.715416666666682,29.120114774296127,26.20810329686653,2.9120114774296155,90.00000000000004,34.83153631739927,26.20810329686653,0.0,40.4446038531891,2.0,4,0.0,693,43.722943722943725,318,1447,eta,fixed_eta,"C4-Fixed
η = 90%"
ablation_fixed_eta,C4,1014,2235,2232,93.0,99.86577181208054,0.5369255305580128,4.611613468633808,0.0159681822998309,11.88340807174888,0.0,88.11659192825113,0.3062207405624489,0.0,0,13460.0,29.32399999999968,4.8301388888889045,26.260533397518397,23.634480057766552,2.626053339751841,89.99999999999999,25.93841890170887,23.634480057766552,0.0,36.4729630521089,2.0,4,0.0,625,40.0,292,1346,eta,fixed_eta,"C4-Fixed
η = 90%"
ablation_fixed_eta,C4,1015,2188,2183,90.95833333333331,99.77148080438756,0.6095265286847251,79.49326804389081,0.0651361793213322,15.24249422632794,0.2279202279202308,84.75750577367207,0.3053010352725923,0.0,0,13540.0,28.93599999999969,4.744444444444458,31.291627301866743,28.16246457168009,3.129162730186676,90.00000000000007,19.70988345019225,24.65602611646448,3.5064384552156054,43.46059347481496,2.0,4,0.0,674,46.58753709198813,275,1354,eta,fixed_eta,"C4-Fixed
η = 90%"
ablation_fixed_eta,C4,1016,2129,2127,88.625,99.90605918271488,0.4209402115406583,3.760996289875645,0.010169763797742,8.924485125858128,0.0,91.07551487414187,0.3259047698177796,0.0,0,14850.0,28.623999999999683,4.649027777777794,29.77428286559931,26.796854579039397,2.9774282865599337,90.00000000000004,33.72096596670041,26.796854579039397,0.0,41.35317064666575,2.0,4,0.0,695,42.44604316546763,311,1485,eta,fixed_eta,"C4-Fixed
η = 90%"
ablation_fixed_eta,C4,1017,2134,2131,88.79166666666667,99.85941893158387,0.3689163011786082,4.354363822503244,0.0067779865115253,6.38766519823789,0.0,93.6123348017621,0.3235697113210859,0.0,0,15160.0,28.595999999999684,4.65333333333335,30.114903924409024,27.103413531968133,3.011490392440906,90.00000000000003,42.51775695036883,27.103413531968133,0.0,41.82625545056813,2.0,4,0.0,711,41.35021097046413,355,1516,eta,fixed_eta,"C4-Fixed
η = 90%"
ablation_fixed_eta,C4,1018,2228,2222,92.58333333333331,99.73070017953322,0.5511558723804757,4.856616691833187,0.0230023335402194,14.254385964912286,0.0,85.74561403508771,0.3067365526242934,0.0,0,13880.0,29.45999999999969,4.830833333333347,26.774841055254345,24.097356949728923,2.677484105525438,90.00000000000004,26.710144611689024,24.097356949728923,0.0,37.18727924340885,2.0,4,0.0,600,44.83333333333333,317,1388,eta,fixed_eta,"C4-Fixed
η = 90%"
ablation_fixed_eta,C4,1019,2165,2160,90.0,99.76905311778292,0.5881707528369564,5.362360224588459,0.0239493149716226,16.258351893095767,0.1748251748251772,83.74164810690424,0.3202687903248642,0.0,0,14030.0,28.875999999999724,4.71152777777779,28.20323548304884,25.38291193474396,2.8203235483048865,90.00000000000003,25.39987071089741,25.38291193474396,0.0,39.17116039312342,2.0,4,0.0,686,45.481049562682216,310,1403,eta,fixed_eta,"C4-Fixed
η = 90%"
ablation_fixed_eta,C4,1020,2168,2162,90.08333333333331,99.72324723247232,0.4807160375539613,6.074164966810591,0.0138077188834497,9.367088607594942,0.056401579244214,90.63291139240506,0.3183731384367819,0.0,0,14560.0,28.783999999999693,4.708888888888904,28.58567016275847,25.727103146482623,2.858567016275849,90.0,27.810127914733645,25.727103146482623,0.0,39.70231967049791,2.0,4,0.0,685,44.23357664233576,331,1456,eta,fixed_eta,"C4-Fixed
η = 90%"
ablation_fixed_eta,C4,1021,2077,2075,86.45833333333333,99.90370727010112,0.3523624837113242,3.927491739775481,0.012846377652533,7.263922518159804,0.0,92.7360774818402,0.3345428613685612,0.0,0,15420.0,27.9459999999997,4.536944444444462,31.86456990731793,28.678112916586148,3.186456990731796,90.00000000000003,43.09333830648862,28.678112916586148,0.0,44.25634709349716,2.0,4,0.0,749,44.32576769025367,330,1542,eta,fixed_eta,"C4-Fixed
η = 90%"
ablation_fixed_eta,C4,1022,2140,2136,89.0,99.81308411214953,0.5330634697597588,7.386009976900736,0.0287720124116477,13.064133016627078,0.3490401396160525,86.93586698337292,0.3230653224767987,0.0,0,14280.0,28.58199999999969,4.659861111111128,29.696483908352427,26.726835517517195,2.9696483908352445,90.00000000000003,35.311359362850986,26.726835517517195,0.0,41.2451165393784,2.0,4,0.0,703,41.96301564722618,308,1428,eta,fixed_eta,"C4-Fixed
η = 90%"
ablation_fixed_eta,C4,1023,2108,2099,87.45833333333333,99.573055028463,0.506678461200047,5.800026870446163,0.0264546231606605,14.1439205955335,0.117302052785928,85.8560794044665,0.3295124701619257,0.0,0,14650.0,28.26999999999969,4.598194444444461,30.57551074170672,27.51795966753605,3.0575510741706755,90.00000000000003,47.75996641204698,27.51795966753605,0.0,42.46598714125937,2.0,4,0.0,735,46.93877551020408,325,1465,eta,fixed_eta,"C4-Fixed
η = 90%"
ablation_fixed_eta,C4,1024,2089,2086,86.91666666666667,99.85639061752036,0.3424254369830056,3.86183220794228,0.0054565640764698,5.398457583547556,0.0,94.60154241645245,0.3331686753459136,0.0,0,15370.0,28.12199999999969,4.564166666666683,31.15927687547107,28.04334918792398,3.1159276875471105,90.00000000000006,43.54377023418103,28.04334918792398,0.0,43.27677343815431,2.0,4,0.0,751,39.41411451398136,331,1537,eta,fixed_eta,"C4-Fixed
η = 90%"
ablation_fixed_eta,C4,1025,2110,2103,87.625,99.66824644549764,0.4151727448645805,5.22252709112654,0.01413023384582,6.904761904761902,0.0,93.0952380952381,0.3280871440752225,0.0,0,15060.0,28.465999999999703,4.614305555555572,30.888628132919862,27.79976531962789,3.0888628132919886,90.00000000000006,38.01170655383287,27.79976531962789,0.0,42.90087240683318,2.0,4,0.0,734,44.822888283378745,312,1506,eta,fixed_eta,"C4-Fixed
η = 90%"
ablation_fixed_eta,C4,1026,2066,2065,86.04166666666667,99.95159728944822,0.4234125910546373,4.101383649361984,0.0175067695081971,12.244897959183676,0.0,87.75510204081633,0.3388254737403228,9.473903143468003e-17,0,15180.0,27.969999999999686,4.524861111111129,31.422829453483764,28.2805465081354,3.142282945348381,90.00000000000004,36.79485827122559,28.2805465081354,0.0,43.64281868539417,2.0,4,4.736951571734001e-16,785,42.4203821656051,331,1518,eta,fixed_eta,"C4-Fixed
η = 90%"
ablation_fixed_eta,C4,1027,2159,2149,89.54166666666667,99.53682260305698,0.4828834321235499,5.192176695220163,0.022475011006019,13.744075829383885,0.0,86.25592417061611,0.3199299963423323,0.0,0,14530.0,28.90599999999969,4.706111111111126,28.925201316760344,26.032681185084314,2.892520131676036,90.00000000000001,29.23900360178059,26.032681185084314,0.0,40.17389071772272,2.0,4,0.0,682,40.17595307917888,358,1453,eta,fixed_eta,"C4-Fixed
η = 90%"
ablation_fixed_eta,C4,1028,2109,2106,87.75,99.85775248933145,0.4672142819731,6.2452068042281095,0.0259118492588844,12.530120481927709,0.1770956316410887,87.46987951807229,0.3290194187783032,0.0,0,14930.0,28.42199999999966,4.61000000000002,30.653009239810785,27.587708315829715,3.0653009239810824,90.00000000000003,43.28617526130047,27.587708315829715,0.0,42.57362394418169,2.0,4,0.0,726,44.90358126721763,327,1493,eta,fixed_eta,"C4-Fixed
η = 90%"
ablation_fixed_eta,C4,1029,2179,2175,90.625,99.81642955484166,0.4230730658552045,4.547233615061608,0.015022180235944,9.817351598173518,0.0,90.18264840182648,0.3167458942518602,0.0,0,14300.0,28.987999999999687,4.736805555555571,28.07147806933028,25.26433026239725,2.8071478069330285,90.00000000000003,22.588499836232227,25.26433026239725,0.0,38.98816398518097,2.0,4,0.0,653,38.59111791730474,333,1430,eta,fixed_eta,"C4-Fixed
η = 90%"
ablation_fixed_eta,C4,1030,2186,2183,90.95833333333331,99.86276303751144,0.5208527051954206,6.3803849459409925,0.0207200881177267,13.716814159292037,0.4036908881199563,86.28318584070797,0.3151284310702488,0.0,0,13830.0,28.8119999999997,4.733333333333348,27.95376481471038,25.158388333239365,2.795376481471041,90.00000000000009,29.733607596526102,25.158388333239365,0.0,38.82467335376446,2.0,4,0.0,687,38.42794759825328,309,1383,eta,fixed_eta,"C4-Fixed
η = 90%"
ablation_fixed_eta,C4,1031,2102,2091,87.125,99.476688867745,0.6002967406000886,6.971695827987909,0.0353795843106177,14.83375959079284,0.6428988895382792,85.16624040920716,0.3325162839895327,0.0,0,14380.0,28.073999999999696,4.5770833333333485,30.094137763768195,27.084723987391392,3.0094137763768227,90.00000000000006,37.94056518586662,27.084723987391392,0.0,41.7974135607892,2.0,4,0.0,755,42.91390728476821,308,1438,eta,fixed_eta,"C4-Fixed
η = 90%"
ablation_fixed_eta,C4,1032,2108,2106,87.75,99.90512333965845,0.5831913354649746,7.039707822564984,0.0537972681197721,14.058956916099774,0.959808038392318,85.94104308390023,0.3309292420403067,0.0,0,14890.0,28.76199999999972,4.632361111111128,30.06547286548953,27.058925578940595,3.006547286548957,90.00000000000007,43.69048951431283,27.058925578940595,0.0,41.75760120206885,2.0,4,0.0,756,41.13756613756614,331,1489,eta,fixed_eta,"C4-Fixed
η = 90%"
ablation_fixed_eta,C4,1033,2186,2181,90.875,99.77127172918571,0.5230401105854471,4.626243758502824,0.0231247009324861,12.139917695473246,0.0,87.86008230452676,0.3147888412030697,0.0,0,14130.0,29.197999999999706,4.760138888888904,28.07601716689489,25.268415450205403,2.807601716689489,90.00000000000003,35.21131405225911,25.268415450205403,0.0,38.99446828735403,2.0,4,0.0,646,43.962848297213625,315,1413,eta,fixed_eta,"C4-Fixed
η = 90%"
ablation_fixed_eta,C4,1034,2097,2095,87.29166666666667,99.90462565569862,0.4408793251336665,6.33554474619929,0.0241749029714563,10.023310023310028,0.2997601918465209,89.97668997668997,0.3337479573738376,0.0,0,14840.0,28.44999999999968,4.596944444444463,30.150735345418408,27.135661810876577,3.015073534541844,90.00000000000003,35.48369965318239,27.135661810876577,0.0,41.876021313081175,2.0,4,0.0,750,41.46666666666667,342,1484,eta,fixed_eta,"C4-Fixed
η = 90%"
ablation_fixed_eta,C4,1035,2222,2216,92.33333333333331,99.72997299729973,0.6959544747197935,6.753890396163964,0.038437792952736,18.036529680365295,0.2802690582959677,81.9634703196347,0.3100888696124779,0.0,0,13380.0,29.535999999999724,4.828611111111125,26.168006939507936,23.55120624555715,2.6168006939507946,90.00000000000003,20.93198122381084,23.55120624555715,0.0,36.34445408264993,2.0,4,0.0,637,45.6828885400314,312,1338,eta,fixed_eta,"C4-Fixed
η = 90%"
ablation_fixed_eta,C4,1036,2208,2203,91.79166666666669,99.77355072463769,0.6798328711887308,6.249319947014495,0.0390763949953467,16.98924731182796,0.4016064257028162,83.01075268817203,0.3117233244727334,0.0,0,13700.0,29.15999999999969,4.785000000000014,26.979603189815947,24.281642870834364,2.697960318981597,90.00000000000004,19.77397363140733,24.281642870834364,0.0,37.47167109696663,2.0,4,0.0,662,47.43202416918429,317,1370,eta,fixed_eta,"C4-Fixed
η = 90%"
ablation_fixed_eta,C4,1037,2115,2112,88.0,99.8581560283688,0.3998504082185883,5.558017431469974,0.0116401143231599,9.999999999999998,0.0589970501474912,90.0,0.3276314430780319,0.0,0,15030.0,28.365999999999683,4.613611111111129,30.552680491908504,27.49741244271766,3.055268049190853,90.00000000000003,40.35867053936284,27.49741244271766,0.0,42.43427846098407,2.0,4,0.0,736,44.29347826086957,296,1503,eta,fixed_eta,"C4-Fixed
η = 90%"
ablation_fixed_eta,C4,1038,2192,2186,91.08333333333331,99.72627737226276,0.4748742763666339,4.798208173528292,0.0163081023538966,12.085308056872035,0.0,87.91469194312796,0.3139089033733999,0.0,0,13980.0,29.185999999999705,4.766805555555572,27.792794785576003,25.013515307018416,2.7792794785576027,90.00000000000004,22.66604953286657,25.013515307018416,0.0,38.6011038688556,2.0,4,0.0,655,45.19083969465649,324,1398,eta,fixed_eta,"C4-Fixed
η = 90%"
ablation_fixed_eta,C4,1039,2106,2103,87.625,99.85754985754986,0.5394842832250851,4.42974716797183,0.0275582571634639,16.29072681704261,0.0,83.70927318295739,0.330445359520633,0.0,0,14550.0,28.4579999999997,4.608750000000017,30.4396705725721,27.3957035153149,3.0439670572572126,90.00000000000003,43.7821037420828,27.3957035153149,0.0,42.27732023968352,2.0,4,0.0,753,46.21513944223107,288,1455,eta,fixed_eta,"C4-Fixed
η = 90%"
ablation_fixed_eta,C4,1040,2148,2147,89.45833333333333,99.95344506517692,0.5885127010752406,6.589538671294092,0.0496100906973955,14.000000000000002,0.6478209658421719,86.0,0.3241829884082726,0.0,0,13670.0,28.795999999999733,4.684722222222236,28.49412417302185,25.64471175571968,2.8494124173021875,90.00000000000003,34.3019439907447,25.64471175571968,0.0,39.57517246253038,2.0,4,0.0,653,43.797856049004594,295,1367,eta,fixed_eta,"C4-Fixed
η = 90%"
ablation_fixed_eta,C4,1041,2146,2140,89.16666666666667,99.72041006523766,0.3963611242651829,3.5783758812446957,0.009400814558835,7.126436781609192,0.0,92.8735632183908,0.3224393556879962,0.0,0,14560.0,28.67599999999969,4.673888888888905,29.32183195232134,26.389648757089216,2.9321831952321364,90.00000000000003,39.62601236802843,26.389648757089216,0.0,40.72476660044633,2.0,4,0.0,691,43.41534008683068,302,1456,eta,fixed_eta,"C4-Fixed
η = 90%"
ablation_fixed_eta,C4,1042,2196,2193,91.375,99.86338797814209,0.5811290368758864,7.94636171282303,0.0476490227998523,14.28571428571429,0.953449242849136,85.71428571428571,0.3126155910372671,0.0,0,14290.0,29.063999999999687,4.763333333333347,27.858387226583798,25.072548503925432,2.7858387226583816,90.00000000000007,25.89417177527365,25.072548503925432,0.0,38.69220448136642,2.0,4,0.0,618,43.68932038834952,328,1429,eta,fixed_eta,"C4-Fixed
η = 90%"
ablation_fixed_eta,C4,1043,2134,2130,88.75,99.81255857544518,0.4087340101200393,3.509136097165174,0.0083015036444734,8.056872037914697,0.0,91.9431279620853,0.3245406715577813,0.0,0,14780.0,28.571999999999704,4.651666666666682,29.765358239198687,26.788822415278823,2.9765358239198707,90.00000000000001,32.2692020153411,26.788822415278823,0.0,41.34077533222043,2.0,4,0.0,729,42.24965706447188,345,1478,eta,fixed_eta,"C4-Fixed
η = 90%"
ablation_fixed_eta,C4,1044,2171,2166,90.25,99.76969138645784,0.4535932302591911,5.193132172643891,0.0165070861509094,12.592592592592588,0.0,87.4074074074074,0.3179520838937492,0.0,0,14710.0,28.95399999999968,4.72444444444446,28.437249798250285,25.593524818425266,2.84372497982503,90.00000000000003,30.15258762916864,25.593524818425266,0.0,39.49618027534765,2.0,4,0.0,665,40.15037593984962,350,1471,eta,fixed_eta,"C4-Fixed
η = 90%"
ablation_fixed_eta,C4,1045,2116,2112,88.0,99.8109640831758,0.365159978704644,3.8606667661796874,0.0108636632324123,8.584686774941996,0.0,91.415313225058,0.3268092757001255,0.0,0,15120.0,28.475999999999683,4.622500000000017,30.74866074795477,27.6737946731593,3.0748660747954792,90.00000000000003,43.29942415901281,27.6737946731593,0.0,42.70647326104833,2.0,4,0.0,726,43.112947658402206,349,1512,eta,fixed_eta,"C4-Fixed
η = 90%"
ablation_fixed_eta,C4,1046,2191,2182,90.91666666666669,99.5892286627111,0.6207943634375697,5.144566378735665,0.0241394954693878,17.8743961352657,0.0,82.1256038647343,0.3171455814097405,0.0,0,13360.0,29.20599999999971,4.766944444444459,26.727590692493397,24.05483162324406,2.672759069249342,90.00000000000001,20.85850287370041,24.05483162324406,0.0,37.12165373957419,2.0,4,0.0,655,42.595419847328245,306,1336,eta,fixed_eta,"C4-Fixed
η = 90%"
ablation_fixed_eta,C4,1047,2159,2155,89.79166666666667,99.81472904122278,0.540056839338854,5.06705520732697,0.0302413997346962,13.62586605080831,0.0,86.37413394919169,0.3209387219721137,0.0,0,14250.0,28.6219999999997,4.686388888888903,28.562060090039022,25.705854081035127,2.8562060090039054,90.00000000000003,30.59747539155356,25.705854081035127,0.0,39.669527902832016,2.0,4,0.0,709,46.1212976022567,349,1425,eta,fixed_eta,"C4-Fixed
η = 90%"
ablation_fixed_eta,C4,1048,2178,2173,90.54166666666669,99.7704315886134,0.5330830240280525,7.127702873063572,0.0370940296892836,12.254901960784316,0.5649717514124242,87.74509803921569,0.3153574465650938,0.0,0,14170.0,29.0079999999997,4.736944444444458,28.67131923656619,25.80418731290958,2.867131923656621,90.00000000000003,31.841028233261788,25.80418731290958,0.0,39.821276717453074,2.0,4,0.0,673,43.23922734026746,341,1417,eta,fixed_eta,"C4-Fixed
η = 90%"
ablation_fixed_eta,C4,1049,2195,2191,91.29166666666669,99.81776765375854,0.7603313142164771,8.74744891535823,0.0990834864904756,17.889908256880737,2.160318362706082,82.11009174311926,0.3142856449105887,0.0,0,13740.0,28.93399999999969,4.753055555555572,27.357167832188008,24.621451048969213,2.735716783218804,90.00000000000003,28.019658997197677,24.621451048969213,0.0,37.996066433594486,2.0,4,0.0,648,47.0679012345679,310,1374,eta,fixed_eta,"C4-Fixed
η = 90%"
ablation_fixed_eta,C4,1050,2158,2148,89.5,99.5366079703429,0.4623708602232739,5.054656402997837,0.0177031488640234,10.344827586206897,0.0,89.65517241379311,0.3202142621356391,0.0,0,14320.0,28.69799999999969,4.690416666666679,28.922865631169863,26.030579068052887,2.89228656311699,90.00000000000003,29.94402199983092,26.030579068052887,0.0,40.17064670995819,2.0,4,0.0,686,37.31778425655977,344,1432,eta,fixed_eta,"C4-Fixed
η = 90%"
ablation_fixed_eta,C4,1051,2195,2160,90.0,98.40546697038724,1.7593123102037544,313.43278384213335,1.0159817063556416,17.488789237668158,3.030303030303028,82.51121076233184,0.2742017669769596,92.19088262895752,0,13120.0,29.353999999999708,4.782222222222238,41.78736388829449,37.60862749946504,4.178736388829451,90.0,19.753691132932783,23.57707479914549,14.031552700319562,58.038005400409055,2.0,4,460.9544131447876,618,43.52750809061489,303,1312,eta,fixed_eta,"C4-Fixed
η = 90%"
ablation_fixed_eta,C4,1052,2218,2215,92.29166666666669,99.86474301172228,0.6471667976867396,5.449440784596967,0.0256349105855058,13.366336633663368,0.1102535832414597,86.63366336633663,0.3097741781242291,0.0,0,13600.0,29.403999999999684,4.814444444444458,26.681295875277502,24.01316628774976,2.668129587527752,90.00000000000003,24.28662155272908,24.01316628774976,0.0,37.057355382329895,2.0,4,0.0,600,42.16666666666667,320,1360,eta,fixed_eta,"C4-Fixed
η = 90%"
ablation_fixed_eta,C4,1053,2165,2163,90.125,99.90762124711316,0.46227221436527,6.112415380774352,0.0175259143947631,8.39328537170264,0.2288329519450793,91.60671462829735,0.3193720278966946,0.0,0,14430.0,28.633999999999705,4.694722222222237,28.52606995718992,25.673462961470943,2.852606995718995,90.00000000000006,34.69252889800791,25.673462961470943,0.0,39.619541607208255,2.0,4,0.0,717,41.84100418410041,319,1443,eta,fixed_eta,"C4-Fixed
η = 90%"
ablation_fixed_eta,C4,1054,2101,2099,87.45833333333333,99.90480723465016,0.4492128072557091,5.297109438110662,0.0179789119316144,11.111111111111116,0.0,88.88888888888889,0.3308285843066268,0.0,0,14710.0,27.98399999999968,4.569583333333348,30.801709649614327,27.721538684652916,3.080170964961437,90.00000000000006,42.83108352835383,27.721538684652916,0.0,42.78015229113106,2.0,4,0.0,746,42.62734584450402,300,1471,eta,fixed_eta,"C4-Fixed
η = 90%"
ablation_fixed_eta,C4,1055,2142,2137,89.04166666666667,99.76657329598508,0.3942763859607224,4.015896867651342,0.0129194429568404,9.480812641083524,0.0,90.51918735891648,0.3211193809216691,0.0,0,14920.0,28.855999999999675,4.681388888888907,30.197022868199056,27.177320581379178,3.0197022868199097,90.00000000000009,30.679477412727035,27.177320581379178,0.0,41.94030953916542,2.0,4,0.0,708,40.11299435028249,344,1492,eta,fixed_eta,"C4-Fixed
η = 90%"
ablation_fixed_eta,C4,1056,2079,2073,86.375,99.71139971139972,0.3974382341893774,3.764938011328801,0.0080397338181203,8.374384236453203,0.0,91.6256157635468,0.3362115763208307,0.0,0,14980.0,27.863999999999677,4.533750000000018,31.063832524500903,27.95744927205083,3.106383252450094,90.00000000000004,45.741823093759336,27.95744927205083,0.0,43.14421183958464,2.0,4,0.0,748,43.98395721925134,337,1498,eta,fixed_eta,"C4-Fixed
η = 90%"
ablation_variable_eta,C4,1007,2167,2061,85.875,95.10844485463775,6.754705389535187,351.8382207446101,5.990927432519779,19.57894736842105,6.14657210401891,80.42105263157895,0.2729918228543929,124.0309245325362,0,12310.0,28.4999999999997,4.6879166666666805,45.02294377241852,37.81459491581418,7.2083488566043314,83.98961006849972,19.646067254076108,20.272818256494418,17.54177665931977,62.53186635058129,2.0,4,620.154622662681,578,51.903114186851205,262,1231,eta,variable_eta,"C4-Variable
predicted η"
ablation_variable_eta,C4,1008,2146,2136,89.0,99.53401677539608,0.4281887237263722,3.571786913525769,0.011974988757186,9.56719817767654,0.0,90.43280182232346,0.3216171243481278,2.368475785867001e-17,0,14630.0,28.539999999999694,4.66444444444446,29.617835234673976,24.490827906287446,5.127007328386542,82.68945961862778,28.949542544818573,24.490827906287446,0.0,41.13588227038054,2.0,4,1.1842378929335003e-16,699,45.20743919885551,317,1463,eta,variable_eta,"C4-Variable
predicted η"
ablation_variable_eta,C4,1009,2120,2120,88.33333333333333,100.0,0.4122889213091797,4.0288304580807255,0.0110073602791883,9.336609336609335,0.0,90.66339066339066,0.3276505622905711,0.0,0,14580.0,28.413999999999703,4.623194444444461,30.045797575394374,25.28633923374692,4.759458341647493,84.15932101750843,24.49460697568638,25.28633923374692,0.0,41.73027441027001,2.0,4,0.0,696,51.86781609195402,320,1458,eta,variable_eta,"C4-Variable
predicted η"
ablation_variable_eta,C4,1010,2162,2153,89.70833333333333,99.58371877890842,0.4032687898204915,4.418069406834669,0.0118965573119363,7.744874715261963,0.0,92.25512528473804,0.3172421048733509,0.0,0,15150.0,29.037999999999663,4.719027777777796,29.59284224559363,24.638224503288097,4.954617742305571,83.25737791190613,27.358132401381702,24.638224503288097,0.0,41.10116978554675,2.0,4,0.0,687,44.25036390101892,332,1515,eta,variable_eta,"C4-Variable
predicted η"
ablation_variable_eta,C4,1011,2201,1924,80.16666666666667,87.41481144934122,32.88918836920113,457.7117732308288,31.732904992479085,27.505827505827508,16.083521444695258,72.49417249417249,0.2550662621758882,196.0209962649465,0,11610.0,28.819999999999744,4.752638888888899,48.07614561668023,36.93854515647755,11.137600460202687,76.83341641194622,19.601414017263163,19.384790558483168,17.55375459799438,66.77242446761147,2.0,4,980.1049813247324,569,52.54833040421792,259,1161,eta,variable_eta,"C4-Variable
predicted η"
ablation_variable_eta,C4,1012,2155,2150,89.58333333333333,99.76798143851508,0.4389639025989761,4.471381576697847,0.0147696906750676,9.112149532710278,0.0,90.88785046728972,0.3217196635858914,2.368475785867001e-17,0,14590.0,28.73999999999969,4.689583333333348,28.68092110907908,23.709061163894628,4.971859945184475,82.66492234933632,23.380146425604,23.709061163894628,0.0,39.83461265149875,2.0,4,1.1842378929335003e-16,709,46.82651622002821,328,1459,eta,variable_eta,"C4-Variable
predicted η"
ablation_variable_eta,C4,1013,2173,2164,90.16666666666669,99.58582604693972,0.4932402070576032,5.417435976621399,0.0207980719826115,12.195121951219512,0.058072009291521,87.8048780487805,0.3154996811825107,1.1842378929335005e-17,0,14470.0,28.7879999999997,4.715416666666682,29.12011477429613,24.12577426951632,4.994340504779833,82.84917300810835,23.242500721772664,24.12577426951632,0.0,40.4446038531891,2.0,4,5.9211894646675e-17,693,49.63924963924964,318,1447,eta,variable_eta,"C4-Variable
predicted η"
ablation_variable_eta,C4,1014,2235,2133,88.875,95.43624161073826,5.494379661041886,321.5768752171978,4.606198404722859,19.506726457399104,6.707657909446619,80.49327354260089,0.2604127149925016,101.64026622255687,0,11890.0,29.00999999999972,4.808333333333346,42.7514226026994,36.76041844910412,5.991004153595292,85.98642152970835,19.665261362202017,19.21443174083191,17.545986708272206,59.376975837082526,2.0,4,508.2013311127843,543,46.59300184162063,261,1189,eta,variable_eta,"C4-Variable
predicted η"
ablation_variable_eta,C4,1015,2188,1980,82.5,90.49360146252286,31.34676686515255,361.16215702516456,29.68770818347473,40.18475750577368,25.014245014245017,59.815242494226325,0.285326326960564,136.71341752854272,0,9320.0,28.091999999999786,4.685833333333338,38.48252229419696,32.803448990326565,5.679073303870403,85.24246082298306,19.80948168834517,15.265257866671815,17.53819112365474,53.44794763082913,2.0,4,683.5670876427137,441,52.15419501133787,193,932,eta,variable_eta,"C4-Variable
predicted η"
ablation_variable_eta,C4,1016,2129,2127,88.625,99.90605918271488,0.4209402115406583,3.760996289875645,0.010169763797742,8.924485125858128,0.0,91.07551487414187,0.3259047698177796,0.0,0,14850.0,28.62399999999969,4.649027777777794,29.77428286559932,24.837874113617445,4.936408751981892,83.42056205261181,22.975333425471163,24.837874113617445,0.0,41.35317064666575,2.0,4,0.0,695,52.94964028776978,311,1485,eta,variable_eta,"C4-Variable
predicted η"
ablation_variable_eta,C4,1017,2134,2131,88.79166666666667,99.85941893158387,0.3689163011786082,4.354363822503244,0.0067779865115253,6.38766519823789,0.0,93.6123348017621,0.323569711321086,0.0,0,15160.0,28.595999999999684,4.65333333333335,30.11490392440902,24.89227744052088,5.222626483888169,82.65766845214789,31.92594934621919,24.89227744052088,0.0,41.82625545056813,2.0,4,0.0,711,44.86638537271448,355,1516,eta,variable_eta,"C4-Variable
predicted η"
ablation_variable_eta,C4,1018,2228,2206,91.91666666666669,99.01256732495511,1.3205766093348754,342.6307317705672,0.7010399497941745,17.324561403508774,1.8623024830699773,82.67543859649122,0.252735474036759,114.2285103176423,0,13240.0,29.33199999999971,4.821944444444457,46.21522934676672,39.03274313553525,7.182486211231471,84.4586161039273,19.699657475187347,21.481015430232414,17.551727705302838,64.18781853717601,2.0,4,571.1425515882115,568,49.647887323943664,304,1324,eta,variable_eta,"C4-Variable
predicted η"
ablation_variable_eta,C4,1019,2165,2150,89.58333333333333,99.30715935334872,0.9635818525021016,238.6542850306362,0.2925952549937365,18.04008908685969,1.689976689976691,81.9599109131403,0.2851942044891719,44.3445807150777,0,13590.0,28.78799999999973,4.705416666666679,40.83008638389809,33.27931437198862,7.550772011909503,81.50684291746386,19.705240195446983,22.754067885662216,10.525246486326402,56.70845331096962,2.0,4,221.72290357538853,658,54.40729483282675,300,1359,eta,variable_eta,"C4-Variable
predicted η"
ablation_variable_eta,C4,1020,2168,2121,88.375,97.83210332103322,2.3204675958391263,302.69365106344753,1.6271259428190743,16.455696202531644,4.3993231810490645,83.54430379746836,0.2695034603606409,87.96822428663299,0,13670.0,28.60599999999971,4.69652777777779,46.17875427016923,39.89229182006984,6.28646245009941,86.38667813921445,19.785544728481185,22.35579275982133,17.53649906024851,64.13715870856842,2.0,4,439.841121433165,640,50.31250000000001,300,1367,eta,variable_eta,"C4-Variable
predicted η"
ablation_variable_eta,C4,1021,2077,2075,86.45833333333333,99.90370727010112,0.3523624837113242,3.927491739775481,0.012846377652533,7.263922518159804,0.0,92.7360774818402,0.3345428613685613,0.0,0,15420.0,27.9459999999997,4.536944444444462,31.86456990731793,26.38658435653029,5.477985550787677,82.80853761177056,29.877117660431686,26.38658435653029,0.0,44.25634709349716,2.0,4,0.0,749,51.4018691588785,330,1542,eta,variable_eta,"C4-Variable
predicted η"
ablation_variable_eta,C4,1022,2140,2136,89.0,99.81308411214953,0.5330634697597588,7.386009976900736,0.0287720124116477,13.064133016627078,0.3490401396160525,86.93586698337292,0.3230653224767987,0.0,0,14280.0,28.58199999999969,4.659861111111128,29.69648390835242,24.89885542207214,4.797628486280306,83.84445612791586,26.18523003776263,24.89885542207214,0.0,41.2451165393784,2.0,4,0.0,703,50.355618776671406,308,1428,eta,variable_eta,"C4-Variable
predicted η"
ablation_variable_eta,C4,1023,2108,2099,87.45833333333333,99.573055028463,0.506678461200047,5.800026870446163,0.0264546231606605,14.1439205955335,0.117302052785928,85.8560794044665,0.3295124701619257,0.0,0,14650.0,28.269999999999687,4.59819444444446,30.575510741706715,25.452653277137603,5.122857464569142,83.24522684888058,37.994809773870784,25.452653277137603,0.0,42.46598714125937,2.0,4,0.0,735,52.38095238095239,325,1465,eta,variable_eta,"C4-Variable
predicted η"
ablation_variable_eta,C4,1024,2089,2086,86.91666666666667,99.85639061752036,0.3424254369830056,3.86183220794228,0.0054565640764698,5.398457583547556,0.0,94.60154241645245,0.3331686753459135,0.0,0,15370.0,28.12199999999969,4.564166666666684,31.159276875471075,26.08999941371311,5.069277461758001,83.73108117361812,32.43799063474865,26.08999941371311,0.0,43.27677343815431,2.0,4,0.0,751,52.06391478029294,331,1537,eta,variable_eta,"C4-Variable
predicted η"
ablation_variable_eta,C4,1025,2110,2103,87.625,99.66824644549764,0.4151727448645805,5.22252709112654,0.01413023384582,6.904761904761902,0.0,93.0952380952381,0.3280871440752225,0.0,0,15060.0,28.465999999999703,4.614305555555571,30.88862813291986,25.56354792902673,5.325080203893164,82.7603861816774,25.73061901374697,25.56354792902673,0.0,42.90087240683318,2.0,4,0.0,734,50.13623978201635,312,1506,eta,variable_eta,"C4-Variable
predicted η"
ablation_variable_eta,C4,1026,2066,2065,86.04166666666667,99.95159728944822,0.4234125910546373,4.101383649361984,0.0175067695081971,12.244897959183676,0.0,87.75510204081633,0.3388254737403228,9.473903143468003e-17,0,15180.0,27.969999999999686,4.524861111111129,31.422829453483768,26.063758254440827,5.359071199042979,82.9452939399485,25.58300259337895,26.063758254440827,0.0,43.64281868539417,2.0,4,4.736951571734001e-16,785,53.12101910828025,331,1518,eta,variable_eta,"C4-Variable
predicted η"
ablation_variable_eta,C4,1027,2159,2149,89.54166666666667,99.53682260305698,0.5236887053623404,89.38409893044397,0.0611738371278859,13.744075829383885,0.05757052389177,86.25592417061611,0.3077172299179042,0.0,0,14540.0,28.907999999999696,4.706250000000014,33.32179722955445,27.70639837381676,5.615398855737696,83.14797123020374,19.78862865226305,24.195829806429916,3.5105685673868474,46.280273929936754,2.0,4,0.0,682,52.49266862170088,358,1454,eta,variable_eta,"C4-Variable
predicted η"
ablation_variable_eta,C4,1028,2109,2106,87.75,99.85775248933145,0.4672142819731,6.2452068042281095,0.0259118492588844,12.530120481927709,0.1770956316410887,87.46987951807229,0.3290194187783033,0.0,0,14930.0,28.42199999999966,4.61000000000002,30.653009239810785,25.478465065915252,5.174544173895564,83.11896840726796,31.619896922315675,25.478465065915252,0.0,42.57362394418169,2.0,4,0.0,726,48.48484848484848,327,1493,eta,variable_eta,"C4-Variable
predicted η"
ablation_variable_eta,C4,1029,2179,2028,84.5,93.07021569527306,13.81393995154662,424.896634044131,12.962524486366393,16.666666666666664,9.534750143595636,83.33333333333334,0.2599938811897022,175.05931066447283,0,12380.0,28.60399999999973,4.710138888888901,48.5022027717072,37.31314204285826,11.189060728848956,76.93081944852233,19.664018564151757,19.76687303565343,17.546269007204828,67.36417051626003,2.0,4,875.296553322364,554,49.63898916967509,287,1238,eta,variable_eta,"C4-Variable
predicted η"
ablation_variable_eta,C4,1030,2186,2183,90.95833333333331,99.86276303751144,0.5208527051954206,6.3803849459409925,0.0207200881177267,13.716814159292037,0.4036908881199563,86.28318584070797,0.3151284310702488,0.0,0,13830.0,28.811999999999703,4.733333333333348,27.953764814710382,23.375852351289748,4.577912463420661,83.6232704475944,21.928149091687647,23.375852351289748,0.0,38.82467335376446,2.0,4,0.0,687,48.61717612809316,309,1383,eta,variable_eta,"C4-Variable
predicted η"
ablation_variable_eta,C4,1031,2102,2091,87.125,99.476688867745,0.6002967406000886,6.971695827987909,0.0353795843106177,14.83375959079284,0.6428988895382792,85.16624040920716,0.3325162839895327,0.0,0,14380.0,28.073999999999696,4.5770833333333485,30.094137763768188,25.263934181322988,4.83020358244523,83.94968608052123,31.24804644080988,25.263934181322988,0.0,41.7974135607892,2.0,4,0.0,755,53.64238410596026,308,1438,eta,variable_eta,"C4-Variable
predicted η"
ablation_variable_eta,C4,1032,2108,2106,87.75,99.90512333965845,0.5831913354649746,7.039707822564984,0.0537972681197721,14.058956916099774,0.959808038392318,85.94104308390023,0.3309292420403068,0.0,0,14890.0,28.76199999999971,4.632361111111128,30.06547286548953,25.055170770267427,5.010302095222135,83.33536240178962,30.56961470761629,25.055170770267427,0.0,41.75760120206885,2.0,4,0.0,756,50.66137566137567,331,1489,eta,variable_eta,"C4-Variable
predicted η"
ablation_variable_eta,C4,1033,2186,2181,90.875,99.77127172918571,0.5230401105854471,4.626243758502824,0.0231247009324861,12.139917695473246,0.0,87.86008230452676,0.3147888412030696,2.368475785867001e-17,0,14130.0,29.197999999999706,4.760138888888904,28.07601716689489,23.41359285739346,4.662424309501444,83.39356938775845,27.219942180179657,23.41359285739346,0.0,38.99446828735403,2.0,4,1.1842378929335003e-16,646,53.56037151702786,315,1413,eta,variable_eta,"C4-Variable
predicted η"
ablation_variable_eta,C4,1034,2097,2095,87.29166666666667,99.90462565569862,0.4408793251336665,6.33554474619929,0.0241749029714563,10.023310023310028,0.2997601918465209,89.97668997668997,0.3337479573738376,0.0,0,14840.0,28.449999999999683,4.596944444444462,30.15073534541841,25.310651102211143,4.840084243207306,83.94704411763959,29.57713149552263,25.310651102211143,0.0,41.876021313081175,2.0,4,0.0,750,49.6,342,1484,eta,variable_eta,"C4-Variable
predicted η"
ablation_variable_eta,C4,1035,2222,1974,82.25,88.83888388838884,29.4138567455011,449.60829894348063,27.9378988374812,35.15981735159818,19.226457399103136,64.84018264840182,0.261051412601099,162.94505996297963,0,10330.0,28.925999999999785,4.786250000000008,43.821491463604346,33.57367898323885,10.247812480365504,76.61464240924627,19.65111737582736,16.008731291948394,17.564947691290456,60.86318258833939,2.0,4,814.7252998148981,470,50.212765957446805,253,1033,eta,variable_eta,"C4-Variable
predicted η"
ablation_variable_eta,C4,1036,2208,1925,80.20833333333333,87.18297101449275,35.17792929095135,480.2443950448464,33.70385468357618,36.98924731182795,21.45725760183591,63.01075268817205,0.2572520119928619,174.68618394129524,0,10300.0,28.47999999999977,4.7377777777777865,46.58927568256967,33.92174403438832,12.66753164818135,72.81019835017392,19.679786398206296,16.374672600583548,17.547071433804774,64.70732733690234,2.0,4,873.4309197064761,485,49.27835051546392,247,1030,eta,variable_eta,"C4-Variable
predicted η"
ablation_variable_eta,C4,1037,2115,2112,88.0,99.8581560283688,0.3998504082185883,5.558017431469974,0.0116401143231599,9.999999999999998,0.0589970501474912,90.0,0.3276314430780319,0.0,0,15030.0,28.365999999999687,4.613611111111129,30.552680491908497,25.456704063606068,5.095976428302467,83.32068955569369,28.70419211871113,25.456704063606068,0.0,42.43427846098407,2.0,4,0.0,736,52.309782608695656,296,1503,eta,variable_eta,"C4-Variable
predicted η"
ablation_variable_eta,C4,1038,2192,1972,82.16666666666667,89.96350364963503,24.8358552660833,491.3229570215238,23.797912495665077,23.696682464454977,13.276836158192095,76.30331753554502,0.2514954181210933,204.34933556770997,0,11960.0,28.781999999999748,4.738750000000014,50.26164947640639,37.23383930195391,13.0278101744525,74.08001864211013,19.640043246561373,19.6767598633424,17.557079438611506,69.8078464950089,2.0,4,1021.7466778385495,550,49.27272727272727,276,1196,eta,variable_eta,"C4-Variable
predicted η"
ablation_variable_eta,C4,1039,2106,2103,87.625,99.85754985754986,0.5394842832250851,4.42974716797183,0.0275582571634639,16.29072681704261,0.0,83.70927318295739,0.330445359520633,0.0,0,14550.0,28.457999999999696,4.608750000000017,30.4396705725721,25.181414375119918,5.258256197452228,82.72564683341159,28.80871224577146,25.181414375119918,0.0,42.27732023968352,2.0,4,0.0,753,52.589641434262944,288,1455,eta,variable_eta,"C4-Variable
predicted η"
ablation_variable_eta,C4,1040,2148,2147,89.45833333333333,99.95344506517692,0.5885127010752406,6.589538671294092,0.0496100906973955,14.000000000000002,0.6478209658421719,86.0,0.3241829884082725,0.0,0,13670.0,28.795999999999736,4.684722222222235,28.49412417302185,23.69549237280301,4.798631800218853,83.15922338556322,24.969006337497103,23.69549237280301,0.0,39.57517246253038,2.0,4,0.0,653,51.60796324655437,295,1367,eta,variable_eta,"C4-Variable
predicted η"
ablation_variable_eta,C4,1041,2146,2140,89.16666666666667,99.72041006523766,0.3963611242651829,3.5783758812446957,0.009400814558835,7.126436781609192,0.0,92.8735632183908,0.3224393556879962,0.0,0,14560.0,28.67599999999969,4.673888888888905,29.321831952321347,24.27520759357338,5.046624358747976,82.78885041373265,28.247216577181018,24.27520759357338,0.0,40.72476660044633,2.0,4,0.0,691,50.36179450072359,302,1456,eta,variable_eta,"C4-Variable
predicted η"
ablation_variable_eta,C4,1042,2196,2120,88.33333333333333,96.53916211293262,4.624349341230672,347.1543314248081,3.820248982020763,19.128329297820823,6.954570947840722,80.87167070217917,0.2623376617615782,122.22095174240472,0,13320.0,28.869999999999703,4.749861111111122,45.95844176583182,39.11760326341989,6.840838502411962,85.11516439728857,19.672742580359944,21.569013003273824,17.548590260146057,63.831169119210905,2.0,4,611.1047587120236,581,46.47160068846816,305,1332,eta,variable_eta,"C4-Variable
predicted η"
ablation_variable_eta,C4,1043,2134,2130,88.75,99.81255857544518,0.4087340101200393,3.509136097165174,0.0083015036444734,8.056872037914697,0.0,91.9431279620853,0.3245406715577813,0.0,0,14780.0,28.571999999999697,4.651666666666682,29.76535823919868,24.933851996268476,4.83150624293024,83.7680225310795,22.09855605449864,24.933851996268476,0.0,41.34077533222043,2.0,4,0.0,729,50.75445816186557,345,1478,eta,variable_eta,"C4-Variable
predicted η"
ablation_variable_eta,C4,1044,2171,2166,90.25,99.76969138645784,0.4535932302591911,5.193132172643891,0.0165070861509094,12.592592592592588,0.0,87.4074074074074,0.3179520838937492,0.0,0,14710.0,28.95399999999968,4.72444444444446,28.43724979825028,23.76189199451673,4.675357803733566,83.55903669692694,22.39152936325842,23.76189199451673,0.0,39.49618027534765,2.0,4,0.0,665,44.661654135338345,350,1471,eta,variable_eta,"C4-Variable
predicted η"
ablation_variable_eta,C4,1045,2116,2112,88.0,99.8109640831758,0.365159978704644,3.8606667661796874,0.0108636632324123,8.584686774941996,0.0,91.415313225058,0.3268092757001256,0.0,0,15120.0,28.475999999999683,4.622500000000018,30.74866074795477,25.58036675036943,5.168293997585369,83.19180779953447,33.07200516247942,25.58036675036943,0.0,42.70647326104833,2.0,4,0.0,726,51.65289256198346,349,1512,eta,variable_eta,"C4-Variable
predicted η"
ablation_variable_eta,C4,1046,2191,1994,83.08333333333333,91.00867183934275,20.361141136512718,429.9791759450437,19.048964119060606,32.850241545893724,17.16375914462578,67.14975845410628,0.2649763413838587,147.33517117227763,0,10740.0,28.681999999999764,4.730555555555566,45.50851710181084,35.26601146696605,10.242505634844802,77.49321162908815,19.76277839737614,17.727886632963642,17.538124834002403,63.20627375251509,2.0,4,736.6758558613884,514,48.054474708171206,246,1074,eta,variable_eta,"C4-Variable
predicted η"
ablation_variable_eta,C4,1047,2159,2155,89.79166666666667,99.81472904122278,0.540056839338854,5.06705520732697,0.0302413997346962,13.62586605080831,0.0,86.37413394919169,0.3209387219721137,0.0,0,14250.0,28.6219999999997,4.686388888888904,28.56206009003902,23.82699819397306,4.735061896065981,83.42184743978848,23.433497407647994,23.82699819397306,0.0,39.669527902832016,2.0,4,0.0,709,52.04513399153738,349,1425,eta,variable_eta,"C4-Variable
predicted η"
ablation_variable_eta,C4,1048,2178,2172,90.5,99.72451790633608,0.5788896906889284,77.33942861958907,0.0704177786921642,12.745098039215684,0.6214689265536699,87.25490196078431,0.3077355401321412,0.0,0,13680.0,28.90999999999972,4.730138888888901,31.41520555242912,26.23094818300606,5.184257369423085,83.4976175445645,19.693258914174784,22.7156111287148,3.515337054291261,43.63222993392937,2.0,4,0.0,646,47.05882352941176,328,1368,eta,variable_eta,"C4-Variable
predicted η"
ablation_variable_eta,C4,1049,2195,2181,90.875,99.3621867881549,1.04276301775154,234.0142861226064,0.3359487062174759,19.72477064220184,2.6719727117680447,80.27522935779817,0.2791388231131892,42.64783504874314,0,13220.0,28.8299999999997,4.745833333333348,40.01002367925184,32.42074076554788,7.589282913703968,81.03154605819552,19.65341065620866,21.88450793565099,10.536232829896893,55.56947733229425,2.0,4,213.2391752437157,631,49.1283676703645,299,1322,eta,variable_eta,"C4-Variable
predicted η"
ablation_variable_eta,C4,1050,2158,2148,89.5,99.5366079703429,0.4623708602232739,5.054656402997837,0.0177031488640234,10.344827586206897,0.0,89.65517241379311,0.3202142621356392,2.368475785867001e-17,0,14320.0,28.69799999999969,4.69041666666668,28.922865631169863,24.034093939943237,4.888771691226659,83.09720843857859,19.960866183952174,24.034093939943237,0.0,40.17064670995819,2.0,4,1.1842378929335003e-16,686,47.08454810495627,344,1432,eta,variable_eta,"C4-Variable
predicted η"
ablation_variable_eta,C4,1051,2195,1960,81.66666666666667,89.29384965831434,24.757977573314705,446.26190863296216,23.538616801853248,25.336322869955158,14.236706689536884,74.66367713004485,0.2548475518610583,185.1635213355345,0,11840.0,29.097999999999736,4.764444444444457,48.754881330019,37.24073945587005,11.514141874148972,76.38361214293522,19.691705562142936,19.68580155273275,17.554937903137294,67.71511295835975,2.0,4,925.8176066776724,549,53.36976320582878,271,1184,eta,variable_eta,"C4-Variable
predicted η"
ablation_variable_eta,C4,1052,2218,2096,87.33333333333333,94.4995491433724,7.678309247355988,359.07838369059465,6.694550948227188,19.3069306930693,7.93825799338479,80.6930693069307,0.2613078437096742,121.2129619496598,0,12180.0,29.11999999999972,4.794722222222234,44.12917626451726,37.42008762078213,6.709088643735151,84.7967054641587,19.655276357736533,19.876109816545828,17.543977804236302,61.290522589607335,2.0,4,606.064809748299,535,48.598130841121495,284,1218,eta,variable_eta,"C4-Variable
predicted η"
ablation_variable_eta,C4,1053,2165,2163,90.125,99.90762124711316,0.46227221436527,6.112415380774352,0.0175259143947631,8.39328537170264,0.2288329519450793,91.60671462829735,0.3193720278966945,0.0,0,14430.0,28.633999999999705,4.694722222222236,28.52606995718992,23.825123182110204,4.70094677507974,83.5205242708351,23.76565994820661,23.825123182110204,0.0,39.619541607208255,2.0,4,0.0,717,47.55927475592748,319,1443,eta,variable_eta,"C4-Variable
predicted η"
ablation_variable_eta,C4,1054,2101,2099,87.45833333333333,99.90480723465016,0.4492128072557091,5.297109438110662,0.0179789119316144,11.111111111111116,0.0,88.88888888888889,0.3308285843066267,0.0,0,14710.0,27.983999999999675,4.569583333333348,30.80170964961433,25.6306030647303,5.171106584884056,83.2116247971035,30.68886263074494,25.6306030647303,0.0,42.78015229113105,2.0,4,0.0,746,50.134048257372655,300,1471,eta,variable_eta,"C4-Variable
predicted η"
ablation_variable_eta,C4,1055,2142,2137,89.04166666666667,99.76657329598508,0.3942763859607224,4.015896867651342,0.0129194429568404,9.480812641083524,0.0,90.51918735891648,0.3211193809216691,0.0,0,14920.0,28.855999999999675,4.681388888888907,30.197022868199063,25.21378688250353,4.983235985695562,83.49759177437505,24.1198825882348,25.21378688250353,0.0,41.94030953916542,2.0,4,0.0,708,52.118644067796616,344,1492,eta,variable_eta,"C4-Variable
predicted η"
ablation_variable_eta,C4,1056,2079,2073,86.375,99.71139971139972,0.3974382341893774,3.764938011328801,0.0080397338181203,8.374384236453203,0.0,91.6256157635468,0.3362115763208307,0.0,0,14980.0,27.863999999999677,4.533750000000018,31.063832524500903,25.72885496753271,5.3349775569682345,82.82575869297405,36.74590175695509,25.72885496753271,0.0,43.14421183958464,2.0,4,0.0,748,50.13368983957219,337,1498,eta,variable_eta,"C4-Variable
predicted η"
