scenario,scenario_value,strategy,seed,requested_tasks,completed_tasks,throughput,completion_rate,mean_delay,max_delay,idle_ratio,charging_wait,low_soc_stops,traction_energy,aux_energy,wpt_input_energy,battery_delivered_energy,wpt_loss,mean_efficiency,fleet_min_soc,pad_utilization,mean_queue,max_queue,total_charging_time_h,mandatory_charging_energy,opportunity_charging_energy,detour_distance_m,charging_sessions,replication
ablation_efficiency,C4-Fixed,C4-Fixed,1007,1791,1788,74.5,99.83249581239531,0.17047599364648217,2.842302952202408,0.37777048959091375,0.6318858802330667,0,24.2419999999997,3.9222222222222314,38.46720422744794,34.62048380470331,3.846720422744812,90.00000000000044,52.09397034604879,26.71333626906125,1.0,2,12.822401409149302,0.0,34.62048380470331,13750.0,1307,0
ablation_efficiency,C4-Fixed,C4-Fixed,1008,1799,1796,74.83333333333333,99.83324068927182,0.1943509653516795,3.7997388753854464,0.37463841001542886,0.47409669574197555,0,24.299999999999706,3.9362500000000074,37.13199139033231,33.41879225129922,3.7131991390332475,90.0000000000004,54.8190013555047,25.7861051321754,1.0,2,12.37733046344409,0.0,33.41879225129922,13560.0,1295,1
ablation_efficiency,C4-Fixed,C4-Fixed,1009,1807,1802,75.08333333333333,99.72329828444937,0.20341759172410248,3.193828702170625,0.3728033849123056,0.7999698614476679,0,24.385999999999697,3.9522222222222303,39.887415143643075,35.89867362927895,3.9887415143643246,90.00000000000047,51.306040148519195,27.699593849752404,1.0,2,13.295805047881007,0.0,35.89867362927895,13510.0,1283,2
ablation_efficiency,C4-Fixed,C4-Fixed,1010,1863,1860,77.5,99.8389694041868,0.16366985380717397,2.9362342348049424,0.35275474991587774,0.47975547059503787,0,25.119999999999674,4.073194444444452,37.822838046028004,34.040554241425326,3.782283804602816,90.00000000000033,52.80699071106939,26.26585975418626,1.0,2,12.60761268200933,0.0,34.040554241425326,13820.0,1306,3
ablation_efficiency,C4-Fixed,C4-Fixed,1011,1768,1762,73.41666666666667,99.6606334841629,0.14235228870285474,3.3596930738055866,0.38661127670165124,0.682374389275712,0,24.00399999999971,3.8769444444444523,39.90577519723736,35.91519767751382,3.9905775197237574,90.00000000000048,52.21999107255147,27.712343886970636,1.0,2,13.301925065745772,0.0,35.91519767751382,13940.0,1334,4
ablation_efficiency,C4-Fixed,C4-Fixed,1012,1775,1773,73.875,99.88732394366198,0.22833435819402384,2.893471020004169,0.38231903861718886,0.719816306688503,0,23.88199999999973,3.8772222222222292,37.41056615208388,33.66950953687562,3.741056615208405,90.00000000000034,57.1103148088325,25.979559827836212,1.0,2,12.470188717361287,0.0,33.66950953687562,12910.0,1226,5
ablation_efficiency,C4-Fixed,C4-Fixed,1013,1869,1865,77.70833333333333,99.78598180845371,0.2416642418978505,3.835042331197959,0.35078722770643045,0.6251056189158304,0,25.141999999999666,4.082222222222231,38.97805363524448,35.0802482717202,3.8978053635244665,90.00000000000044,52.137948597987496,27.068092802253346,1.0,2,12.992684545081476,0.0,35.0802482717202,13570.0,1280,6
ablation_efficiency,C4-Fixed,C4-Fixed,1014,1806,1803,75.125,99.83388704318938,0.2583204018637103,3.4697216966693305,0.3725254590466977,0.685572003520102,0,24.2239999999997,3.9397222222222292,36.58932296814046,32.93039067132659,3.658932296814064,90.0000000000005,62.51008182519207,25.40925206120887,1.0,2,12.19644098938015,0.0,32.93039067132659,12760.0,1223,7
ablation_efficiency,C4-Fixed,C4-Fixed,1015,1804,1796,74.83333333333333,99.55654101995566,0.20074936452406797,3.5576982248096707,0.3742916459103544,0.7220915988655726,0,24.325999999999706,3.9443055555555624,39.49301036872305,35.54370933185091,3.949301036872321,90.00000000000043,50.87190677155059,27.42570164494684,1.0,2,13.16433678957433,0.0,35.54370933185091,13390.0,1282,8
ablation_efficiency,C4-Fixed,C4-Fixed,1016,1809,1807,75.29166666666667,99.88944168048646,0.14696381224061167,2.2117606087711463,0.37106802223907187,0.7491987071657139,0,24.475999999999697,3.9609722222222303,39.24107827864413,35.316970450779884,3.9241078278644324,90.00000000000043,56.33927411054358,27.250748804614222,1.0,2,13.080359426214699,0.0,35.316970450779884,13840.0,1318,9
ablation_efficiency,C4-Fixed,C4-Fixed,1017,1799,1794,74.75,99.72206781545303,0.1881394424567959,2.675431488051557,0.37562193770119523,0.5584466453242967,0,24.175999999999714,3.927638888888896,36.562762636345504,32.90648637271104,3.656276263634565,90.00000000000024,52.0157058365052,25.390807386351167,1.0,2,12.187587545448492,0.0,32.90648637271104,12940.0,1219,10
ablation_efficiency,C4-Fixed,C4-Fixed,1018,1826,1825,76.04166666666667,99.94523548740416,0.22464154597272962,3.3238235554847657,0.3649342297034917,0.6551821507073888,0,24.563999999999687,3.9883333333333417,37.310315641363125,33.57928407722699,3.731031564136331,90.00000000000047,63.60599449307548,25.909941417613524,1.0,2,12.436771880454366,0.0,33.57928407722699,13260.0,1251,11
ablation_efficiency,C4-Fixed,C4-Fixed,1019,1771,1770,73.75,99.94353472614343,0.1603727203571457,2.614019735228794,0.38329414510511856,0.673764954861454,0,23.959999999999717,3.877638888888897,38.42887520839233,34.58598768755324,3.8428875208392514,90.00000000000038,56.07480362472839,26.68671889471711,1.0,2,12.809625069464095,0.0,34.58598768755324,13540.0,1297,12
ablation_efficiency,C4-Fixed,C4-Fixed,1020,1846,1842,76.75,99.78331527627302,0.24602423210033939,3.568323209274604,0.3586756428341703,0.7169155244179194,0,24.789999999999694,4.029027777777785,40.16433659020109,36.14790293118116,4.016433659020127,90.00000000000044,52.22800557138174,27.891900409862124,1.0,2,13.388112196733688,0.0,36.14790293118116,13190.0,1253,13
ablation_efficiency,C4-Fixed,C4-Fixed,1021,1771,1767,73.625,99.77413890457369,0.17213294319466008,3.3336092276351943,0.38502019461270964,0.7265289954514584,0,23.96399999999971,3.877916666666675,39.0779128106153,35.17012152955397,3.9077912810615496,90.0000000000005,52.382764603892475,27.137439451816437,1.0,2,13.025970936871753,0.0,35.17012152955397,13560.0,1291,14
ablation_efficiency,C4-Fixed,C4-Fixed,1022,1773,1771,73.79166666666667,99.88719684151157,0.1503417384873699,2.8495276169573724,0.38339725395149143,0.5324894221724417,0,24.081999999999706,3.8886111111111203,37.51056468250348,33.75950821425329,3.751056468250365,90.00000000000043,49.64857714050724,26.04900325173871,1.0,2,12.503521560834473,0.0,33.75950821425329,14030.0,1329,15
ablation_efficiency,C4-Fixed,C4-Fixed,1023,1746,1741,72.54166666666667,99.71363115693012,0.21150079606618805,2.6470236111803387,0.39399701655937286,0.6703886892102691,0,23.531999999999737,3.8166666666666744,35.2124519941118,31.69120679470072,3.521245199411194,90.00000000000028,59.96831756623605,24.453091662577723,1.0,2,11.737483998037254,0.0,31.69120679470072,12900.0,1235,16
ablation_efficiency,C4-Fixed,C4-Fixed,1024,1745,1741,72.54166666666667,99.77077363896848,0.18684896505783846,3.471298490918222,0.39432896771695913,0.9844990787965957,0,23.559999999999732,3.817361111111119,37.352319209239084,33.617087288315375,3.7352319209239297,90.00000000000054,57.70780652291075,25.93911056197184,1.0,2,12.450773069746353,0.0,33.617087288315375,13100.0,1248,17
ablation_efficiency,C4-Fixed,C4-Fixed,1025,1801,1796,74.83333333333333,99.7223764575236,0.16639068725896192,2.7892027159324546,0.37497422476594144,0.6439770141112011,0,24.3599999999997,3.942916666666675,38.7602478918173,34.884223102635744,3.8760247891817503,90.00000000000044,54.821570679399926,26.916838813762254,1.0,2,12.920082630605759,0.0,34.884223102635744,13740.0,1314,18
ablation_efficiency,C4-Fixed,C4-Fixed,1026,1859,1853,77.20833333333333,99.677245831092,0.23082995911816495,3.7548808595021,0.35530963032446083,0.650751897411778,0,25.029999999999674,4.061944444444453,40.71583501040655,36.644251509366065,4.071583501040672,90.00000000000041,51.02390271553071,28.27488542389372,1.0,2,13.571945003468826,0.0,36.644251509366065,13610.0,1294,19
ablation_efficiency,C4-Fixed,C4-Fixed,1027,1782,1779,74.125,99.83164983164983,0.19046079234284427,3.1868038692805083,0.38074699727772077,0.7144079808855975,0,24.065999999999715,3.8987500000000077,38.619152691112006,34.75723742200096,3.8619152691112175,90.0000000000004,49.92307914214117,26.818856035494637,1.0,2,12.87305089703732,0.0,34.75723742200096,13410.0,1273,20
ablation_efficiency,C4-Fixed,C4-Fixed,1028,1728,1727,71.95833333333333,99.94212962962963,0.13329540481947422,2.9113322074955854,0.3986978413639496,0.5453345091937645,0,23.525999999999723,3.7937500000000086,36.559977248959925,32.903979524064106,3.655997724896014,90.00000000000048,55.398580523567,25.38887308955572,1.0,2,12.186659082986633,0.0,32.903979524064106,13950.0,1346,21
ablation_efficiency,C4-Fixed,C4-Fixed,1029,1839,1835,76.45833333333333,99.78249048395867,0.23946712426513966,3.1190802571429233,0.3615856163932248,0.7782974348685097,0,24.669999999999693,4.011944444444452,39.132596097003095,35.21933648730294,3.913259609700324,90.0000000000004,51.433118307215786,27.17541395625235,1.0,2,13.044198699001015,0.0,35.21933648730294,13010.0,1236,22
ablation_efficiency,C4-Fixed,C4-Fixed,1030,1774,1768,73.66666666666667,99.66178128523111,0.16155926876079463,2.9270835167403373,0.384766221887076,0.4768732198692925,0,24.03999999999971,3.8869444444444525,37.64597363637327,33.881376272736055,3.7645973636373427,90.0000000000003,50.712835158880395,26.143037247481594,1.0,2,12.548657878791078,0.0,33.881376272736055,13760.0,1317,23
ablation_efficiency,C4-Fixed,C4-Fixed,1031,1732,1731,72.125,99.94226327944573,0.17715975346619067,3.0490070753701124,0.3978848193981915,0.5381342203030081,0,23.407999999999735,3.7905555555555637,35.95039602523848,32.35535642271479,3.5950396025238662,90.00000000000044,55.84562377347775,24.965552795304653,1.0,2,11.98346534174615,0.0,32.35535642271479,13120.0,1273,24
ablation_efficiency,C4-Fixed,C4-Fixed,1032,1859,1857,77.375,99.89241527703066,0.22997572857689288,3.4536625896435,0.3538095868833244,0.5578200988668197,0,25.011999999999674,4.060694444444453,37.37287873850596,33.635590864655484,3.7372878738506112,90.00000000000033,56.98720865499654,25.953388012851498,1.0,2,12.457626246168642,0.0,33.635590864655484,13520.0,1287,25
ablation_efficiency,C4-Fixed,C4-Fixed,1033,1747,1745,72.70833333333333,99.88551803091013,0.18085326155247733,3.4720354338325707,0.3922119336404064,0.5722489507313562,0,23.631999999999728,3.8248611111111197,35.155576294257116,31.64001866483154,3.515557629425729,90.0000000000004,66.61648403539444,24.41359464878982,1.0,2,11.718525431419028,0.0,31.64001866483154,13340.0,1267,26
ablation_efficiency,C4-Fixed,C4-Fixed,1034,1764,1759,73.29166666666667,99.71655328798185,0.1725896287721054,2.6960588582066216,0.38782547722016975,0.5620406037622915,0,23.829999999999714,3.859861111111119,36.67184059588944,33.004656536300665,3.6671840595889624,90.00000000000045,52.284505441815284,25.466555969367832,1.0,2,12.223946865296472,0.0,33.004656536300665,13310.0,1273,27
ablation_efficiency,C4-Fixed,C4-Fixed,1035,1772,1770,73.75,99.88713318284425,0.15318133488363544,2.4644499669273197,0.3840123361702447,0.7224691183538374,0,23.987999999999708,3.880833333333342,37.04319549060966,33.33887594154885,3.7043195490609833,90.00000000000041,59.27226983188964,25.72444131292353,1.0,2,12.347731830203212,0.0,33.33887594154885,13620.0,1308,28
ablation_efficiency,C4-Fixed,C4-Fixed,1036,1764,1762,73.41666666666667,99.88662131519274,0.1972377891514269,4.602421252917702,0.3871181439323427,0.7065059803943261,0,23.91199999999972,3.8655555555555634,38.693737054753676,34.8243633492785,3.869373705475387,90.0000000000005,51.19420521411988,26.870650732468143,1.0,2,12.897912351584539,0.0,34.8243633492785,13720.0,1286,29
ablation_efficiency,C4-Fixed,C4-Fixed,1037,1819,1817,75.70833333333333,99.89004947773502,0.19848639924214517,3.2319409551879894,0.367191662695958,0.8189768537832857,0,24.485999999999695,3.974166666666674,38.70450113248996,34.83405101924112,3.8704501132490123,90.00000000000041,58.84225996616475,26.87812578645154,1.0,2,12.90150037749664,0.0,34.83405101924112,13290.0,1261,30
ablation_efficiency,C4-Fixed,C4-Fixed,1038,1793,1791,74.625,99.88845510317903,0.20329444064060778,3.794904771532917,0.37681206796061034,0.6755435182958544,0,24.187999999999704,3.92097222222223,39.334265891059935,35.400839301954136,3.933426589106013,90.0000000000005,52.912856087794665,27.31546242434743,1.0,2,13.111421963686636,0.0,35.400839301954136,13360.0,1273,31
ablation_efficiency,C4-Fixed,C4-Fixed,1039,1836,1832,76.33333333333333,99.78213507625271,0.2117933729989577,3.6630377766712625,0.36242046487191704,0.6614899920879405,0,24.777999999999686,4.015694444444453,37.418564015569274,33.67670761401249,3.7418564015569435,90.0000000000004,64.3377286368456,25.98511389970104,1.0,2,12.472854671856414,0.0,33.67670761401249,13730.0,1306,32
ablation_efficiency,C4-Fixed,C4-Fixed,1040,1835,1832,76.33333333333333,99.83651226158038,0.17444534732133937,3.3022987061036475,0.3625284608932594,0.515098483159618,0,24.785999999999678,4.015000000000009,37.64479729214665,33.88031756293212,3.764479729214682,90.00000000000036,56.17700204815262,26.142220341768674,1.0,2,12.54826576404888,0.0,33.88031756293212,13830.0,1310,33
ablation_efficiency,C4-Fixed,C4-Fixed,1041,1845,1839,76.625,99.67479674796748,0.21894441392644365,3.0109630025620087,0.3597029627662824,0.628032442856585,0,24.799999999999688,4.02847222222223,37.53531944818901,33.78178750337027,3.7535319448189175,90.00000000000044,61.859154818991925,26.066194061242566,1.0,2,12.511773149396324,0.0,33.78178750337027,13300.0,1267,34
ablation_efficiency,C4-Fixed,C4-Fixed,1042,1749,1743,72.625,99.65694682675816,0.18983671332281077,3.300451252048394,0.3931472335005129,0.660804899284957,0,23.639999999999727,3.827916666666675,37.717909394793566,33.946118455314384,3.7717909394793754,90.00000000000047,55.479355621675495,26.192992635273495,1.0,2,12.572636464931177,0.0,33.946118455314384,13260.0,1275,35
ablation_efficiency,C4-Fixed,C4-Fixed,1043,1795,1794,74.75,99.94428969359332,0.19280152773390338,3.6937312752801517,0.3745192019078606,0.6842100428199226,0,24.245999999999704,3.9275000000000078,39.54382066491799,35.589438598426355,3.9543820664918155,90.00000000000043,52.852180811221025,27.460986572859902,1.0,2,13.181273554972643,0.0,35.589438598426355,13530.0,1288,36
ablation_efficiency,C4-Fixed,C4-Fixed,1044,1826,1817,75.70833333333333,99.50711938663746,0.2053906647673667,3.2817243224082633,0.36708169791921397,0.5915802039316278,0,24.62999999999969,3.992916666666675,38.31208620510921,34.48087758459846,3.8312086205109392,90.00000000000044,50.328336721628276,26.605615420214924,1.0,2,12.770695401703062,0.0,34.48087758459846,13590.0,1281,37
ablation_efficiency,C4-Fixed,C4-Fixed,1045,1870,1867,77.79166666666667,99.83957219251337,0.2312153717648199,4.058021027472205,0.34959263545514574,0.6244185929267164,0,25.131999999999675,4.082777777777786,38.178375906223806,34.36053831560154,3.817837590622396,90.00000000000028,59.028697989535,26.512761045988896,1.0,2,12.726125302074594,0.0,34.36053831560154,13460.0,1269,38
ablation_efficiency,C4-Fixed,C4-Fixed,1046,1780,1780,74.16666666666667,100.0,0.17212643200505856,1.923523405597492,0.38052888793815365,0.7057788907176488,0,23.985999999999724,3.890694444444452,38.10961304088747,34.29865173679888,3.810961304088763,90.00000000000043,52.386205714899205,26.46500905617206,1.0,2,12.703204346962476,0.0,34.29865173679888,13130.0,1252,39
ablation_efficiency,C4-Fixed,C4-Fixed,1047,1846,1845,76.875,99.94582881906825,0.19753292759474547,2.4881926449156406,0.35725940354112984,0.751342848184641,0,24.81199999999968,4.030555555555564,38.55761555003503,34.70185399503169,3.855761555003522,90.00000000000043,59.83376944487039,26.77612190974679,1.0,2,12.852538516678338,0.0,34.70185399503169,13300.0,1268,40
ablation_efficiency,C4-Fixed,C4-Fixed,1048,1746,1745,72.70833333333333,99.94272623138602,0.16644204627964496,2.369796148055684,0.3926535027819775,0.5498484186101605,0,23.633999999999727,3.823750000000009,36.952883839679956,33.25759545571212,3.695288383968014,90.00000000000044,53.511081845808384,25.661724888666832,1.0,2,12.317627946559977,0.0,33.25759545571212,13410.0,1278,41
ablation_efficiency,C4-Fixed,C4-Fixed,1049,1811,1804,75.16666666666667,99.6134732192159,0.20068740855633535,3.159435169076581,0.3721123433335113,0.7453664871486494,0,24.325999999999702,3.953055555555564,37.76433797721692,33.98790417949538,3.7764337977217104,90.00000000000041,57.344446522761096,26.22523470640084,1.0,2,12.588112659072298,0.0,33.98790417949538,12970.0,1227,42
ablation_efficiency,C4-Fixed,C4-Fixed,1050,1744,1740,72.5,99.77064220183486,0.1646537923820044,2.9616291899505693,0.39458766593151,0.8366526825700877,0,23.65599999999972,3.8227777777777865,37.944566202456485,34.150109582211044,3.7944566202456693,90.00000000000054,52.0318381624043,26.350393196150577,1.0,2,12.648188734152148,0.0,34.150109582211044,13640.0,1308,43
ablation_efficiency,C4-Fixed,C4-Fixed,1051,1843,1838,76.58333333333333,99.72870320130222,0.30814745563769613,4.29469810395464,0.3604430981268102,0.8003292691501006,0,24.701999999999686,4.019166666666675,39.386377173189004,35.447739455870284,3.938637717318917,90.00000000000045,55.620408506950724,27.35165081471483,1.0,2,13.128792391062982,0.0,35.447739455870284,12930.0,1232,44
ablation_efficiency,C4-Fixed,C4-Fixed,1052,1823,1817,75.70833333333333,99.67087218869995,0.2098779713691175,4.279195611476583,0.3673952852109611,0.6101407403749955,0,24.557999999999698,3.984166666666674,37.68035933973904,33.91232340576528,3.768035933973919,90.00000000000037,57.910712213729866,26.16691620815228,1.0,2,12.560119779913004,0.0,33.91232340576528,13410.0,1277,45
ablation_efficiency,C4-Fixed,C4-Fixed,1053,1848,1845,76.875,99.83766233766234,0.23318426796094716,4.172325098303069,0.357868747228024,0.649407136723163,0,24.85799999999968,4.036250000000008,38.27305627915496,34.44575065123962,3.827305627915515,90.00000000000041,54.109923001516194,26.5785113049689,1.0,2,12.757685426384976,0.0,34.44575065123962,13410.0,1285,46
ablation_efficiency,C4-Fixed,C4-Fixed,1054,1843,1839,76.625,99.78296256104177,0.29495614388301683,4.181002198002776,0.3602520524132012,0.6919386271744549,0,24.71999999999969,4.020416666666674,38.864051883394154,34.9776466950549,3.8864051883394306,90.00000000000041,50.26106011640582,26.988924919023937,1.0,2,12.954683961131371,0.0,34.9776466950549,13020.0,1245,47
ablation_efficiency,C4-Fixed,C4-Fixed,1055,1794,1793,74.70833333333333,99.94425863991081,0.163594920820823,2.6577727954542447,0.374273986851689,0.697145373305961,0,24.291999999999703,3.9294444444444525,39.25081750691894,35.325735756227225,3.925081750691912,90.00000000000044,49.977901932816906,27.257512157582852,1.0,2,13.083605835639636,0.0,35.325735756227225,13820.0,1318,48
ablation_efficiency,C4-Fixed,C4-Fixed,1056,1819,1817,75.70833333333333,99.89004947773502,0.20119439216521398,3.058051106199249,0.36750156323636457,0.5913167822408362,0,24.499999999999694,3.975138888888897,37.9132930674003,34.12196376066043,3.7913293067400473,90.00000000000041,53.63574439153101,26.328675741250372,1.0,2,12.637764355800092,0.0,34.12196376066043,13360.0,1279,49
ablation_efficiency,C4-Variable,C4-Variable,1007,1791,1788,74.5,99.83249581239531,0.17028340607612494,2.842302952202408,0.37779975686772277,0.6313742461651608,0,24.125999999999713,3.9141666666666746,39.64491907074441,34.496428249147726,5.148490821596747,87.01349140753837,52.09397034604879,27.53119379912813,1.0,2,13.214973023581456,0.0,34.496428249147726,13170.0,1252,0
ablation_efficiency,C4-Variable,C4-Variable,1008,1799,1796,74.83333333333333,99.83324068927182,0.19421598817006544,3.7997388753854464,0.3746721355640016,0.48584103516181115,0,24.19399999999972,3.9288888888888955,38.44392138519484,33.3054311401881,5.138490245006803,86.63380305687123,54.525900420863024,26.6971676286076,1.0,2,12.814640461731596,0.0,33.3054311401881,13030.0,1245,1
ablation_efficiency,C4-Variable,C4-Variable,1009,1807,1802,75.08333333333333,99.72329828444937,0.20329972707014157,3.193828702170625,0.3728329656664316,0.7856615091959579,0,24.27199999999971,3.944305555555563,41.42257576730069,35.77675696261227,5.645818804688518,86.37018896071336,51.231760680961514,28.76567761618114,1.0,2,13.807525255766878,0.0,35.77675696261227,12940.0,1228,2
ablation_efficiency,C4-Variable,C4-Variable,1010,1863,1860,77.5,99.8389694041868,0.163432464666281,2.9362342348049424,0.3528004588879933,0.5090447507581204,0,25.021999999999682,4.066388888888896,39.07309146099356,33.93574868586975,5.137342775123864,86.85196747164889,52.80699071106939,27.1340912923567,1.0,2,13.024363820331178,0.0,33.93574868586975,13330.0,1263,3
ablation_efficiency,C4-Variable,C4-Variable,1011,1768,1762,73.41666666666667,99.6606334841629,0.14220478607695924,3.3596930738055866,0.38663325758269573,0.6925343182846582,0,23.91199999999972,3.870555555555563,41.36522625440074,35.78850290108565,5.576723353315192,86.51832986717486,52.18200136182135,28.725851565556148,1.0,2,13.7884087514669,0.0,35.78850290108565,13480.0,1292,4
ablation_efficiency,C4-Variable,C4-Variable,1012,1775,1773,73.875,99.88732394366198,0.22822494011198924,2.893471020004169,0.38234601321380157,0.7621928551136953,0,23.77599999999974,3.8698611111111174,38.65190894196462,33.542065092431166,5.109843849533509,86.77984092013197,57.1103148088325,26.841603431919946,1.0,2,12.883969647321528,0.0,33.542065092431166,12380.0,1176,5
ablation_efficiency,C4-Variable,C4-Variable,1013,1869,1865,77.70833333333333,99.78598180845371,0.24124831739227112,3.835042331197959,0.350827997639125,0.6772648039573042,0,25.049999999999674,4.075833333333342,40.57353635004822,34.98170304360982,5.59183330643849,86.21802827785369,51.605985216916395,28.17606690975582,1.0,2,13.524512116682729,0.0,34.98170304360982,13110.0,1236,6
ablation_efficiency,C4-Variable,C4-Variable,1014,1806,1803,75.125,99.83388704318938,0.2583175884563376,3.4697216966693305,0.372526164743047,0.6806624851669337,0,24.11599999999972,3.932222222222228,37.787263631094426,32.81489067132657,4.9723729597679505,86.84114042151447,62.51174900721196,26.241155299371222,1.0,2,12.59575454369814,0.0,32.81489067132657,12220.0,1170,7
ablation_efficiency,C4-Variable,C4-Variable,1015,1804,1796,74.83333333333333,99.55654101995566,0.20061151376946904,3.5576982248096707,0.3743249696639691,0.7903394682469467,0,24.22399999999972,3.937222222222228,41.19899239288762,35.43462599851755,5.764366394370155,86.00847724769793,50.87190677155059,28.61041138394984,1.0,2,13.732997464295856,0.0,35.43462599851755,12880.0,1234,8
ablation_efficiency,C4-Variable,C4-Variable,1016,1809,1807,75.29166666666667,99.88944168048646,0.14663276855100224,2.2117606087711463,0.3711368122254011,0.7803198813439557,0,24.34399999999971,3.9518055555555627,40.51238195227259,35.17794267300209,5.334439279270579,86.83257063098641,56.20532978568039,28.133598577967145,1.0,2,13.50412731742418,0.0,35.17794267300209,13180.0,1259,9
ablation_efficiency,C4-Variable,C4-Variable,1017,1799,1794,74.75,99.72206781545303,0.18781875367502807,2.675431488051557,0.37570206535652867,0.5505949483011705,0,24.07199999999973,3.9204166666666724,37.68280523232534,32.79511481486715,4.8876904174582485,87.02938810599642,52.0157058365052,26.168614744670414,1.0,2,12.560935077441776,0.0,32.79511481486715,12420.0,1174,10
ablation_efficiency,C4-Variable,C4-Variable,1018,1826,1825,76.04166666666667,99.94523548740416,0.22438545996265954,3.3238235554847657,0.3649843925939281,0.6591976521657303,0,24.4539999999997,3.980694444444452,38.31724772893424,33.46174578183722,4.855501947097122,87.32815576565925,63.60599449307548,26.609199811759964,1.0,2,12.77241590964474,0.0,33.46174578183722,12710.0,1202,11
ablation_efficiency,C4-Variable,C4-Variable,1019,1771,1770,73.75,99.94353472614343,0.15997124656400008,2.614019735228794,0.38337471788404826,0.6788842759495649,0,23.83599999999973,3.8690277777777844,39.465613711517186,34.45337657644211,5.012237135075154,87.29973598861744,56.07480362472839,27.406676188553668,1.0,2,13.155204570505719,0.0,34.45337657644211,12920.0,1240,12
ablation_efficiency,C4-Variable,C4-Variable,1020,1846,1842,76.75,99.78331527627302,0.24583519619241562,3.568323209274604,0.35872410954056305,0.7538532561588103,0,24.685999999999698,4.021805555555562,41.911519991261564,36.009269909667324,5.902250081594351,85.91735617599923,52.22800557138174,29.10522221615397,1.0,2,13.970506663753842,0.0,36.009269909667324,12670.0,1205,13
ablation_efficiency,C4-Variable,C4-Variable,1021,1771,1767,73.625,99.77413890457369,0.17195827128879373,3.3336092276351943,0.38506315904955535,0.7228384578645547,0,23.853999999999722,3.8702777777777855,40.465881640416896,35.052482640665055,5.413398999751927,86.62231297008243,52.382764603892475,28.101306694734046,1.0,2,13.48862721347228,0.0,35.052482640665055,13010.0,1238,14
ablation_efficiency,C4-Variable,C4-Variable,1022,1773,1771,73.79166666666667,99.88719684151157,0.15016199152642615,2.8495276169573724,0.38341505139294735,0.5775271459781277,0,23.987999999999715,3.8820833333333415,38.778035910604686,33.65126857086528,5.126767339739484,86.77919801931642,49.64857714050724,26.929191604586645,1.0,2,12.926011970201548,0.0,33.65126857086528,13560.0,1284,15
ablation_efficiency,C4-Variable,C4-Variable,1023,1746,1741,72.54166666666667,99.71363115693012,0.21133387412424953,2.6470236111803387,0.39403749513029296,0.7728173438214597,0,23.387999999999753,3.806666666666673,36.29915728484422,31.537206794700708,4.761950490143554,86.8813745377727,59.96831756623605,25.20774811447517,1.0,2,12.099719094948062,0.0,31.537206794700708,12180.0,1167,16
ablation_efficiency,C4-Variable,C4-Variable,1024,1745,1741,72.54166666666667,99.77077363896848,0.18656436349402425,3.471298490918222,0.3943897510322362,0.9747215427075181,0,23.453999999999745,3.8100000000000067,39.074979538664955,33.50372617720424,5.571253361460797,85.74214643939118,57.70780652291075,27.13540245740631,1.0,2,13.024993179554972,0.0,33.50372617720424,12570.0,1199,17
ablation_efficiency,C4-Variable,C4-Variable,1025,1801,1796,74.83333333333333,99.7223764575236,0.1663697995574817,2.7892027159324546,0.37497944959238116,0.672021459334408,0,24.257999999999704,3.935833333333341,40.104507299293275,34.74601737244815,5.358489926845234,86.63868405898718,54.821570679399926,27.850352291175984,1.0,2,13.368169099764415,0.0,34.74601737244815,13230.0,1264,18
ablation_efficiency,C4-Variable,C4-Variable,1026,1859,1853,77.20833333333333,99.677245831092,0.23067765928788175,3.7548808595021,0.3553458282352442,0.7251173101163136,0,24.939999999999685,4.055694444444453,42.559342253564324,36.54800150936605,6.011340744198372,85.87539086392995,51.02390271553071,29.555098787197565,1.0,2,14.186447417854753,0.0,36.54800150936605,13160.0,1253,19
ablation_efficiency,C4-Variable,C4-Variable,1027,1782,1779,74.125,99.83164983164983,0.1901043285151118,3.1868038692805083,0.3808181127863144,0.7597716560771699,0,23.945999999999724,3.890416666666674,40.54944387137523,34.62890408866762,5.92053978270769,85.39920842937366,49.92585504963262,28.15933602178844,1.0,2,13.516481290458392,0.0,34.62890408866762,12810.0,1220,20
ablation_efficiency,C4-Variable,C4-Variable,1028,1728,1727,71.95833333333333,99.94212962962963,0.1331995141846906,2.9113322074955854,0.3987208551162976,0.5660846391347195,0,23.41999999999974,3.7863888888888972,37.88059203407449,32.79061841295299,5.089973621121597,86.56310963529042,55.398580523567,26.30596669032957,1.0,2,12.626864011358151,0.0,32.79061841295299,13420.0,1295,21
ablation_efficiency,C4-Variable,C4-Variable,1029,1839,1835,76.45833333333333,99.78249048395867,0.23935983869085886,3.1190802571429233,0.36161301891698894,0.7926219415218365,0,24.547999999999703,4.0034722222222285,40.60831619107378,35.08886426508069,5.519451925993171,86.40807488785673,51.433118307215786,28.20021957713465,1.0,2,13.536105397024583,0.0,35.08886426508069,12400.0,1176,22
ablation_efficiency,C4-Variable,C4-Variable,1030,1774,1768,73.66666666666667,99.66178128523111,0.16153345377424566,2.9270835167403373,0.38477258241292844,0.5057595920081299,0,23.929999999999723,3.879305555555563,38.899398344214426,33.76373738384716,5.135660960367324,86.79758253605199,50.712835158880395,27.013471072371182,1.0,2,12.966466114738125,0.0,33.76373738384716,13210.0,1263,23
ablation_efficiency,C4-Variable,C4-Variable,1031,1732,1731,72.125,99.94226327944573,0.17688433857384536,3.0490070753701124,0.3979299532171102,0.5415140724951718,0,23.307999999999744,3.783611111111118,37.37486241338923,32.24841197827033,5.126450435118972,86.28369416208905,55.84562377347775,25.954765564853695,1.0,2,12.45828747112973,0.0,32.24841197827033,12620.0,1227,24
ablation_efficiency,C4-Variable,C4-Variable,1032,1859,1857,77.375,99.89241527703066,0.2296068894508763,3.4536625896435,0.35384755363509257,0.5917244667202464,0,24.877999999999687,4.051388888888895,38.57430777554785,33.42739853501433,5.146909240533577,86.6571572185253,56.9514677096982,26.78771373301938,1.0,2,12.858102591849272,0.0,33.42739853501433,12850.0,1223,25
ablation_efficiency,C4-Variable,C4-Variable,1033,1747,1745,72.70833333333333,99.88551803091013,0.18069431338302905,3.4720354338325707,0.39225050064763234,0.6146628064141239,0,23.52599999999974,3.817500000000008,36.55217795296141,31.52665755372042,5.025520399241042,86.2511054588641,66.61648403539444,25.3834569117788,1.0,2,12.184059317653793,0.0,31.52665755372042,12810.0,1217,26
ablation_efficiency,C4-Variable,C4-Variable,1034,1764,1759,73.29166666666667,99.71655328798185,0.17233204846725916,2.6960588582066216,0.3878710081669473,0.575726196121243,0,23.703999999999727,3.8511111111111185,37.85892486418059,32.86993982759635,4.988985036584332,86.82216926528608,52.284505441815284,26.290920044569916,1.0,2,12.619641621393521,0.0,32.86993982759635,12680.0,1215,27
ablation_efficiency,C4-Variable,C4-Variable,1035,1772,1770,73.75,99.88713318284425,0.15302061963026473,2.4644499669273197,0.3840505062799149,0.7604264454356354,0,23.877999999999716,3.873194444444452,38.14343210264371,33.22233747229298,4.921094630350793,87.09844825418935,59.27226983188964,26.48849451572484,1.0,2,12.714477367547891,0.0,33.22233747229298,13070.0,1256,28
ablation_efficiency,C4-Variable,C4-Variable,1036,1764,1762,73.41666666666667,99.88662131519274,0.19689951103033831,4.602421252917702,0.3871695877782034,0.7758958403014267,0,23.78399999999973,3.8566666666666736,40.38763349157852,34.658602623179476,5.729030868399162,85.81488843709141,51.19420521411988,28.046967702485205,1.0,2,13.462544497192827,0.0,34.658602623179476,13080.0,1227,29
ablation_efficiency,C4-Variable,C4-Variable,1037,1819,1817,75.70833333333333,99.89004947773502,0.19836829514748858,3.2319409551879894,0.3672078161562145,0.8361789499376279,0,24.36999999999971,3.9661111111111182,40.06616684860336,34.71014188918997,5.356024959413476,86.63205047876924,58.448420735766994,27.82372697819685,1.0,2,13.35538894953444,0.0,34.71014188918997,12710.0,1205,30
ablation_efficiency,C4-Variable,C4-Variable,1038,1793,1791,74.625,99.88845510317903,0.2031202860692277,3.794904771532917,0.376841286914755,0.7121910470206959,0,24.085999999999718,3.9138888888888963,40.545279417199325,35.24263288625108,5.302646530948346,86.92166731326346,52.912856087794665,28.15644403972183,1.0,2,13.51509313906643,0.0,35.24263288625108,12850.0,1224,31
ablation_efficiency,C4-Variable,C4-Variable,1039,1836,1832,76.33333333333333,99.78213507625271,0.2117516866826082,3.6630377766712625,0.3624310948825862,0.6050769227598117,0,24.659999999999695,4.007500000000007,38.59993608512178,33.5364298362347,5.063506248887142,86.88208644252447,64.34123778726236,26.805511170223507,1.0,2,12.866645361707251,0.0,33.5364298362347,13140.0,1249,32
ablation_efficiency,C4-Variable,C4-Variable,1040,1835,1832,76.33333333333333,99.83651226158038,0.1740296179693184,3.3022987061036475,0.3626034106042602,0.5862496351813381,0,24.66999999999969,4.006944444444452,38.846454102041136,33.75626200737655,5.090192094664659,86.8966364824605,56.17700204815262,26.976704237528633,1.0,2,12.948818034013707,0.0,33.75626200737655,13250.0,1257,33
ablation_efficiency,C4-Variable,C4-Variable,1041,1845,1839,76.625,99.67479674796748,0.2188613913290006,3.0109630025620087,0.35972811572952956,0.6488972191410834,0,24.701999999999696,4.021666666666674,39.29916854068466,33.66241480335777,5.636753737326969,85.65681171729776,61.95053070584377,27.29108926436443,1.0,2,13.099722846894874,0.0,33.66241480335777,12810.0,1221,34
ablation_efficiency,C4-Variable,C4-Variable,1042,1749,1743,72.625,99.65694682675816,0.18974002157946318,3.300451252048394,0.3931928957397074,0.6893109948031727,0,23.52199999999974,3.819722222222229,39.17990878393666,33.76786948100775,5.412039302929006,86.18669754242055,55.48313488828738,27.208269988844958,1.0,2,13.059969594645542,0.0,33.76786948100775,12670.0,1218,35
ablation_efficiency,C4-Variable,C4-Variable,1043,1795,1794,74.75,99.94428969359332,0.19258447571535978,3.6937312752801517,0.3745551073342149,0.7517347834584698,0,24.143999999999714,3.9204166666666733,41.18768225871547,35.480355265093,5.707326993622562,86.14312172806282,52.824539054447015,28.602557124108046,1.0,2,13.729227419571808,0.0,35.480355265093,13020.0,1240,36
ablation_efficiency,C4-Variable,C4-Variable,1044,1826,1817,75.70833333333333,99.50711938663746,0.2050043884958456,3.2817243224082633,0.36714184913869946,0.5935884859652776,0,24.519999999999698,3.985277777777785,40.026676802854944,34.365481429700914,5.66119537315411,85.8564441883663,50.328336721628276,27.79630333531602,1.0,2,13.34222560095163,0.0,34.365481429700914,13040.0,1234,37
ablation_efficiency,C4-Variable,C4-Variable,1045,1870,1867,77.79166666666667,99.83957219251337,0.2307701820337368,4.058021027472205,0.3496769591272767,0.6329208275637611,0,25.02999999999968,4.075694444444452,39.23903157766276,34.25145498226819,4.98757659539462,87.28924645980867,59.028697989535,27.24932748448805,1.0,2,13.07967719255424,0.0,34.25145498226819,12950.0,1225,38
ablation_efficiency,C4-Variable,C4-Variable,1046,1780,1780,74.16666666666667,100.0,0.17198017496670764,1.923523405597492,0.38056504592819046,0.7140324326250443,0,23.895999999999727,3.884444444444451,39.44458375621201,34.19950807528339,5.245075680928721,86.70267199840184,52.30618981247363,27.392072052925098,1.0,2,13.148194585403997,0.0,34.19950807528339,12680.0,1209,39
ablation_efficiency,C4-Variable,C4-Variable,1047,1846,1845,76.875,99.94582881906825,0.1972118217010389,2.4881926449156406,0.35729114761296665,0.7769425116115962,0,24.707999999999693,4.0233333333333405,39.741531473441476,34.586267570057004,5.155263903384563,87.02801902128598,59.83376944487039,27.598285745445573,1.0,2,13.24717715781382,0.0,34.586267570057004,12780.0,1218,40
ablation_efficiency,C4-Variable,C4-Variable,1048,1746,1745,72.70833333333333,99.94272623138602,0.16628970305675086,2.369796148055684,0.39268588227433854,0.6053718277399655,0,23.52199999999974,3.81597222222223,38.32666851016566,33.13781767793433,5.188850832231415,86.46151352587545,53.511081845808384,26.615742020948474,1.0,2,12.775556170055212,0.0,33.13781767793433,12850.0,1226,41
ablation_efficiency,C4-Variable,C4-Variable,1049,1811,1804,75.16666666666667,99.6134732192159,0.2005230398452487,3.159435169076581,0.37215030032896507,0.7912392025496033,0,24.205999999999715,3.9447222222222296,38.98009687492351,33.859570846162036,5.120526028761567,86.86374216772256,57.28456749292528,27.069511718696948,1.0,2,12.9933656249745,0.0,33.859570846162036,12370.0,1172,42
ablation_efficiency,C4-Variable,C4-Variable,1050,1744,1740,72.5,99.77064220183486,0.16436370543086332,2.9616291899505693,0.39465793143745304,0.8666805191260869,0,23.53599999999973,3.814444444444452,39.06474077496985,34.02177624887769,5.042964526092253,87.09075133726893,51.98240666851509,27.128292204840253,1.0,2,13.021580258323265,0.0,34.02177624887769,13040.0,1252,43
ablation_efficiency,C4-Variable,C4-Variable,1051,1843,1838,76.58333333333333,99.72870320130222,0.3078006323203755,4.29469810395464,0.3604836270883716,0.8152083426688358,0,24.569999999999702,4.010000000000008,40.92696135339721,35.306572789203585,5.620388564193723,86.26727130885055,55.620408506950724,28.421500939859257,1.0,2,13.642320451132392,0.0,35.306572789203585,12270.0,1170,44
ablation_efficiency,C4-Variable,C4-Variable,1052,1823,1817,75.70833333333333,99.67087218869995,0.2095917546133882,4.279195611476583,0.3674677537034186,0.6648134159051831,0,24.453999999999706,3.976944444444451,39.43028703022327,33.775779500654046,5.654507529569292,85.65948169427463,57.87790035570741,27.382143770988442,1.0,2,13.143429010074414,0.0,33.775779500654046,12890.0,1231,45
ablation_efficiency,C4-Variable,C4-Variable,1053,1848,1845,76.875,99.83766233766234,0.23275298227932215,4.172325098303069,0.3579498497182346,0.717827464920147,0,24.749999999999694,4.028750000000008,39.46756529219257,34.33025065123961,5.1373146409530595,86.98345184730913,54.109923001516194,27.408031452911597,1.0,2,13.155855097397515,0.0,34.33025065123961,12870.0,1238,46
ablation_efficiency,C4-Variable,C4-Variable,1054,1843,1839,76.625,99.78296256104177,0.29469604347165673,4.181002198002776,0.3603186308934979,0.6879667822271316,0,24.6099999999997,4.012777777777784,40.682321113104244,34.85966370487149,5.822657408232857,85.68749951104138,50.20464043513181,28.251611884100264,1.0,2,13.56077370436807,0.0,34.85966370487149,12470.0,1195,47
ablation_efficiency,C4-Variable,C4-Variable,1055,1794,1793,74.70833333333333,99.94425863991081,0.16345034678129247,2.6577727954542447,0.37429459661367714,0.736544857154971,0,24.17399999999971,3.9212500000000072,40.7467117394141,35.19954131178277,5.547170427631433,86.38621328978165,49.977901932816906,28.29632759681544,1.0,2,13.582237246471356,0.0,35.19954131178277,13230.0,1261,48
ablation_efficiency,C4-Variable,C4-Variable,1056,1819,1817,75.70833333333333,99.89004947773502,0.20076284075696976,3.058051106199249,0.3675433599284129,0.5853285288942249,0,24.37199999999971,3.9662500000000067,39.667459010917774,33.98495951953909,5.682499491378774,85.67465717979395,53.63574439153101,27.546846535359652,1.0,2,13.222486336972583,0.0,33.98495951953909,12720.0,1218,49
