scenario,scenario_value,metric,comparison,mean_diff,ci95_low,ci95_high,n
A_agv,10,throughput,C4-C1,0.05999999999999858,0.04522154044144916,0.074778459558548,50
A_agv,10,throughput,C4-C2,0.0,0.0,0.0,50
A_agv,10,throughput,C4-C3,0.0,0.0,0.0,50
A_agv,10,mean_delay,C4-C1,-0.419551734457608,-0.4577825829018644,-0.3813208860133516,50
A_agv,10,mean_delay,C4-C2,-1.3092587526701233e-05,-2.0492781166302e-05,-5.692393887100464e-06,50
A_agv,10,mean_delay,C4-C3,3.86588937189449e-05,2.5435706339375278e-05,5.188208109851452e-05,50
A_agv,10,completion_rate,C4-C1,0.0795208921990681,0.06012572509474185,0.09891605930339437,50
A_agv,10,completion_rate,C4-C2,0.0,0.0,0.0,50
A_agv,10,completion_rate,C4-C3,0.0,0.0,0.0,50
A_agv,10,low_soc_stops,C4-C1,0.0,0.0,0.0,50
A_agv,10,low_soc_stops,C4-C2,0.0,0.0,0.0,50
A_agv,10,low_soc_stops,C4-C3,0.0,0.0,0.0,50
A_agv,3,throughput,C4-C1,0.291666666666667,0.035059786839661655,0.5482735464936723,50
A_agv,3,throughput,C4-C2,0.5391666666666671,0.27047236530810725,0.807860968025227,50
A_agv,3,throughput,C4-C3,0.5391666666666671,0.27047236530810725,0.807860968025227,50
A_agv,3,mean_delay,C4-C1,-6.266101399476413,-9.661873795923762,-2.8703290030290627,50
A_agv,3,mean_delay,C4-C2,-0.17648390327607102,-3.1842140587987733,2.8312462522466313,50
A_agv,3,mean_delay,C4-C3,-0.17648390327607102,-3.1842140587987733,2.8312462522466313,50
A_agv,3,completion_rate,C4-C1,0.3865926257539647,0.043937935992727994,0.7292473155152014,50
A_agv,3,completion_rate,C4-C2,0.7194399846829731,0.3592677460218332,1.079612223344113,50
A_agv,3,completion_rate,C4-C3,0.7194399846829731,0.3592677460218332,1.079612223344113,50
A_agv,3,low_soc_stops,C4-C1,0.0,0.0,0.0,50
A_agv,3,low_soc_stops,C4-C2,0.0,0.0,0.0,50
A_agv,3,low_soc_stops,C4-C3,0.0,0.0,0.0,50
A_agv,5,throughput,C4-C1,0.024999999999999148,0.00986944076475822,0.040130559235240074,50
A_agv,5,throughput,C4-C2,0.0,0.0,0.0,50
A_agv,5,throughput,C4-C3,0.0,0.0,0.0,50
A_agv,5,mean_delay,C4-C1,-2.2061269004633117,-2.6586610193098243,-1.7535927816167989,50
A_agv,5,mean_delay,C4-C2,-0.00022999636792568666,-0.0002650591099820426,-0.00019493362586933073,50
A_agv,5,mean_delay,C4-C3,0.0018515681236943638,0.0017311909845155926,0.0019719452628731353,50
A_agv,5,completion_rate,C4-C1,0.0329033447762086,0.013013514559744557,0.05279317499267264,50
A_agv,5,completion_rate,C4-C2,0.0,0.0,0.0,50
A_agv,5,completion_rate,C4-C3,0.0,0.0,0.0,50
A_agv,5,low_soc_stops,C4-C1,0.0,0.0,0.0,50
A_agv,5,low_soc_stops,C4-C2,0.0,0.0,0.0,50
A_agv,5,low_soc_stops,C4-C3,0.0,0.0,0.0,50
A_agv,7,throughput,C4-C1,0.0,0.0,0.0,50
A_agv,7,throughput,C4-C2,0.0,0.0,0.0,50
A_agv,7,throughput,C4-C3,0.0,0.0,0.0,50
A_agv,7,mean_delay,C4-C1,-0.590736706722058,-0.7983866790029543,-0.3830867344411617,50
A_agv,7,mean_delay,C4-C2,-6.964661253721042e-05,-9.064840612798448e-05,-4.864481894643637e-05,50
A_agv,7,mean_delay,C4-C3,0.0006179040260870447,0.000559825165236208,0.0006759828869378814,50
A_agv,7,completion_rate,C4-C1,0.0,0.0,0.0,50
A_agv,7,completion_rate,C4-C2,0.0,0.0,0.0,50
A_agv,7,completion_rate,C4-C3,0.0,0.0,0.0,50
A_agv,7,low_soc_stops,C4-C1,0.0,0.0,0.0,50
A_agv,7,low_soc_stops,C4-C2,0.0,0.0,0.0,50
A_agv,7,low_soc_stops,C4-C3,0.0,0.0,0.0,50
B_pad,1,throughput,C4-C1,0.046666666666666856,0.03258630124101784,0.06074703209231587,50
B_pad,1,throughput,C4-C2,0.0,0.0,0.0,50
B_pad,1,throughput,C4-C3,0.0,0.0,0.0,50
B_pad,1,mean_delay,C4-C1,-8.899518337797707,-10.91504902978187,-6.883987645813544,50
B_pad,1,mean_delay,C4-C2,-0.0005739829258029889,-0.0006760501550452611,-0.0004719156965607166,50
B_pad,1,mean_delay,C4-C3,0.0014335866476819015,0.00116250041648404,0.001704672878879763,50
B_pad,1,completion_rate,C4-C1,0.06185276666852047,0.043338575427793055,0.08036695790924789,50
B_pad,1,completion_rate,C4-C2,0.0,0.0,0.0,50
B_pad,1,completion_rate,C4-C3,0.0,0.0,0.0,50
B_pad,1,low_soc_stops,C4-C1,0.0,0.0,0.0,50
B_pad,1,low_soc_stops,C4-C2,0.0,0.0,0.0,50
B_pad,1,low_soc_stops,C4-C3,0.0,0.0,0.0,50
B_pad,2,throughput,C4-C1,0.024999999999999148,0.00986944076475822,0.040130559235240074,50
B_pad,2,throughput,C4-C2,0.0,0.0,0.0,50
B_pad,2,throughput,C4-C3,0.0,0.0,0.0,50
B_pad,2,mean_delay,C4-C1,-2.2061269004633117,-2.6586610193098243,-1.7535927816167989,50
B_pad,2,mean_delay,C4-C2,-0.00022999636792568666,-0.0002650591099820426,-0.00019493362586933073,50
B_pad,2,mean_delay,C4-C3,0.0018515681236943638,0.0017311909845155926,0.0019719452628731353,50
B_pad,2,completion_rate,C4-C1,0.0329033447762086,0.013013514559744557,0.05279317499267264,50
B_pad,2,completion_rate,C4-C2,0.0,0.0,0.0,50
B_pad,2,completion_rate,C4-C3,0.0,0.0,0.0,50
B_pad,2,low_soc_stops,C4-C1,0.0,0.0,0.0,50
B_pad,2,low_soc_stops,C4-C2,0.0,0.0,0.0,50
B_pad,2,low_soc_stops,C4-C3,0.0,0.0,0.0,50
B_pad,3,throughput,C4-C1,0.017499999999999148,0.006255948077966854,0.028744051922031444,50
B_pad,3,throughput,C4-C2,0.0,0.0,0.0,50
B_pad,3,throughput,C4-C3,0.0,0.0,0.0,50
B_pad,3,mean_delay,C4-C1,-1.6601972992673601,-1.9485251152501157,-1.3718694832846046,50
B_pad,3,mean_delay,C4-C2,-0.000231795501244787,-0.00026755422617209573,-0.00019603677631747826,50
B_pad,3,mean_delay,C4-C3,0.0019863047628703914,0.0018529501740631436,0.002119659351677639,50
B_pad,3,completion_rate,C4-C1,0.02291605264203383,0.008167211982676762,0.0376648933013909,50
B_pad,3,completion_rate,C4-C2,0.0,0.0,0.0,50
B_pad,3,completion_rate,C4-C3,0.0,0.0,0.0,50
B_pad,3,low_soc_stops,C4-C1,0.0,0.0,0.0,50
B_pad,3,low_soc_stops,C4-C2,0.0,0.0,0.0,50
B_pad,3,low_soc_stops,C4-C3,0.0,0.0,0.0,50
B_pad,5,throughput,C4-C1,0.017499999999999148,0.006255948077966854,0.028744051922031444,50
B_pad,5,throughput,C4-C2,0.0,0.0,0.0,50
B_pad,5,throughput,C4-C3,0.0,0.0,0.0,50
B_pad,5,mean_delay,C4-C1,-1.613811631524309,-1.8785230006453149,-1.349100262403303,50
B_pad,5,mean_delay,C4-C2,-0.00023404945369965123,-0.00026970337557340033,-0.00019839553182590214,50
B_pad,5,mean_delay,C4-C3,0.002053703302725626,0.0019212024385260045,0.0021862041669252472,50
B_pad,5,completion_rate,C4-C1,0.02291605264203383,0.008167211982676762,0.0376648933013909,50
B_pad,5,completion_rate,C4-C2,0.0,0.0,0.0,50
B_pad,5,completion_rate,C4-C3,0.0,0.0,0.0,50
B_pad,5,low_soc_stops,C4-C1,0.0,0.0,0.0,50
B_pad,5,low_soc_stops,C4-C2,0.0,0.0,0.0,50
B_pad,5,low_soc_stops,C4-C3,0.0,0.0,0.0,50
C_workload,105,throughput,C4-C1,2.5499999999999994,1.9365495799404706,3.163450420059528,50
C_workload,105,throughput,C4-C2,0.1450000000000003,-0.34489049798289595,0.6348904979828965,50
C_workload,105,throughput,C4-C3,0.1425000000000003,-0.34784504429686874,0.6328450442968694,50
C_workload,105,mean_delay,C4-C1,-21.673693536906676,-24.473926479925463,-18.873460593887888,50
C_workload,105,mean_delay,C4-C2,2.1374428855947567,0.6370811600584507,3.6378046111310627,50
C_workload,105,mean_delay,C4-C3,2.137549744593849,0.6367939270747458,3.6383055621129525,50
C_workload,105,completion_rate,C4-C1,2.4295807897042847,1.8464758350043966,3.012685744404173,50
C_workload,105,completion_rate,C4-C2,0.12876232216063926,-0.3331675438416656,0.5906921881629441,50
C_workload,105,completion_rate,C4-C3,0.1263390588326908,-0.3360386249695262,0.5887167426349078,50
C_workload,105,low_soc_stops,C4-C1,0.0,0.0,0.0,50
C_workload,105,low_soc_stops,C4-C2,0.0,0.0,0.0,50
C_workload,105,low_soc_stops,C4-C3,0.0,0.0,0.0,50
C_workload,45,throughput,C4-C1,0.007500000000000142,0.0004476335179578765,0.014552366482042407,50
C_workload,45,throughput,C4-C2,0.0,0.0,0.0,50
C_workload,45,throughput,C4-C3,0.0,0.0,0.0,50
C_workload,45,mean_delay,C4-C1,-0.4816286393786276,-0.5251818176899248,-0.4380754610673304,50
C_workload,45,mean_delay,C4-C2,-3.538706770823269e-05,-5.1646311268306364e-05,-1.9127824148159014e-05,50
C_workload,45,mean_delay,C4-C3,0.0005472669000475336,0.00047383125066261054,0.0006207025494324567,50
C_workload,45,completion_rate,C4-C1,0.017299866467132007,0.0009531451238583878,0.03364658781040562,50
C_workload,45,completion_rate,C4-C2,0.0,0.0,0.0,50
C_workload,45,completion_rate,C4-C3,0.0,0.0,0.0,50
C_workload,45,low_soc_stops,C4-C1,0.0,0.0,0.0,50
C_workload,45,low_soc_stops,C4-C2,0.0,0.0,0.0,50
C_workload,45,low_soc_stops,C4-C3,0.0,0.0,0.0,50
C_workload,75,throughput,C4-C1,0.024999999999999148,0.00986944076475822,0.040130559235240074,50
C_workload,75,throughput,C4-C2,0.0,0.0,0.0,50
C_workload,75,throughput,C4-C3,0.0,0.0,0.0,50
C_workload,75,mean_delay,C4-C1,-2.2061269004633117,-2.6586610193098243,-1.7535927816167989,50
C_workload,75,mean_delay,C4-C2,-0.00022999636792568666,-0.0002650591099820426,-0.00019493362586933073,50
C_workload,75,mean_delay,C4-C3,0.0018515681236943638,0.0017311909845155926,0.0019719452628731353,50
C_workload,75,completion_rate,C4-C1,0.0329033447762086,0.013013514559744557,0.05279317499267264,50
C_workload,75,completion_rate,C4-C2,0.0,0.0,0.0,50
C_workload,75,completion_rate,C4-C3,0.0,0.0,0.0,50
C_workload,75,low_soc_stops,C4-C1,0.0,0.0,0.0,50
C_workload,75,low_soc_stops,C4-C2,0.0,0.0,0.0,50
C_workload,75,low_soc_stops,C4-C3,0.0,0.0,0.0,50
D_power,1,throughput,C4-C1,4.0891666666666655,3.227973268246273,4.950360065087057,50
D_power,1,throughput,C4-C2,0.0,0.0,0.0,50
D_power,1,throughput,C4-C3,0.0,0.0,0.0,50
D_power,1,mean_delay,C4-C1,-80.71159291459577,-87.97362862286269,-73.44955720632885,50
D_power,1,mean_delay,C4-C2,0.0,0.0,0.0,50
D_power,1,mean_delay,C4-C3,0.0,0.0,0.0,50
D_power,1,completion_rate,C4-C1,5.425006996939179,4.28247638807498,6.567537605803378,50
D_power,1,completion_rate,C4-C2,0.0,0.0,0.0,50
D_power,1,completion_rate,C4-C3,0.0,0.0,0.0,50
D_power,1,low_soc_stops,C4-C1,0.0,0.0,0.0,50
D_power,1,low_soc_stops,C4-C2,0.0,0.0,0.0,50
D_power,1,low_soc_stops,C4-C3,0.0,0.0,0.0,50
D_power,3,throughput,C4-C1,0.024999999999999148,0.00986944076475822,0.040130559235240074,50
D_power,3,throughput,C4-C2,0.0,0.0,0.0,50
D_power,3,throughput,C4-C3,0.0,0.0,0.0,50
D_power,3,mean_delay,C4-C1,-2.2061269004633117,-2.6586610193098243,-1.7535927816167989,50
D_power,3,mean_delay,C4-C2,-0.00022999636792568666,-0.0002650591099820426,-0.00019493362586933073,50
D_power,3,mean_delay,C4-C3,0.0018515681236943638,0.0017311909845155926,0.0019719452628731353,50
D_power,3,completion_rate,C4-C1,0.0329033447762086,0.013013514559744557,0.05279317499267264,50
D_power,3,completion_rate,C4-C2,0.0,0.0,0.0,50
D_power,3,completion_rate,C4-C3,0.0,0.0,0.0,50
D_power,3,low_soc_stops,C4-C1,0.0,0.0,0.0,50
D_power,3,low_soc_stops,C4-C2,0.0,0.0,0.0,50
D_power,3,low_soc_stops,C4-C3,0.0,0.0,0.0,50
D_power,5,throughput,C4-C1,0.02166666666666629,0.004709636224971656,0.03862369710836092,50
D_power,5,throughput,C4-C2,0.0,0.0,0.0,50
D_power,5,throughput,C4-C3,0.0,0.0,0.0,50
D_power,5,mean_delay,C4-C1,-0.542294743860324,-0.6435562186841812,-0.44103326903646667,50
D_power,5,mean_delay,C4-C2,-0.00023691031605743262,-0.0002726718185081089,-0.00020114881360675638,50
D_power,5,mean_delay,C4-C3,0.002297372812898697,0.0021457090425479855,0.0024490365832494083,50
D_power,5,completion_rate,C4-C1,0.028454812668634873,0.006189796310270439,0.05071982902699931,50
D_power,5,completion_rate,C4-C2,0.0,0.0,0.0,50
D_power,5,completion_rate,C4-C3,0.0,0.0,0.0,50
D_power,5,low_soc_stops,C4-C1,0.0,0.0,0.0,50
D_power,5,low_soc_stops,C4-C2,0.0,0.0,0.0,50
D_power,5,low_soc_stops,C4-C3,0.0,0.0,0.0,50
base,base,throughput,C4-C1,0.024999999999999148,0.00986944076475822,0.040130559235240074,50
base,base,throughput,C4-C2,0.0,0.0,0.0,50
base,base,throughput,C4-C3,0.0,0.0,0.0,50
base,base,mean_delay,C4-C1,-2.2061269004633117,-2.6586610193098243,-1.7535927816167989,50
base,base,mean_delay,C4-C2,-0.00022999636792568666,-0.0002650591099820426,-0.00019493362586933073,50
base,base,mean_delay,C4-C3,0.0018515681236943638,0.0017311909845155926,0.0019719452628731353,50
base,base,completion_rate,C4-C1,0.0329033447762086,0.013013514559744557,0.05279317499267264,50
base,base,completion_rate,C4-C2,0.0,0.0,0.0,50
base,base,completion_rate,C4-C3,0.0,0.0,0.0,50
base,base,low_soc_stops,C4-C1,0.0,0.0,0.0,50
base,base,low_soc_stops,C4-C2,0.0,0.0,0.0,50
base,base,low_soc_stops,C4-C3,0.0,0.0,0.0,50
