scenario,scenario_value,strategy,requested_tasks_mean,requested_tasks_std,requested_tasks_median,requested_tasks_p5,requested_tasks_p95,completed_tasks_mean,completed_tasks_std,completed_tasks_median,completed_tasks_p5,completed_tasks_p95,throughput_mean,throughput_std,throughput_median,throughput_p5,throughput_p95,completion_rate_mean,completion_rate_std,completion_rate_median,completion_rate_p5,completion_rate_p95,mean_delay_mean,mean_delay_std,mean_delay_median,mean_delay_p5,mean_delay_p95,max_delay_mean,max_delay_std,max_delay_median,max_delay_p5,max_delay_p95,idle_ratio_mean,idle_ratio_std,idle_ratio_median,idle_ratio_p5,idle_ratio_p95,charging_wait_mean,charging_wait_std,charging_wait_median,charging_wait_p5,charging_wait_p95,low_soc_stops_mean,low_soc_stops_std,low_soc_stops_median,low_soc_stops_p5,low_soc_stops_p95,traction_energy_mean,traction_energy_std,traction_energy_median,traction_energy_p5,traction_energy_p95,aux_energy_mean,aux_energy_std,aux_energy_median,aux_energy_p5,aux_energy_p95,wpt_input_energy_mean,wpt_input_energy_std,wpt_input_energy_median,wpt_input_energy_p5,wpt_input_energy_p95,battery_delivered_energy_mean,battery_delivered_energy_std,battery_delivered_energy_median,battery_delivered_energy_p5,battery_delivered_energy_p95,wpt_loss_mean,wpt_loss_std,wpt_loss_median,wpt_loss_p5,wpt_loss_p95,mean_efficiency_mean,mean_efficiency_std,mean_efficiency_median,mean_efficiency_p5,mean_efficiency_p95,fleet_min_soc_mean,fleet_min_soc_std,fleet_min_soc_median,fleet_min_soc_p5,fleet_min_soc_p95,pad_utilization_mean,pad_utilization_std,pad_utilization_median,pad_utilization_p5,pad_utilization_p95,mean_queue_mean,mean_queue_std,mean_queue_median,mean_queue_p5,mean_queue_p95,max_queue_mean,max_queue_std,max_queue_median,max_queue_p5,max_queue_p95,detour_distance_m_mean,detour_distance_m_std,detour_distance_m_median,detour_distance_m_p5,detour_distance_m_p95
A_agv,10,C1,1800.88,39.50956484556258,1800.0,1743.45,1860.3,1796.28,38.87554186248781,1795.5,1738.9,1855.85,74.845,1.6198142442703283,74.8125,72.45416666666667,77.32708333333333,99.74526310239109,0.10644263745791212,99.77311401020987,99.53213977566867,99.88807674737323,0.4201747108100731,0.13450191757068344,0.39417367373002316,0.26593935567804683,0.6197022257809743,138.1413401587678,41.770349092384315,131.95169196800197,83.23529501968245,226.0829692613038,0.6408100834924517,0.017247688307118803,0.6436394300047139,0.6125280609329339,0.6668548114589302,29.359561764866722,23.923473245119098,31.38390758210467,0.0,71.97320909505505,0.0,0.0,0.0,0.0,0.0,21.626040000000017,0.4754197269094904,21.614000000000015,20.932700000000015,22.34030000000002,3.752908333333326,0.08240188250076513,3.750972222222215,3.6329722222222154,3.8767847222222143,32.476573146039186,6.896034820564821,31.462639395089337,23.468142215917617,44.14234109556772,27.159397891197763,5.344219731046136,28.045370889174926,21.04667468547607,35.09348946381183,5.317175254841422,2.5392504508464517,4.7248713826709725,2.5623903679152638,10.243436758886043,83.98918660407183,5.342726738584873,85.59299433936809,74.13297561052781,90.23529655682366,19.713925904898502,0.03491063121644366,19.702883382804828,19.67790218302406,19.76716876434374,22.553175795860547,4.788913069836682,21.849055135478704,16.29732098327612,30.654403538588696,0.8,0.40406101782088427,1.0,0.0,1.0,1.8,0.40406101782088444,2.0,1.0,2.0,77.4,15.227526096526912,80.0,60.0,100.0
A_agv,10,C2,1800.88,39.50956484556258,1800.0,1743.45,1860.3,1797.72,39.25949254768891,1796.0,1740.0,1857.75,74.905,1.6358121894870368,74.83333333333333,72.5,77.40625,99.82478399459016,0.08057492109274123,99.83130571369492,99.71486046943093,99.94574356836505,0.0006360689399918841,0.0007221497488723208,0.0002961640275514316,2.3359849748097897e-05,0.0021487653337077324,0.3433345306215079,0.3332345160013506,0.16723196431433585,0.03130727897618651,1.1251445054722593,0.6861587324321572,0.006729792170987444,0.6860700079425863,0.6758018580211694,0.6962002624344525,1.9307911249676022,0.17648576710497213,1.9123794300293322,1.6754403092306156,2.20919996694609,0.0,0.0,0.0,0.0,0.0,25.206519999999937,0.551160380377572,25.19399999999994,24.405399999999954,26.038599999999924,4.00155277777778,0.08766080807822736,3.9995833333333364,3.8741319444444455,4.133611111111114,49.423776732422,1.560199772490214,49.365578748246975,47.08176395823471,52.06168260667261,41.50518094855825,1.301683921066863,41.356161110036425,39.39620062830306,43.793729498968425,7.918595783863668,0.37253293644488206,7.805773115140566,7.363760925801073,8.541838503202001,83.98011989547675,0.49703134928874787,83.96694624856919,83.1138543216994,84.75044890447386,52.82367530563567,2.9874888954255097,52.305555905632595,50.04738845421155,58.324099633098825,34.322067175293505,1.083472064229374,34.28165190850528,32.69566941544114,36.153946254634306,1.0,0.0,1.0,1.0,1.0,2.0,0.0,2.0,2.0,2.0,17979.8,386.1504940844088,17960.0,17420.0,18575.0
A_agv,10,C3,1800.88,39.50956484556258,1800.0,1743.45,1860.3,1797.72,39.25949254768891,1796.0,1740.0,1857.75,74.905,1.6358121894870368,74.83333333333333,72.5,77.40625,99.82478399459016,0.08057492109274123,99.83130571369492,99.71486046943093,99.94574356836505,0.0005843174587462379,0.0007074705802566452,0.0002369932812850838,2.579796459592133e-05,0.002077138590434008,0.3405251055214146,0.33519038883391505,0.16723196431433585,0.03532412021463832,1.1251445054722593,0.6861652020386296,0.006729944756963183,0.686074264931124,0.6758068215862889,0.6962094268549379,3.535697712329192,0.40845916856628545,3.490379444110938,2.9067221607015004,4.386501812760048,0.0,0.0,0.0,0.0,0.0,22.45568000000001,0.5088688311804301,22.42200000000001,21.673300000000012,23.199700000000004,3.8105222222222164,0.08456701407159066,3.806319444444439,3.684590277777772,3.937624999999993,44.975104848672984,1.623505678648661,44.75649846690675,42.61580832552737,47.83194997460423,38.04448946359598,1.352550054354312,37.87987459747342,35.93570606043242,40.51641539091715,6.930615385077015,0.4717017708545598,6.999742883514328,6.136932262035428,7.70028016212354,84.59532522099083,0.8014417482783954,84.44344454168755,83.47638752647144,85.96623533598073,52.82367530563567,2.9874888954255097,52.305555905632595,50.04738845421155,58.324099633098825,31.232711700467352,1.1274344990615728,31.080901713129684,29.59431133717177,33.21663192680849,1.0,0.0,1.0,1.0,1.0,2.0,0.0,2.0,2.0,2.0,4225.6,350.24283121332627,4160.0,3749.0,4940.999999999999
A_agv,10,C4,1800.88,39.50956484556258,1800.0,1743.45,1860.3,1797.72,39.25949254768891,1796.0,1740.0,1857.75,74.905,1.6358121894870368,74.83333333333333,72.5,77.40625,99.82478399459016,0.08057492109274123,99.83130571369492,99.71486046943093,99.94574356836505,0.0006229763524651828,0.000708042653936266,0.00028562994755819323,2.3359849748097897e-05,0.002103444407164411,0.3420438626478061,0.3341794999741741,0.16723196431433585,0.03130727897618651,1.1251445054722593,0.686160382028726,0.006729246681517711,0.6860700079425863,0.6758018580211694,0.6962002624344525,2.014027936734663,0.17996939261813016,1.9971107551881988,1.7556940889629076,2.3109317533114533,0.0,0.0,0.0,0.0,0.0,25.075079999999943,0.5466548678003224,25.08099999999994,24.268999999999952,25.909699999999926,3.9924250000000017,0.08734082005357954,3.991736111111113,3.864784722222223,4.124659722222225,47.94126189711875,1.5505873688236251,47.796044911132434,45.37956878013037,50.60842154819522,41.3584009247327,1.3025619352643547,41.19599442603973,39.22897285052529,43.65545033230175,6.582860972385951,0.3361504184720488,6.581469929887438,6.066497392937834,7.113664633825574,86.27226266108504,0.44661021247119537,86.27470965115869,85.53593507443594,87.01852175142199,52.82367530563567,2.9874888954255097,52.305555905632595,50.04738845421155,58.324099633098825,33.29254298411064,1.076796783905353,33.19169785495343,31.513589430646398,35.14473718624719,1.0,0.0,1.0,1.0,1.0,2.0,0.0,2.0,2.0,2.0,17322.6,369.527055704936,17310.0,16784.5,17930.5
A_agv,3,C1,1800.9,36.25434527088312,1798.5,1744.15,1860.1,1509.84,22.2695545807385,1517.0,1466.05,1534.55,62.91,0.9278981075307701,63.208333333333336,61.08541666666667,63.93958333333333,83.87062206285894,2.0638784526442677,83.89272691496492,80.20925294986368,87.00611396120482,127.86403060893139,19.21552460667894,127.92777424142828,94.93928133356145,157.89385291490095,281.63649426793444,41.5448279114081,278.58441455402885,214.217366608656,353.0801762163667,0.004748097946799342,0.003623786550335553,0.0035068365013831444,0.0006640264063397315,0.011447306013917802,5.579781432460806,11.989122290495976,0.0,0.0,34.13928781319278,0.0,0.0,0.0,0.0,0.0,21.62303999999966,0.4353494941317874,21.593999999999664,20.941799999999684,22.334299999999637,3.7527250000000287,0.07555051112987897,3.747708333333362,3.63447916666669,3.8761180555555907,26.068461481346336,2.7813928747851233,24.976402695129465,23.286923206035553,31.665258205428152,21.473903092267918,1.3514919760626705,21.053352258298005,21.04472428622047,24.564410015759133,4.594558389078416,2.322041772435738,3.827873598353875,2.1848860295521537,8.810941491956928,82.96536772891055,6.926278853700519,84.61966407937416,70.49565766973596,90.59836027895878,19.746237673069654,0.045455724494745164,19.74153672809919,19.68388165068366,19.822222222221693,18.103098250934956,1.9315228297118914,17.344724093839908,16.171474448635802,21.98976264265844,0.28,0.4535573676110727,0.0,0.0,1.0,1.26,0.48697315854455164,1.0,1.0,2.0,61.2,3.8544964466377274,60.0,60.0,70.0
A_agv,3,C2,1800.9,36.25434527088312,1798.5,1744.15,1860.1,1503.9,18.87796469486071,1508.0,1464.0,1526.65,62.6625,0.7865818622858629,62.833333333333336,61.0,63.610416666666666,83.53777470392994,1.8218465128536936,83.10944842722697,81.14576534460484,86.54366391388318,121.77441311273105,17.886877142356923,124.10756517919445,94.8739250140811,147.14983066853006,293.5498368851652,34.20415753288676,290.9266872905831,240.47608824467835,356.50448020379304,0.004964177805225488,0.0038481035365945924,0.0035068365013831444,0.0006640264063397315,0.011646245033392403,3.6289524748523263,7.154062447612655,0.8648796655482229,0.0,17.19969575840222,0.0,0.0,0.0,0.0,0.0,21.654879999999658,0.4339320289103722,21.63199999999966,20.980799999999682,22.387699999999633,3.7549361111111406,0.07542688524625817,3.750347222222251,3.637187500000023,3.879729166666702,28.313897395958428,2.790844277271646,27.47558650372998,25.203240767122725,32.55747878249091,23.216262536712364,0.5957354414142026,22.981957023479573,22.55913088919212,24.23975826938575,5.09763485924606,2.612651943836297,4.105876739495428,2.308286681406917,9.350950954807283,82.63490028690747,6.900143178200677,85.19432790298112,71.13054624940209,90.85446270796774,15.012240608622175,0.026065595135169206,15.031863390033148,14.963075101944076,15.033888888888383,19.66242874719335,1.9380863036608655,19.080268405368038,17.502250532724112,22.609360265618687,0.92,0.27404751561786966,1.0,0.0,1.0,1.92,0.27404751561786966,2.0,1.0,2.0,220.4,114.80169237179636,185.0,90.0,410.99999999999994
A_agv,3,C3,1800.9,36.25434527088312,1798.5,1744.15,1860.1,1503.9,18.87796469486071,1508.0,1464.0,1526.65,62.6625,0.7865818622858629,62.833333333333336,61.0,63.610416666666666,83.53777470392994,1.8218465128536936,83.10944842722697,81.14576534460484,86.54366391388318,121.77441311273105,17.886877142356923,124.10756517919445,94.8739250140811,147.14983066853006,293.5498368851652,34.20415753288676,290.9266872905831,240.47608824467835,356.50448020379304,0.004964177805225488,0.0038481035365945924,0.0035068365013831444,0.0006640264063397315,0.011646245033392403,3.6289524748523263,7.154062447612655,0.8648796655482229,0.0,17.19969575840222,0.0,0.0,0.0,0.0,0.0,21.654879999999658,0.4339320289103722,21.63199999999966,20.980799999999682,22.387699999999633,3.7549361111111406,0.07542688524625817,3.750347222222251,3.637187500000023,3.879729166666702,28.313897395958428,2.790844277271646,27.47558650372998,25.203240767122725,32.55747878249091,23.216262536712364,0.5957354414142026,22.981957023479573,22.55913088919212,24.23975826938575,5.09763485924606,2.612651943836297,4.105876739495428,2.308286681406917,9.350950954807283,82.63490028690747,6.900143178200677,85.19432790298112,71.13054624940209,90.85446270796774,15.012240608622175,0.026065595135169206,15.031863390033148,14.963075101944076,15.033888888888383,19.66242874719335,1.9380863036608655,19.080268405368038,17.502250532724112,22.609360265618687,0.92,0.27404751561786966,1.0,0.0,1.0,1.92,0.27404751561786966,2.0,1.0,2.0,220.4,114.80169237179636,185.0,90.0,410.99999999999994
A_agv,3,C4,1800.9,36.25434527088312,1798.5,1744.15,1860.1,1516.84,16.18056279135241,1521.0,1482.45,1534.0,63.20166666666667,0.6741901163063504,63.375,61.76875,63.916666666666664,84.25721468861292,1.7800971527821519,84.4114411441144,81.64626065127737,87.18779949888155,121.59792920945497,18.246389596802143,123.2491067073357,90.39008547423016,152.93044284764937,269.4254161668989,28.6874206189116,269.3916038375985,227.5578691636117,318.425814236621,0.004737684230518144,0.0036094552456042853,0.0035068365013831444,0.0006640264063397315,0.01140361471854385,3.847194682986292,7.194811038033709,0.8648796655482229,0.0,22.33221894802813,0.0,0.0,0.0,0.0,0.0,21.65343999999966,0.43561320420007427,21.631999999999664,20.980799999999682,22.387699999999633,3.75483611111114,0.07554761805753951,3.750347222222251,3.637187500000023,3.879729166666702,25.756045611963373,2.038315644715971,25.269206047411586,23.87221720469583,30.291252210676923,21.828359203379037,0.692195626957198,21.6206828631927,21.140824886431908,22.807860728067112,3.9276864085843357,1.8566933743046863,3.165686854007745,2.159192587531088,7.7403366088233545,85.13829614809066,5.505491309112093,87.09477678636526,74.45416776138222,90.94728827868647,19.73811752726197,0.048876312718766024,19.725597247143195,19.680878992741533,19.822222222221697,17.886142786085674,1.4154969754972029,17.548059755146937,16.577928614372105,21.035591812970086,0.92,0.27404751561786966,1.0,0.0,1.0,1.92,0.27404751561786966,2.0,1.0,2.0,213.2,105.33600272170838,185.0,90.0,395.5
A_agv,5,C1,1801.08,39.37824946099363,1800.0,1744.45,1861.2,1797.0,38.744058135620286,1795.5,1740.45,1857.55,74.875,1.6143357556508449,74.8125,72.51875,77.39791666666667,99.77423546630449,0.15177835269510892,99.78284242990125,99.5586305343863,99.94480988018928,2.403143627702507,1.588840942468191,2.0146499827765285,0.6724008640860325,5.365735456524381,121.22489619021898,25.220876163127155,113.78895723544798,88.47324606059375,166.5690210072957,0.3112241754208963,0.016026605277526015,0.31249800923138493,0.2870173126044596,0.3354308064620148,25.331602548278884,16.99411704744668,27.337228795287352,0.0,46.783010447254064,0.0,0.0,0.0,0.0,0.0,21.623679999999958,0.47302075028910257,21.610999999999954,20.943399999999983,22.34729999999993,3.7529944444444343,0.08207142223972022,3.750763888888879,3.634965277777768,3.8783958333333235,21.730308851598966,2.716911641176607,20.450347260720598,19.073116025811608,27.648307861969602,18.8066800875726,2.0973407751824533,17.548592008321585,17.532555305696178,22.976442559846976,2.923628764026363,1.5284020934475848,2.5689368131092714,1.5403441709074719,4.585747410967147,86.8674116577711,5.325217005801895,87.87000207826453,79.27983259081323,92.16462001364465,19.732086554333563,0.042103527890841416,19.717693829999604,19.68388165068366,19.820991761423148,15.090492258054836,1.8867441952615327,14.201630042167082,13.245219462369171,19.200213793034443,0.88,0.32826072265931594,1.0,0.0,1.0,1.88,0.328260722659316,2.0,1.0,2.0,53.6,5.979557010416099,50.0,50.0,65.49999999999997
A_agv,5,C2,1801.08,39.37824946099363,1800.0,1744.45,1861.2,1797.6,39.05882533736382,1796.0,1740.45,1858.65,74.9,1.627451055723493,74.83333333333333,72.51875,77.44375,99.80713881108069,0.1123713556085577,99.83286825083357,99.63303634260991,99.94480988018928,0.19724672360712137,0.03642842156738585,0.1957943772515532,0.14848387905165286,0.25278712547019333,3.237825236355945,0.573576061397042,3.2128848286793072,2.4123903665479203,4.23500857541337,0.37423143827397815,0.01360711478591849,0.37440542390910747,0.35322418257967303,0.3944712517349621,0.6744294421607329,0.0968194962714976,0.6794675290768691,0.5184283802901335,0.8165603090098621,0.0,0.0,0.0,0.0,0.0,24.298679999999703,0.4742348699080641,24.295999999999704,23.544599999999736,25.079499999999673,3.9387583333333414,0.08198398489707871,3.937986111111118,3.8169791666666746,4.068131944444453,40.74038042051611,1.3033715194095148,40.546328145285855,38.60827357083913,42.64466054369834,34.26928242736474,1.0844717817137943,34.22293382874723,32.602236818321984,35.90768528432821,6.471097993151452,0.3391403876437442,6.481500309772365,5.967659935262743,6.986637346623484,84.11901903969327,0.5857516157976912,84.12630165314746,83.2336814040783,84.99979538456932,54.9619518563556,4.14311017000514,53.8728336965236,50.079934258858614,63.11358402443689,28.291930847580716,0.9051191107010703,28.157172323115265,26.811301090860557,29.61434759979062,1.0,0.0,1.0,1.0,1.0,2.0,0.0,2.0,2.0,2.0,13428.6,312.29898024365133,13410.0,12919.0,13895.0
A_agv,5,C3,1801.08,39.37824946099363,1800.0,1744.45,1861.2,1797.6,39.05882533736382,1796.0,1740.45,1858.65,74.9,1.627451055723493,74.83333333333333,72.51875,77.44375,99.80713881108069,0.1123713556085577,99.83286825083357,99.63303634260991,99.94480988018928,0.19516515911550134,0.036434635075454906,0.19338245337627658,0.14606806285072468,0.2507371214193268,3.236973990879578,0.5745515001425326,3.2128848286793072,2.4123903665479203,4.23500857541337,0.37462120849720537,0.013584652912761614,0.374787102593632,0.35373707684721173,0.39486146887484824,1.1096617657379568,0.1429026048542164,1.0999977744700296,0.9142613214236738,1.3425621499834866,0.0,0.0,0.0,0.0,0.0,22.696399999999866,0.5166008209084103,22.672999999999874,21.902499999999904,23.503099999999836,3.827488888888884,0.0849745686171186,3.8224999999999962,3.702201388888884,3.958159722222218,38.021018503371536,1.4524912461135817,37.95596554138463,35.54073147212189,40.10931571170224,32.28010161698308,1.154456453403045,32.2502077193005,30.440592725790413,33.97942735983102,5.74091688638845,0.43865415846158967,5.800142282424844,5.025886468818341,6.357766626805672,84.91193868932214,0.815846985988241,84.95907839437166,83.76851930601381,86.12087288045912,54.9619518563556,4.14311017000514,53.8728336965236,50.079934258858614,63.11358402443689,26.40348507178579,1.0086744764677653,26.358309403739327,24.68106352230687,27.853691466459885,1.0,0.0,1.0,1.0,1.0,2.0,0.0,2.0,2.0,2.0,5417.2,347.86251095887314,5470.0,4822.5,5951.0
A_agv,5,C4,1801.08,39.37824946099363,1800.0,1744.45,1861.2,1797.6,39.05882533736382,1796.0,1740.45,1858.65,74.9,1.627451055723493,74.83333333333333,72.51875,77.44375,99.80713881108069,0.1123713556085577,99.83286825083357,99.63303634260991,99.94480988018928,0.1970167272391957,0.036410789756275666,0.1955577496002019,0.148220918889943,0.2527005119375727,3.237825236355945,0.573576061397042,3.2128848286793072,2.4123903665479203,4.23500857541337,0.3742749378394823,0.013604824663363846,0.374440038499092,0.35327165152418794,0.39453725025510544,0.6877020230655186,0.10207851658625236,0.6886388885151522,0.5236559455397936,0.8267421766666714,0.0,0.0,0.0,0.0,0.0,24.187799999999715,0.47609795767898955,24.183999999999713,23.435299999999742,24.985099999999683,3.93105833333334,0.08209764058198163,3.9305555555555616,3.808166666666673,4.061576388888897,39.472624563702986,1.3317181378432599,39.43743539321764,37.513436681910484,41.396768486495716,34.145450563651224,1.0844678977018647,34.11064216208054,32.492404873877526,35.78321722877263,5.327174000051846,0.31813539052152734,5.216963256580068,4.902722313259893,5.866433378581679,86.51094109414161,0.4992069001085668,86.63292676782024,85.66631066275832,87.20338726727998,54.9619518563556,4.14311017000514,53.8728336965236,50.079934258858614,63.11358402443689,27.41154483590493,0.9248042623911683,27.387107911956768,26.05099769577122,28.747755893399894,1.0,0.0,1.0,1.0,1.0,2.0,0.0,2.0,2.0,2.0,12874.2,326.88442693317234,12875.0,12315.0,13379.5
A_agv,7,C1,1800.9,36.65183682787455,1801.5,1743.25,1856.05,1798.02,36.31634814869393,1798.5,1740.8,1853.1499999999999,74.9175,1.5131811728622468,74.9375,72.53333333333333,77.21458333333334,99.84045808548017,0.10682190238557662,99.83809566248406,99.66587200172525,100.0,0.6096688800280698,0.7300015465883298,0.45691864516109654,0.3408195839579886,0.746412170392353,143.90833469060954,44.67738116529075,134.28463290024652,85.6325303108584,213.27804811108658,0.4847310745903403,0.015584836092196004,0.48529607599589564,0.46170789214392294,0.5085027324495354,29.099060455669747,22.739156684512825,29.1223087564929,0.0,67.89489300498627,0.0,0.0,0.0,0.0,0.0,21.62480000000002,0.43982204193449514,21.63200000000002,20.933000000000014,22.286600000000018,3.7528472222222136,0.07635799339140506,3.7540972222222138,3.6327430555555473,3.8677430555555468,29.97920675296374,2.9770595628283747,29.03977708261645,27.25260246611525,35.33983651306783,24.560849982924324,0.010748767369320296,24.559737533956095,24.546864660239237,24.575516826138195,5.418356770039418,2.9762529920189853,4.487092901242036,2.6946611103294504,10.779780543133745,82.61719975359387,7.1504012349362585,84.54861071359926,69.5928139134735,90.11291405419574,19.71546500407191,0.035262019673245486,19.70607787132375,19.678839419075583,19.774072653842083,20.818893578447042,2.067402474186372,20.16651186292809,18.925418379246704,24.541553134074878,0.78,0.4184519575964803,1.0,0.0,1.0,1.78,0.4184519575964803,2.0,1.0,2.0,70.0,0.0,70.0,70.0,70.0
A_agv,7,C2,1800.9,36.65183682787455,1801.5,1743.25,1856.05,1798.02,36.31634814869393,1798.5,1740.8,1853.1499999999999,74.9175,1.5131811728622468,74.9375,72.53333333333333,77.21458333333334,99.84045808548017,0.10682190238557662,99.83809566248406,99.66587200172525,100.0,0.019001819918549084,0.00670825315515036,0.017933586621541854,0.011411135286313585,0.033288769886004155,1.4387730923324997,0.3133030531067365,1.414313212086078,1.0661508750659565,1.9822974209288562,0.552636251243638,0.009050682893330506,0.5526352569424646,0.539159201319409,0.5670425360812648,0.9147467638316565,0.10821448307337407,0.8984183287002944,0.7574628405853328,1.073734496509863,0.0,0.0,0.0,0.0,0.0,25.061039999999853,0.49797930290569636,25.095999999999847,24.272699999999862,25.775699999999844,3.9914750000000088,0.08034948469289196,3.9943750000000087,3.8646666666666745,4.1100416666666755,44.837709038733784,1.434910031997228,44.923670342244655,42.947846240926864,46.94932843642783,37.545002651240004,1.2305933673031977,37.626200838353284,35.89819463406881,39.52841222932586,7.292706387493876,0.30813148222466485,7.270608149129203,6.829345460395387,7.845670543626136,83.73458692082036,0.4725138507430455,83.71609310395607,82.87661357519742,84.47945257516672,53.845878446893224,3.710705892711063,52.4487139811857,50.14712033562544,60.67897370416243,31.13729794356539,0.9964652999981137,31.196993293225713,29.8248932228661,32.60370030307522,1.0,0.0,1.0,1.0,1.0,2.0,0.0,2.0,2.0,2.0,17251.2,332.8396071407855,17325.0,16699.0,17683.0
A_agv,7,C3,1800.9,36.65183682787455,1801.5,1743.25,1856.05,1798.02,36.31634814869393,1798.5,1740.8,1853.1499999999999,74.9175,1.5131811728622468,74.9375,72.53333333333333,77.21458333333334,99.84045808548017,0.10682190238557662,99.83809566248406,99.66587200172525,100.0,0.018314269279924827,0.006710483359299617,0.017124868823724555,0.010674336963036777,0.03266367656329297,1.4387730923324997,0.3133030531067365,1.414313212086078,1.0661508750659565,1.9822974209288562,0.5527543239089586,0.009044914217385767,0.5527644334656416,0.5392528464722538,0.5671228693025666,1.7687559188145048,0.18775975072174828,1.7381471204856034,1.5134612397250726,2.138759576611185,0.0,0.0,0.0,0.0,0.0,22.491999999999994,0.4765522435329889,22.516999999999992,21.708899999999993,23.19429999999999,3.8130694444444386,0.07879076553280308,3.814861111111105,3.686624999999994,3.931284722222216,40.69555382917188,1.5853240327150133,40.79207322362808,38.44539294411694,42.98868806672696,34.43059699944855,1.269155704127708,34.517276058696424,32.70490723956868,36.46566391546258,6.264956829723332,0.490668192787706,6.229243151317643,5.538294887153843,6.984162773928624,84.61650518081454,0.8713210397296804,84.68975521934962,83.3015363509844,85.95787012270189,53.845878446893224,3.710705892711063,52.4487139811857,50.14712033562544,60.67897370416243,28.26080127025825,1.1009194671632063,28.3278286275195,26.69818954452565,29.85325560189372,1.0,0.0,1.0,1.0,1.0,2.0,0.0,2.0,2.0,2.0,4406.0,313.0560359307149,4400.0,3951.5,4877.5
A_agv,7,C4,1800.9,36.65183682787455,1801.5,1743.25,1856.05,1798.02,36.31634814869393,1798.5,1740.8,1853.1499999999999,74.9175,1.5131811728622468,74.9375,72.53333333333333,77.21458333333334,99.84045808548017,0.10682190238557662,99.83809566248406,99.66587200172525,100.0,0.018932173306011872,0.006712496041738134,0.017852141583571297,0.011326401701148374,0.033264565243934445,1.4387730923324997,0.3133030531067365,1.414313212086078,1.0661508750659565,1.9822974209288562,0.5526477748477776,0.009050327904051634,0.552643590670616,0.5391817719795761,0.5670496937869903,0.9546691134692938,0.11505585089777395,0.9522351750760014,0.7963529150082487,1.1136502302084852,0.0,0.0,0.0,0.0,0.0,24.92403999999986,0.49596140238233744,24.96199999999986,24.124799999999873,25.633399999999853,3.981961111111119,0.08019657011934236,3.9861805555555634,3.854562500000007,4.100159722222231,43.3272475459128,1.443003441800463,43.50079219292586,41.32555941319663,45.45206279620536,37.394330815308415,1.2283538017792872,37.460436949464366,35.740237689624344,39.34990847849,5.932916730604474,0.27665127237396897,5.885794135475557,5.496014650093333,6.35419722647788,86.30878550017808,0.374984325931938,86.26702278196716,85.76848985923473,86.95511001600578,53.845878446893224,3.710705892711063,52.4487139811857,50.14712033562544,60.67897370416243,30.088366351328567,1.0020857234725828,30.20888346730987,28.698305148053386,31.563932497365144,1.0,0.0,1.0,1.0,1.0,2.0,0.0,2.0,2.0,2.0,16566.2,334.7487025778459,16620.0,16043.5,16950.0
B_pad,1,C1,1801.08,39.37824946099363,1800.0,1744.45,1861.2,1796.48,38.783670032946716,1794.0,1739.45,1856.4,74.85333333333332,1.6159862513727803,74.75,72.47708333333333,77.35,99.74528604441218,0.14064181384882565,99.77715766777808,99.50450907524656,99.94317090350259,9.104203851335493,7.092453047433812,6.906136686628692,1.193463777192279,24.50027019609236,248.95997581407315,52.1019605354631,253.62910083234613,170.56620350581468,327.36729111283785,0.2608852909539641,0.02599172330721501,0.2616883825806177,0.22683188012315753,0.3061659364528324,97.72374211594068,30.974315322163196,100.04735386647243,52.69304861298618,149.13116219492736,0.0,0.0,0.0,0.0,0.0,21.625119999999956,0.47297308203164823,21.611999999999956,20.945399999999978,22.34729999999993,3.7530944444444345,0.0820681166376776,3.7508333333333237,3.6351041666666575,3.878395833333323,24.952941675601064,3.1612054332809545,23.943953825561117,19.57829259834732,30.948890213199974,21.333080087572622,1.9856206066617144,21.055545055951317,17.54051780441646,24.565424734319933,3.6198615880284444,2.021506642008342,2.8879112389751076,1.8951972344150365,7.882340947811026,85.98657773035693,5.780853864679704,88.13277230464902,74.39047440491156,91.04161151482222,19.732086554333563,0.042103527890841416,19.717693829999604,19.68388165068366,19.820991761423148,34.65686343833481,4.390563101779102,33.255491424390435,27.192073053260167,42.984569740555514,1.0,0.0,1.0,1.0,1.0,1.0,0.0,1.0,1.0,1.0,60.8,5.656854249492381,60.0,50.0,70.0
B_pad,1,C2,1801.08,39.37824946099363,1800.0,1744.45,1861.2,1797.6,39.05882533736382,1796.0,1740.45,1858.65,74.9,1.627451055723493,74.83333333333333,72.51875,77.44375,99.80713881108069,0.1123713556085577,99.83286825083357,99.63303634260991,99.94480988018928,0.20525949646359,0.03720823780539044,0.20394445791684646,0.15700451328865786,0.2624547491418548,3.2394035922608753,0.5746614570401075,3.2128848286793072,2.4123903665479203,4.23500857541337,0.37274130396486477,0.01375343633320332,0.37277168354353796,0.35170672020737775,0.393118940841247,1.3273462894641141,0.09608305165648175,1.325737753971201,1.1931220300336438,1.492201953433865,0.0,0.0,0.0,0.0,0.0,24.291759999999705,0.47270401318543515,24.289999999999704,23.541499999999736,25.067699999999675,3.938277777777786,0.08187791795857745,3.9377083333333402,3.8167638888888966,4.067312500000008,40.20369494358998,1.2086030026196486,40.12154850168655,38.222684939756384,42.07914319767782,34.15407482422054,1.0566123023218728,34.205940843962985,32.52876770663814,35.81360913826909,6.049620119369492,0.27080259141879054,6.011503683832247,5.692877629915801,6.499891269017332,84.95181943365168,0.5158561444153758,84.9599431357135,83.89541409071343,85.71841486602334,53.79653163465446,4.086785874649593,53.51281006007018,47.54225533068759,59.312331889283755,55.83846519943031,1.678615281416181,55.72437291900877,53.087062416328116,58.44325444121908,1.0,0.0,1.0,1.0,1.0,1.0,0.0,1.0,1.0,1.0,13394.0,311.7625993722582,13390.0,12880.0,13868.5
B_pad,1,C3,1801.08,39.37824946099363,1800.0,1744.45,1861.2,1797.6,39.05882533736382,1796.0,1740.45,1858.65,74.9,1.627451055723493,74.83333333333333,72.51875,77.44375,99.80713881108069,0.1123713556085577,99.83286825083357,99.63303634260991,99.94480988018928,0.20325192689010513,0.037282942460233774,0.20178169722118267,0.15476376249743087,0.2604038418589891,3.236734688562817,0.5705353271976223,3.2128848286793072,2.4123903665479203,4.23500857541337,0.3731153639187868,0.013768848267964064,0.3733923437070176,0.3521881898797905,0.39339054402362544,1.531970189566879,0.07877764537982458,1.5158968733604983,1.4293170884780546,1.6859145438248377,0.0,0.0,0.0,0.0,0.0,23.62223999999979,0.6413394962012744,23.572999999999787,22.546799999999855,24.600199999999724,3.8917833333333345,0.09297854192909019,3.885000000000001,3.748937499999997,4.035194444444446,38.83591276177014,1.4836411449995692,38.806811466560134,36.5287363778266,41.25147023439575,33.12728325193139,1.2568650755345727,33.138841852600606,31.176766490493506,35.01871635315305,5.708629509838757,0.3285888331973498,5.666217157012385,5.27073936167772,6.2158641268274675,85.3031508157403,0.5620991513269069,85.35084530270149,84.36309670326588,86.09720123964958,53.79653163465446,4.086785874649593,53.51281006007018,47.54225533068759,59.312331889283755,53.93876772468076,2.06061270138829,53.898349259111306,50.73435608031472,57.29370865888298,1.0,0.0,1.0,1.0,1.0,1.0,0.0,1.0,1.0,1.0,10046.4,1103.1083355681799,10125.0,8222.0,11547.5
B_pad,1,C4,1801.08,39.37824946099363,1800.0,1744.45,1861.2,1797.6,39.05882533736382,1796.0,1740.45,1858.65,74.9,1.627451055723493,74.83333333333333,72.51875,77.44375,99.80713881108069,0.1123713556085577,99.83286825083357,99.63303634260991,99.94480988018928,0.20468551353778705,0.03720489485083083,0.20304861434403937,0.1563538977046543,0.26212075804882257,3.2394035922608753,0.5746614570401075,3.2128848286793072,2.4123903665479203,4.23500857541337,0.37284865847854864,0.01374916115644493,0.37295369797483835,0.3519261787593754,0.39321108496420437,1.3170699844913432,0.0988274648170876,1.3220210275358923,1.1645075096622908,1.4890555938660908,0.0,0.0,0.0,0.0,0.0,24.221839999999712,0.4784727130598354,24.205999999999715,23.46849999999974,25.01439999999968,3.9334222222222293,0.08227821146350123,3.9323611111111174,3.8107013888888956,4.063611111111118,39.569382770205465,1.3360736496758292,39.57479807187414,37.511560618557134,41.67440677110818,34.09354018562138,1.0782107845558617,34.12714501228828,32.46197056486146,35.78262972287863,5.475842584584127,0.3448416590228149,5.384456525641282,5.0426793523954965,6.069047750557896,86.16905501167982,0.5632919328193753,86.31997583390748,85.11968392759398,86.9103028040753,53.79653163465446,4.086785874649593,53.51281006007018,47.54225533068759,59.312331889283755,54.95747606972961,1.8556578467719849,54.96499732204712,52.0993897479959,57.881120515427895,1.0,0.0,1.0,1.0,1.0,1.0,0.0,1.0,1.0,1.0,13044.4,314.2088217626448,13060.0,12483.5,13527.5
B_pad,2,C1,1801.08,39.37824946099363,1800.0,1744.45,1861.2,1797.0,38.744058135620286,1795.5,1740.45,1857.55,74.875,1.6143357556508449,74.8125,72.51875,77.39791666666667,99.77423546630449,0.15177835269510892,99.78284242990125,99.5586305343863,99.94480988018928,2.403143627702507,1.588840942468191,2.0146499827765285,0.6724008640860325,5.365735456524381,121.22489619021898,25.220876163127155,113.78895723544798,88.47324606059375,166.5690210072957,0.3112241754208963,0.016026605277526015,0.31249800923138493,0.2870173126044596,0.3354308064620148,25.331602548278884,16.99411704744668,27.337228795287352,0.0,46.783010447254064,0.0,0.0,0.0,0.0,0.0,21.623679999999958,0.47302075028910257,21.610999999999954,20.943399999999983,22.34729999999993,3.7529944444444343,0.08207142223972022,3.750763888888879,3.634965277777768,3.8783958333333235,21.730308851598966,2.716911641176607,20.450347260720598,19.073116025811608,27.648307861969602,18.8066800875726,2.0973407751824533,17.548592008321585,17.532555305696178,22.976442559846976,2.923628764026363,1.5284020934475848,2.5689368131092714,1.5403441709074719,4.585747410967147,86.8674116577711,5.325217005801895,87.87000207826453,79.27983259081323,92.16462001364465,19.732086554333563,0.042103527890841416,19.717693829999604,19.68388165068366,19.820991761423148,15.090492258054836,1.8867441952615327,14.201630042167082,13.245219462369171,19.200213793034443,0.88,0.32826072265931594,1.0,0.0,1.0,1.88,0.328260722659316,2.0,1.0,2.0,53.6,5.979557010416099,50.0,50.0,65.49999999999997
B_pad,2,C2,1801.08,39.37824946099363,1800.0,1744.45,1861.2,1797.6,39.05882533736382,1796.0,1740.45,1858.65,74.9,1.627451055723493,74.83333333333333,72.51875,77.44375,99.80713881108069,0.1123713556085577,99.83286825083357,99.63303634260991,99.94480988018928,0.19724672360712137,0.03642842156738585,0.1957943772515532,0.14848387905165286,0.25278712547019333,3.237825236355945,0.573576061397042,3.2128848286793072,2.4123903665479203,4.23500857541337,0.37423143827397815,0.01360711478591849,0.37440542390910747,0.35322418257967303,0.3944712517349621,0.6744294421607329,0.0968194962714976,0.6794675290768691,0.5184283802901335,0.8165603090098621,0.0,0.0,0.0,0.0,0.0,24.298679999999703,0.4742348699080641,24.295999999999704,23.544599999999736,25.079499999999673,3.9387583333333414,0.08198398489707871,3.937986111111118,3.8169791666666746,4.068131944444453,40.74038042051611,1.3033715194095148,40.546328145285855,38.60827357083913,42.64466054369834,34.26928242736474,1.0844717817137943,34.22293382874723,32.602236818321984,35.90768528432821,6.471097993151452,0.3391403876437442,6.481500309772365,5.967659935262743,6.986637346623484,84.11901903969327,0.5857516157976912,84.12630165314746,83.2336814040783,84.99979538456932,54.9619518563556,4.14311017000514,53.8728336965236,50.079934258858614,63.11358402443689,28.291930847580716,0.9051191107010703,28.157172323115265,26.811301090860557,29.61434759979062,1.0,0.0,1.0,1.0,1.0,2.0,0.0,2.0,2.0,2.0,13428.6,312.29898024365133,13410.0,12919.0,13895.0
B_pad,2,C3,1801.08,39.37824946099363,1800.0,1744.45,1861.2,1797.6,39.05882533736382,1796.0,1740.45,1858.65,74.9,1.627451055723493,74.83333333333333,72.51875,77.44375,99.80713881108069,0.1123713556085577,99.83286825083357,99.63303634260991,99.94480988018928,0.19516515911550134,0.036434635075454906,0.19338245337627658,0.14606806285072468,0.2507371214193268,3.236973990879578,0.5745515001425326,3.2128848286793072,2.4123903665479203,4.23500857541337,0.37462120849720537,0.013584652912761614,0.374787102593632,0.35373707684721173,0.39486146887484824,1.1096617657379568,0.1429026048542164,1.0999977744700296,0.9142613214236738,1.3425621499834866,0.0,0.0,0.0,0.0,0.0,22.696399999999866,0.5166008209084103,22.672999999999874,21.902499999999904,23.503099999999836,3.827488888888884,0.0849745686171186,3.8224999999999962,3.702201388888884,3.958159722222218,38.021018503371536,1.4524912461135817,37.95596554138463,35.54073147212189,40.10931571170224,32.28010161698308,1.154456453403045,32.2502077193005,30.440592725790413,33.97942735983102,5.74091688638845,0.43865415846158967,5.800142282424844,5.025886468818341,6.357766626805672,84.91193868932214,0.815846985988241,84.95907839437166,83.76851930601381,86.12087288045912,54.9619518563556,4.14311017000514,53.8728336965236,50.079934258858614,63.11358402443689,26.40348507178579,1.0086744764677653,26.358309403739327,24.68106352230687,27.853691466459885,1.0,0.0,1.0,1.0,1.0,2.0,0.0,2.0,2.0,2.0,5417.2,347.86251095887314,5470.0,4822.5,5951.0
B_pad,2,C4,1801.08,39.37824946099363,1800.0,1744.45,1861.2,1797.6,39.05882533736382,1796.0,1740.45,1858.65,74.9,1.627451055723493,74.83333333333333,72.51875,77.44375,99.80713881108069,0.1123713556085577,99.83286825083357,99.63303634260991,99.94480988018928,0.1970167272391957,0.036410789756275666,0.1955577496002019,0.148220918889943,0.2527005119375727,3.237825236355945,0.573576061397042,3.2128848286793072,2.4123903665479203,4.23500857541337,0.3742749378394823,0.013604824663363846,0.374440038499092,0.35327165152418794,0.39453725025510544,0.6877020230655186,0.10207851658625236,0.6886388885151522,0.5236559455397936,0.8267421766666714,0.0,0.0,0.0,0.0,0.0,24.187799999999715,0.47609795767898955,24.183999999999713,23.435299999999742,24.985099999999683,3.93105833333334,0.08209764058198163,3.9305555555555616,3.808166666666673,4.061576388888897,39.472624563702986,1.3317181378432599,39.43743539321764,37.513436681910484,41.396768486495716,34.145450563651224,1.0844678977018647,34.11064216208054,32.492404873877526,35.78321722877263,5.327174000051846,0.31813539052152734,5.216963256580068,4.902722313259893,5.866433378581679,86.51094109414161,0.4992069001085668,86.63292676782024,85.66631066275832,87.20338726727998,54.9619518563556,4.14311017000514,53.8728336965236,50.079934258858614,63.11358402443689,27.41154483590493,0.9248042623911683,27.387107911956768,26.05099769577122,28.747755893399894,1.0,0.0,1.0,1.0,1.0,2.0,0.0,2.0,2.0,2.0,12874.2,326.88442693317234,12875.0,12315.0,13379.5
B_pad,3,C1,1801.08,39.37824946099363,1800.0,1744.45,1861.2,1797.18,38.73441226968014,1795.5,1740.45,1857.55,74.8825,1.613933844570006,74.8125,72.51875,77.39791666666667,99.78422275843866,0.13848055622782512,99.78111701586138,99.58937655811461,99.94480988018928,1.8571290690383009,1.0102929740075208,1.7134581783758172,0.6654895165640644,3.9726328405033384,100.3767673682784,19.11198741448527,98.4299241742109,81.48440601622751,138.19400212315992,0.3176888490463437,0.01497451933657316,0.3186539492604744,0.29517779720828297,0.34105482209870897,3.457642544928562,8.98754140486616,0.0,0.0,28.850783780977007,0.0,0.0,0.0,0.0,0.0,21.623599999999957,0.4730674543091232,21.610999999999954,20.943399999999983,22.34729999999993,3.752988888888879,0.08207466995807884,3.750763888888879,3.634965277777768,3.878395833333323,21.42233097403776,2.5577834987475776,20.330708124675773,19.03805970578035,27.24518306602301,18.666324532017043,2.0584961087036624,17.547371343636705,17.532555305696178,22.976442559846976,2.7560064420207135,1.2083385088575052,2.6532320087391135,1.490880076679218,4.493503701306903,87.35008628582682,4.440772495755066,88.12250117499198,79.61697279049599,92.16552724568103,19.732086554333563,0.042103527890841416,19.717693829999604,19.68388165068366,19.820991761423148,9.917745821313776,1.1841590271979523,9.412364872535077,8.813916530453865,12.613510678714357,0.18,0.3880879344916036,0.0,0.0,1.0,2.06,0.5499536158548617,2.0,1.0,3.0,53.2,5.869325309764037,50.0,50.0,65.49999999999997
B_pad,3,C2,1801.08,39.37824946099363,1800.0,1744.45,1861.2,1797.6,39.05882533736382,1796.0,1740.45,1858.65,74.9,1.627451055723493,74.83333333333333,72.51875,77.44375,99.80713881108069,0.1123713556085577,99.83286825083357,99.63303634260991,99.94480988018928,0.1971635652721858,0.03642588753633374,0.19553975329987838,0.14839822415885587,0.25272354910234385,3.237825236355945,0.573576061397042,3.2128848286793072,2.4123903665479203,4.23500857541337,0.37424736991858665,0.013607478317781843,0.37441448249548914,0.353239473345437,0.3944734250666543,0.6764598573188388,0.1591560621860561,0.6674381662099245,0.45864537630441987,0.9934769158436864,0.0,0.0,0.0,0.0,0.0,24.298759999999703,0.4743223548669343,24.295999999999704,23.544599999999736,25.079499999999673,3.9387638888888965,0.08199026472707054,3.937986111111118,3.8169791666666746,4.068131944444453,40.79373590404365,1.3284891563133423,40.64222738483657,38.60712080058318,42.720614357208554,34.271203400373864,1.0837986565643343,34.222933828747216,32.60223681832199,35.90768528432821,6.522532503669876,0.35180460782619316,6.460089164618887,5.988184267796946,7.123456760027331,84.01520852949302,0.5717891609907854,84.07682722196974,83.09857842219742,84.80428345264457,55.027983201520044,4.126050194138837,53.8728336965236,50.24876672741132,63.11358402443689,18.885988844464617,0.6150412760709937,18.815846011498373,17.873667037306998,19.77806220241134,1.0,0.0,1.0,1.0,1.0,3.0,0.0,3.0,3.0,3.0,13429.0,312.1371362666331,13410.0,12919.0,13895.0
B_pad,3,C3,1801.08,39.37824946099363,1800.0,1744.45,1861.2,1797.6,39.05882533736382,1796.0,1740.45,1858.65,74.9,1.627451055723493,74.83333333333333,72.51875,77.44375,99.80713881108069,0.1123713556085577,99.83286825083357,99.63303634260991,99.94480988018928,0.1949454650080706,0.03641659019138317,0.1927673994636227,0.14584667712652136,0.2505002539205902,3.2350062783573503,0.5702086418826845,3.2128848286793072,2.4123903665479203,4.218220233519423,0.3746594774503043,0.013591123551329912,0.37477530740440745,0.3537427656330408,0.3948912469828234,0.8398457679136259,0.15101199845497135,0.827264288944588,0.6207644114860473,1.097257616964034,0.0,0.0,0.0,0.0,0.0,22.593439999999873,0.5092837771952538,22.569999999999876,21.816899999999908,23.40579999999984,3.8203388888888843,0.08450047259622048,3.817986111111107,3.696624999999995,3.952340277777773,37.90932898610063,1.4531205563003553,37.85654350600015,35.60464958331147,40.08843709165282,32.17738874231113,1.1404099079592918,32.099486174304445,30.3236363999358,33.87836654651286,5.731940243789502,0.4532609242739096,5.715698649397179,5.09241694030475,6.48912859714678,84.89232525454075,0.8230955786217553,84.96589664700029,83.64358639207022,86.17894054444031,55.027983201520044,4.126050194138837,53.8728336965236,50.24876672741132,63.11358402443689,17.550615271342885,0.672740998287202,17.526177549074152,16.483634066347904,18.55946161650594,1.0,0.0,1.0,1.0,1.0,3.0,0.0,3.0,3.0,3.0,4902.4,293.12224934525955,4910.0,4428.0,5363.499999999999
B_pad,3,C4,1801.08,39.37824946099363,1800.0,1744.45,1861.2,1797.6,39.05882533736382,1796.0,1740.45,1858.65,74.9,1.627451055723493,74.83333333333333,72.51875,77.44375,99.80713881108069,0.1123713556085577,99.83286825083357,99.63303634260991,99.94480988018928,0.196931769770941,0.03640267172360683,0.19530312564852703,0.14812108508314498,0.25263693556972316,3.237825236355945,0.573576061397042,3.2128848286793072,2.4123903665479203,4.23500857541337,0.374291290026025,0.013603539632015535,0.3744422788422459,0.3532882533299061,0.3945394235867976,0.6937259162221595,0.1677315815170504,0.6745862191723122,0.4607811354889013,1.0379512549322718,0.0,0.0,0.0,0.0,0.0,24.184279999999713,0.4755430854532862,24.182999999999716,23.43439999999974,24.98149999999968,3.930813888888896,0.08205622881069977,3.9304861111111173,3.808027777777784,4.061326388888896,39.46221329544734,1.3272878711412288,39.36673321775616,37.43357832986554,41.42256024453228,34.142451413506215,1.0829573990011134,34.10422549541387,32.48887570721086,35.77872556210596,5.31976188194121,0.305859967424587,5.232775361491667,4.911837265790957,5.79479870457752,86.52582750373519,0.4625870764050174,86.59671936557439,85.76947035625919,87.10511470415504,55.027983201520044,4.126050194138837,53.8728336965236,50.24876672741132,63.11358402443689,18.2695431923367,0.6144851255283459,18.225339452664862,17.330360337900686,19.177111224320466,1.0,0.0,1.0,1.0,1.0,3.0,0.0,3.0,3.0,3.0,12856.6,329.15854377302065,12840.0,12290.5,13379.5
B_pad,5,C1,1801.08,39.37824946099363,1800.0,1744.45,1861.2,1797.18,38.73441226968014,1795.5,1740.45,1857.55,74.8825,1.613933844570006,74.8125,72.51875,77.39791666666667,99.78422275843866,0.13848055622782512,99.78111701586138,99.58937655811461,99.94480988018928,1.81073810968137,0.927864657507557,1.7134581783758172,0.6654895165640644,3.6434722912660606,97.87004404695648,16.99917052105764,98.24728091859322,81.48440601622751,113.69154765848981,0.3181690771775838,0.014960279373232277,0.319518833981827,0.2952370576262817,0.34105482209870897,0.0,0.0,0.0,0.0,0.0,0.0,0.0,0.0,0.0,0.0,21.623599999999957,0.4730674543091235,21.610999999999954,20.943399999999983,22.34729999999993,3.752988888888879,0.08207466995807887,3.750763888888879,3.634965277777768,3.878395833333323,21.42233097403776,2.5577834987475776,20.330708124675773,19.03805970578035,27.24518306602301,18.666324532017043,2.0584961087036624,17.547371343636705,17.532555305696178,22.976442559846976,2.7560064420207135,1.2083385088575052,2.6532320087391135,1.490880076679218,4.493503701306903,87.35008628582682,4.440772495755066,88.12250117499198,79.61697279049599,92.16552724568103,19.732086554333563,0.042103527890841416,19.717693829999604,19.68388165068366,19.820991761423148,5.950647492788266,0.7104954163187713,5.647418923521047,5.288349918272319,7.568106407228613,0.0,0.0,0.0,0.0,0.0,2.06,0.5499536158548617,2.0,1.0,3.0,53.2,5.869325309764037,50.0,50.0,65.49999999999997
B_pad,5,C2,1801.08,39.37824946099363,1800.0,1744.45,1861.2,1797.6,39.05882533736382,1796.0,1740.45,1858.65,74.9,1.627451055723493,74.83333333333333,72.51875,77.44375,99.80713881108069,0.1123713556085577,99.83286825083357,99.63303634260991,99.94480988018928,0.19716052761076042,0.036425992090508515,0.19551914658477626,0.14839822415885587,0.25272354910234385,3.237825236355945,0.573576061397042,3.2128848286793072,2.4123903665479203,4.23500857541337,0.37424812338836694,0.013607756576378797,0.37441448249548914,0.353239473345437,0.3944734250666543,0.0,0.0,0.0,0.0,0.0,0.0,0.0,0.0,0.0,0.0,24.298759999999703,0.4743223548669343,24.295999999999704,23.544599999999736,25.079499999999673,3.9387638888888965,0.08199026472707054,3.937986111111118,3.8169791666666746,4.068131944444453,40.79551870612177,1.3189699791469953,40.62406806704605,38.65588973029503,42.71615289748527,34.271203400373864,1.083798656564335,34.222933828747216,32.602236818321984,35.90768528432821,6.524315305747994,0.3419886656512169,6.486438175384924,6.00058047708981,7.098205840043788,84.01080012451801,0.5599350615674848,84.03358679559383,83.1024003511433,84.8694747838588,55.027983201520044,4.126050194138837,53.8728336965236,50.24876672741132,63.11358402443689,11.332088529478257,0.36638054976305157,11.284463351957223,10.737747147304168,11.865598027079225,0.0,0.0,0.0,0.0,0.0,4.0,0.0,4.0,4.0,4.0,13429.0,312.1371362666331,13410.0,12919.0,13895.0
B_pad,5,C3,1801.08,39.37824946099363,1800.0,1744.45,1861.2,1797.6,39.05882533736382,1796.0,1740.45,1858.65,74.9,1.627451055723493,74.83333333333333,72.51875,77.44375,99.80713881108069,0.1123713556085577,99.83286825083357,99.63303634260991,99.94480988018928,0.19487277485433513,0.036394647819174515,0.1927490505237821,0.14589094822995716,0.2504541613018956,3.236363505719798,0.5734366306990657,3.2128848286793072,2.4123903665479203,4.218220233519423,0.37466831885701324,0.013589785871247081,0.37480650686314937,0.3537264047378062,0.3949307539303766,0.0,0.0,0.0,0.0,0.0,0.0,0.0,0.0,0.0,0.0,22.565479999999877,0.5082017613153864,22.553999999999878,21.79809999999991,23.377699999999844,3.818397222222217,0.08443968077363517,3.816874999999995,3.69500694444444,3.950916666666662,37.89361101526342,1.4342720492135168,37.87707102111532,35.60760327757373,40.154168288157074,32.15343751641487,1.127276650996508,32.07601422124692,30.297541955491354,33.84131592368347,5.740173498848552,0.4270181712307607,5.674437264175603,5.178446770802286,6.504793413309688,84.8632987105712,0.7490210790602608,84.88903062378424,83.42078579709809,86.01574291710627,55.027983201520044,4.126050194138837,53.8728336965236,50.24876672741132,63.11358402443689,10.526003059795393,0.39840890255931016,10.521408616976476,9.891000910437151,11.153935635599186,0.0,0.0,0.0,0.0,0.0,4.0,0.0,4.0,4.0,4.0,4762.6,274.8491979843732,4755.0,4354.5,5192.5
B_pad,5,C4,1801.08,39.37824946099363,1800.0,1744.45,1861.2,1797.6,39.05882533736382,1796.0,1740.45,1858.65,74.9,1.627451055723493,74.83333333333333,72.51875,77.44375,99.80713881108069,0.1123713556085577,99.83286825083357,99.63303634260991,99.94480988018928,0.19692647815706077,0.036405611144707015,0.19528251893342494,0.14812108508314498,0.25263693556972316,3.237825236355945,0.573576061397042,3.2128848286793072,2.4123903665479203,4.23500857541337,0.3742926012881952,0.01360406959350976,0.3744422788422459,0.3532882533299061,0.3945394235867976,0.0,0.0,0.0,0.0,0.0,0.0,0.0,0.0,0.0,0.0,24.183399999999715,0.47520362982189107,24.182999999999716,23.43439999999974,24.978599999999684,3.930752777777785,0.0820336484085305,3.930416666666673,3.808027777777784,4.061125000000007,39.45525826508894,1.318551206765465,39.38758169622086,37.46731062009042,41.438425713093196,34.141510302395105,1.0826512126248333,34.10315605096943,32.48887570721086,35.777549173217075,5.313747962693919,0.2973504327745454,5.224520666340478,4.913127211366435,5.800573146865085,86.53801356186354,0.4506538690080712,86.65838529160038,85.77531469010329,87.1817807392289,55.027983201520044,4.126050194138837,53.8728336965236,50.24876672741132,63.11358402443689,10.959793962524696,0.3662642241015164,10.940994915616901,10.407586283358444,11.51067380919254,0.0,0.0,0.0,0.0,0.0,4.0,0.0,4.0,4.0,4.0,12852.2,328.1816943246468,12840.0,12286.0,13375.0
C_workload,105,C1,2520.9,50.95786574840681,2515.0,2443.9,2596.3,2405.26,45.069021896352304,2409.0,2328.15,2469.75,100.21916666666667,1.877875912348009,100.375,97.00625,102.90625,95.43269652589848,1.8413167346299741,95.5737343922037,92.52976724551932,97.74776046438596,33.39521394970914,10.487196006200914,31.945335738187165,17.054340929093335,51.70078803245765,167.072499284708,32.994570411621346,162.1543087212481,125.43308143710877,233.97872065194966,0.03764343038528657,0.011882109073395895,0.03851049611822066,0.020860917069591083,0.05880895885817472,25.510822968165975,15.588206452171221,25.000161360744137,0.0,49.58531963565162,0.0,0.0,0.0,0.0,0.0,30.270799999999646,0.6114943889808608,30.199999999999648,29.346799999999675,31.17559999999961,5.2532638888888865,0.10616222030918585,5.24097222222222,5.092847222222214,5.410347222222228,42.11110654266212,3.295345744052152,40.76291709649369,39.13125561523781,49.05407917201572,35.08792453201717,0.00891423227148989,35.08863454249528,35.07480552672753,35.10066584536585,7.023182010644949,3.2966159293264767,5.669634184540725,4.040005972070998,13.967257914934885,83.7754396235647,5.931493509451668,86.09122098641056,71.53040506697299,89.67646443300399,19.731752268806876,0.041296485665201346,19.717693829999604,19.68388165068366,19.820991761423148,29.2438239879598,2.2884345444806597,28.307581317009507,27.17448306613737,34.06533275834425,0.92,0.27404751561786966,1.0,0.0,1.0,1.92,0.27404751561786966,2.0,1.0,2.0,100.0,0.0,100.0,100.0,100.0
C_workload,105,C2,2520.9,50.95786574840681,2515.0,2443.9,2596.3,2462.98,43.28335212790897,2470.5,2392.25,2523.75,102.62416666666667,1.8034730053295474,102.9375,99.67708333333333,105.15625,97.73351499344211,2.288553537659334,98.82219484708153,93.32630283436507,99.83950101779843,9.58407752720771,8.648604513416927,8.252316286023511,1.0178738427363871,25.68773439443703,107.00574881069043,72.84421403067039,128.47711536681976,6.734604333756948,197.6384319725884,0.10121887291341354,0.03601810936978298,0.10589163846669952,0.04548024812983618,0.151124507754375,1.0114856067460767,0.33777456698479374,0.8700120532584483,0.6985739576800093,1.7543124730159518,0.0,0.0,0.0,0.0,0.0,31.513239999999527,0.40439703464867865,31.510999999999516,30.974799999999576,32.010999999999534,5.3395444444444555,0.08722943013677051,5.319722222222232,5.220951388888899,5.48128472222224,39.071029307903885,5.31140959139948,37.9727245935756,31.814979961652188,48.20580254052436,33.3450545493112,4.440020565491272,31.900216948120477,27.374338219589795,41.23960754266063,5.725974758592685,1.5850359893088182,5.1121168777480195,4.398403541116056,9.138226744999304,85.42611934089874,2.893948879397079,86.09684604897672,78.28048611176554,88.62208753562292,17.611977619950803,5.664518379581409,15.023120887203532,14.962819462381102,31.775476991358822,27.132659241599917,3.6884788829163058,26.369947634427497,22.09373608448069,33.476251764253036,1.0,0.0,1.0,1.0,1.0,2.0,0.0,2.0,2.0,2.0,6312.2,1971.7414762031035,6525.0,3381.0,8895.5
C_workload,105,C3,2520.9,50.95786574840681,2515.0,2443.9,2596.3,2463.04,43.262822801277025,2470.5,2392.25,2523.75,102.62666666666667,1.8026176167198762,102.9375,99.67708333333333,105.15625,97.73593825677005,2.2898007225266395,98.88277643028024,93.32630283436507,99.83950101779843,9.583970668208616,8.652043801404792,8.252316286023511,1.0178738427363871,25.717349975786938,107.12328897767709,72.95295854392907,128.47711536681976,6.734604333756948,197.6384319725884,0.10121887291341354,0.03601810936978298,0.10589163846669952,0.04548024812983618,0.151124507754375,1.011715948497194,0.33790661252393805,0.8700120532584483,0.6985739576800093,1.7543124730159518,0.0,0.0,0.0,0.0,0.0,31.513039999999528,0.4039867122486348,31.510999999999516,30.974799999999576,32.010999999999534,5.339530555555567,0.08720268969915042,5.319722222222232,5.220951388888899,5.48128472222224,39.077630379309305,5.309049125518369,37.9727245935756,31.814979961652188,48.20580254052436,33.34248283895801,4.438839513760309,31.900216948120477,27.374338219589795,41.23960754266063,5.735147540351294,1.5829804713352722,5.1121168777480195,4.398403541116056,9.138226744999304,85.40470495146576,2.8899143481919713,86.03714862884834,78.28048611176554,88.62208753562292,17.611977619950803,5.664518379581409,15.023120887203532,14.962819462381102,31.775476991358822,27.137243318964796,3.6868396704988675,26.369947634427497,22.09373608448069,33.476251764253036,1.0,0.0,1.0,1.0,1.0,2.0,0.0,2.0,2.0,2.0,6311.2,1972.3244755198607,6525.0,3381.0,8895.5
C_workload,105,C4,2520.9,50.95786574840681,2515.0,2443.9,2596.3,2466.46,47.59446460697385,2462.5,2390.95,2540.95,102.76916666666666,1.9831026919572454,102.60416666666666,99.62291666666667,105.87291666666667,97.86227731560275,2.004007942305522,98.59468751704301,94.09834024221483,99.90361617259443,11.721520412802466,9.794023986868803,10.911616886103818,1.0178564324137802,29.29393109209561,120.8375266473605,68.47371463602329,133.37863986367714,6.734604333756948,202.84620834821442,0.09429332341804457,0.03739667742245469,0.08384181831701276,0.04127337078260914,0.151124507754375,1.0480532458740008,0.41751465619885153,0.8781176617553343,0.7145338801019557,1.9353567881333151,0.0,0.0,0.0,0.0,0.0,31.430759999999538,0.3698453929601847,31.40999999999953,30.938399999999564,31.87299999999953,5.333816666666677,0.08471918900930792,5.318194444444455,5.220888888888899,5.457062500000013,39.29368865773761,4.7336118404648575,37.89957659771444,33.53427918010792,48.796484866850115,33.15676631832648,3.4118500048439895,32.55865092253009,29.075413000439337,39.36344856570878,6.136922339411128,2.3069166233610154,5.289153664595724,3.9813263271305535,10.268971345516134,84.6382044930462,4.096025476006993,86.06458752278172,77.26982733609344,88.59210125832647,21.34371552444501,4.050830772003421,19.730603477729836,19.679835218477063,31.775476991358822,27.28728379009556,3.2872304447672613,26.319150415079477,23.287693875074943,33.88644782420147,1.0,0.0,1.0,1.0,1.0,2.0,0.0,2.0,2.0,2.0,5899.8,2065.150575129858,5395.0,2879.5,8895.5
C_workload,45,C1,1083.3,32.04031261790467,1088.0,1041.9,1139.95,1081.36,32.1080827766442,1085.0,1039.35,1137.5,45.05666666666667,1.3378367823601753,45.208333333333336,43.30625,47.395833333333336,99.82063216398313,0.12469007052965825,99.81726720559902,99.6219368646335,100.0,0.5069192303621273,0.15226071661613552,0.44983873679513237,0.4057885919974646,0.7580543493503974,110.47269128694177,32.71279630769004,98.27140858347968,83.03315186373132,165.8242110680136,0.5635037766741285,0.013499686628806018,0.561252863266263,0.541803432993598,0.5823762891603353,15.135329541791737,20.67811857589951,3.2289528817415585,0.0,65.65896918539973,0.0,0.0,0.0,0.0,0.0,13.00960000000001,0.38448375141485636,13.06600000000001,12.512800000000007,13.68940000000001,2.2575694444444396,0.06675065128730116,2.2673611111111063,2.17131944444444,2.3755902777777727,20.655990599501166,1.7337869297099668,19.971766774305117,19.224787397742187,24.61933584476679,17.543480087572593,0.008914232271488975,17.544190098050706,17.530361082282955,17.55622140092128,3.112510511928574,1.7319648231044535,2.422017216844888,1.6953008103551535,7.0746993168411265,85.45112594373124,6.331637519566027,87.8729473874691,71.2698486193197,91.1816928371144,19.732328906490554,0.0426640897192274,19.717693829999604,19.68388165068366,19.820991761423148,14.344437916320253,1.204018701187477,13.86928248215633,13.35054680398763,17.09676100331027,0.56,0.501426536422407,1.0,0.0,1.0,1.52,0.5799366608624125,2.0,1.0,2.0,50.0,0.0,50.0,50.0,50.0
C_workload,45,C2,1083.3,32.04031261790467,1088.0,1041.9,1139.95,1081.54,31.85823828994275,1085.0,1040.45,1137.5,45.06416666666667,1.3274265954142823,45.208333333333336,43.35208333333333,47.395833333333336,99.83793203045026,0.11113386244421886,99.81924807854092,99.66835979358187,100.0,0.025325978051208006,0.007966634880963752,0.024092144509359426,0.016294511508388284,0.037269362904231836,1.639058252028099,0.38466311511691337,1.6228765430260257,1.1652717856165176,2.33665626928187,0.6226473200821944,0.011263454533137634,0.6216824386756379,0.6025713209123655,0.6374965134268196,1.1996907547996278,0.2478076775206355,1.163511889042008,0.8536203584253658,1.578817175279991,0.0,0.0,0.0,0.0,0.0,15.068399999999935,0.4329464311492739,15.133999999999933,14.501599999999943,15.848299999999924,2.4005416666666703,0.07009955875128795,2.4109722222222256,2.3099930555555583,2.5255138888888933,28.08297171548536,1.332074456304864,28.053025113945864,26.217926498354494,30.286869495803256,23.538767475236394,1.0758206670796253,23.48040101825169,22.0456148875035,25.218607543983026,4.544204240248965,0.3371895236829268,4.464644708929743,4.0725558034262175,5.05320750905321,83.82836801652795,0.7229486172579979,83.93409363972467,82.53836772092488,84.82611909678246,55.08573928365906,4.144609973641326,53.8728336965236,50.31423589906351,63.223700478182614,19.50206369130919,0.925051705767289,19.481267440240096,18.206893401634954,21.032548260974455,1.0,0.0,1.0,1.0,1.0,2.0,0.0,2.0,2.0,2.0,10344.0,258.33849018333296,10370.0,9984.5,10726.5
C_workload,45,C3,1083.3,32.04031261790467,1088.0,1041.9,1139.95,1081.54,31.85823828994275,1085.0,1040.45,1137.5,45.06416666666667,1.3274265954142823,45.208333333333336,43.35208333333333,47.395833333333336,99.83793203045026,0.11113386244421886,99.81924807854092,99.66835979358187,100.0,0.02474332408345224,0.007966859894474846,0.023817979211845003,0.015420186618956937,0.03698094241081,1.639058252028099,0.38466311511691337,1.6228765430260257,1.1652717856165176,2.33665626928187,0.6227304501815653,0.011257629400487997,0.6217876667848838,0.602669656767119,0.6375948761691977,2.118794791339578,0.4873140717407131,2.0708588987216987,1.5089994502308646,3.0209315002861046,0.0,0.0,0.0,0.0,0.0,13.43192,0.40765450758089244,13.490000000000002,12.924700000000001,14.163299999999998,2.2868972222222186,0.06832727012764744,2.2974999999999963,2.1999236111111076,2.408499999999996,25.46246182056793,1.3081668447598997,25.297998239293428,23.84877708441445,27.607383211430612,21.52203409013893,1.0583856564788934,21.44298166243665,20.145568749676876,23.189677856956727,3.9404277304290063,0.3856553838214284,3.9088757926736384,3.3903844935247487,4.62038920993901,84.54009918766091,1.0616170091167778,84.60731322412357,82.92745065704108,86.20793065217083,55.08573928365906,4.144609973641326,53.8728336965236,50.31423589906351,63.223700478182614,17.68226515317217,0.9084491977499293,17.568054332842653,16.56165075306559,19.17179389682681,1.0,0.0,1.0,1.0,1.0,2.0,0.0,2.0,2.0,2.0,2161.6,169.5776265566051,2140.0,1893.5,2436.5
C_workload,45,C4,1083.3,32.04031261790467,1088.0,1041.9,1139.95,1081.54,31.85823828994275,1085.0,1040.45,1137.5,45.06416666666667,1.3274265954142823,45.208333333333336,43.35208333333333,47.395833333333336,99.83793203045026,0.11113386244421886,99.81924807854092,99.66835979358187,100.0,0.025290590983499773,0.00796492912413609,0.024072290871677535,0.016294511508388284,0.037269362904231836,1.639058252028099,0.38466311511691337,1.6228765430260257,1.1652717856165176,2.33665626928187,0.6226523018184582,0.01126347944256965,0.6217036746964868,0.6025713209123655,0.6375079797259242,1.26416969847543,0.2745896823273608,1.224694863260035,0.9128419999130466,1.6742818816955558,0.0,0.0,0.0,0.0,0.0,14.986239999999938,0.43021430634946434,15.051999999999937,14.414399999999947,15.761199999999928,2.394836111111114,0.06989735916256982,2.4052777777777807,2.3039375000000026,2.5194652777777815,27.164727774175372,1.3143228701227945,27.207891037570903,25.275013060246632,29.24995089677556,23.447464664049086,1.074645777633202,23.37497046269613,21.947368003135605,25.131982543983018,3.717263110126286,0.3098547887360915,3.662016446017417,3.328673472856345,4.249756324038805,86.32904773990278,0.6981021237550675,86.4757316153268,84.94842790312318,87.10242158423995,55.08573928365906,4.144609973641326,53.8728336965236,50.31423589906351,63.223700478182614,18.86439428762169,0.9127242153630656,18.894368776090808,17.552092402948947,20.31246590053853,1.0,0.0,1.0,1.0,1.0,2.0,0.0,2.0,2.0,2.0,9933.2,257.50323952786863,9950.0,9534.5,10310.0
C_workload,75,C1,1801.08,39.37824946099363,1800.0,1744.45,1861.2,1797.0,38.744058135620286,1795.5,1740.45,1857.55,74.875,1.6143357556508449,74.8125,72.51875,77.39791666666667,99.77423546630449,0.15177835269510892,99.78284242990125,99.5586305343863,99.94480988018928,2.403143627702507,1.588840942468191,2.0146499827765285,0.6724008640860325,5.365735456524381,121.22489619021898,25.220876163127155,113.78895723544798,88.47324606059375,166.5690210072957,0.3112241754208963,0.016026605277526015,0.31249800923138493,0.2870173126044596,0.3354308064620148,25.331602548278884,16.99411704744668,27.337228795287352,0.0,46.783010447254064,0.0,0.0,0.0,0.0,0.0,21.623679999999958,0.47302075028910257,21.610999999999954,20.943399999999983,22.34729999999993,3.7529944444444343,0.08207142223972022,3.750763888888879,3.634965277777768,3.8783958333333235,21.730308851598966,2.716911641176607,20.450347260720598,19.073116025811608,27.648307861969602,18.8066800875726,2.0973407751824533,17.548592008321585,17.532555305696178,22.976442559846976,2.923628764026363,1.5284020934475848,2.5689368131092714,1.5403441709074719,4.585747410967147,86.8674116577711,5.325217005801895,87.87000207826453,79.27983259081323,92.16462001364465,19.732086554333563,0.042103527890841416,19.717693829999604,19.68388165068366,19.820991761423148,15.090492258054836,1.8867441952615327,14.201630042167082,13.245219462369171,19.200213793034443,0.88,0.32826072265931594,1.0,0.0,1.0,1.88,0.328260722659316,2.0,1.0,2.0,53.6,5.979557010416099,50.0,50.0,65.49999999999997
C_workload,75,C2,1801.08,39.37824946099363,1800.0,1744.45,1861.2,1797.6,39.05882533736382,1796.0,1740.45,1858.65,74.9,1.627451055723493,74.83333333333333,72.51875,77.44375,99.80713881108069,0.1123713556085577,99.83286825083357,99.63303634260991,99.94480988018928,0.19724672360712137,0.03642842156738585,0.1957943772515532,0.14848387905165286,0.25278712547019333,3.237825236355945,0.573576061397042,3.2128848286793072,2.4123903665479203,4.23500857541337,0.37423143827397815,0.01360711478591849,0.37440542390910747,0.35322418257967303,0.3944712517349621,0.6744294421607329,0.0968194962714976,0.6794675290768691,0.5184283802901335,0.8165603090098621,0.0,0.0,0.0,0.0,0.0,24.298679999999703,0.4742348699080641,24.295999999999704,23.544599999999736,25.079499999999673,3.9387583333333414,0.08198398489707871,3.937986111111118,3.8169791666666746,4.068131944444453,40.74038042051611,1.3033715194095148,40.546328145285855,38.60827357083913,42.64466054369834,34.26928242736474,1.0844717817137943,34.22293382874723,32.602236818321984,35.90768528432821,6.471097993151452,0.3391403876437442,6.481500309772365,5.967659935262743,6.986637346623484,84.11901903969327,0.5857516157976912,84.12630165314746,83.2336814040783,84.99979538456932,54.9619518563556,4.14311017000514,53.8728336965236,50.079934258858614,63.11358402443689,28.291930847580716,0.9051191107010703,28.157172323115265,26.811301090860557,29.61434759979062,1.0,0.0,1.0,1.0,1.0,2.0,0.0,2.0,2.0,2.0,13428.6,312.29898024365133,13410.0,12919.0,13895.0
C_workload,75,C3,1801.08,39.37824946099363,1800.0,1744.45,1861.2,1797.6,39.05882533736382,1796.0,1740.45,1858.65,74.9,1.627451055723493,74.83333333333333,72.51875,77.44375,99.80713881108069,0.1123713556085577,99.83286825083357,99.63303634260991,99.94480988018928,0.19516515911550134,0.036434635075454906,0.19338245337627658,0.14606806285072468,0.2507371214193268,3.236973990879578,0.5745515001425326,3.2128848286793072,2.4123903665479203,4.23500857541337,0.37462120849720537,0.013584652912761614,0.374787102593632,0.35373707684721173,0.39486146887484824,1.1096617657379568,0.1429026048542164,1.0999977744700296,0.9142613214236738,1.3425621499834866,0.0,0.0,0.0,0.0,0.0,22.696399999999866,0.5166008209084103,22.672999999999874,21.902499999999904,23.503099999999836,3.827488888888884,0.0849745686171186,3.8224999999999962,3.702201388888884,3.958159722222218,38.021018503371536,1.4524912461135817,37.95596554138463,35.54073147212189,40.10931571170224,32.28010161698308,1.154456453403045,32.2502077193005,30.440592725790413,33.97942735983102,5.74091688638845,0.43865415846158967,5.800142282424844,5.025886468818341,6.357766626805672,84.91193868932214,0.815846985988241,84.95907839437166,83.76851930601381,86.12087288045912,54.9619518563556,4.14311017000514,53.8728336965236,50.079934258858614,63.11358402443689,26.40348507178579,1.0086744764677653,26.358309403739327,24.68106352230687,27.853691466459885,1.0,0.0,1.0,1.0,1.0,2.0,0.0,2.0,2.0,2.0,5417.2,347.86251095887314,5470.0,4822.5,5951.0
C_workload,75,C4,1801.08,39.37824946099363,1800.0,1744.45,1861.2,1797.6,39.05882533736382,1796.0,1740.45,1858.65,74.9,1.627451055723493,74.83333333333333,72.51875,77.44375,99.80713881108069,0.1123713556085577,99.83286825083357,99.63303634260991,99.94480988018928,0.1970167272391957,0.036410789756275666,0.1955577496002019,0.148220918889943,0.2527005119375727,3.237825236355945,0.573576061397042,3.2128848286793072,2.4123903665479203,4.23500857541337,0.3742749378394823,0.013604824663363846,0.374440038499092,0.35327165152418794,0.39453725025510544,0.6877020230655186,0.10207851658625236,0.6886388885151522,0.5236559455397936,0.8267421766666714,0.0,0.0,0.0,0.0,0.0,24.187799999999715,0.47609795767898955,24.183999999999713,23.435299999999742,24.985099999999683,3.93105833333334,0.08209764058198163,3.9305555555555616,3.808166666666673,4.061576388888897,39.472624563702986,1.3317181378432599,39.43743539321764,37.513436681910484,41.396768486495716,34.145450563651224,1.0844678977018647,34.11064216208054,32.492404873877526,35.78321722877263,5.327174000051846,0.31813539052152734,5.216963256580068,4.902722313259893,5.866433378581679,86.51094109414161,0.4992069001085668,86.63292676782024,85.66631066275832,87.20338726727998,54.9619518563556,4.14311017000514,53.8728336965236,50.079934258858614,63.11358402443689,27.41154483590493,0.9248042623911683,27.387107911956768,26.05099769577122,28.747755893399894,1.0,0.0,1.0,1.0,1.0,2.0,0.0,2.0,2.0,2.0,12874.2,326.88442693317234,12875.0,12315.0,13379.5
D_power,1,C1,1801.08,39.37824946099363,1800.0,1744.45,1861.2,1699.46,71.01658616269921,1710.5,1569.8,1795.1,70.81083333333333,2.9590244234458,71.27083333333334,65.40833333333333,74.79583333333333,94.38213181414152,4.0174152694964125,94.89940987688593,87.74501828887007,99.66232247761364,80.9093057566181,25.554547597567787,80.61675586795542,38.85891244267254,119.73216222865062,595.8890030058751,74.6686449752404,601.0917392360616,491.5753461846215,700.2537836773506,0.1424980740112055,0.019306283630264237,0.13980017552323704,0.11403626918581544,0.17025196102265083,190.12201672073854,50.805806998002126,188.45830351700872,106.7141376782919,268.0692156103452,0.0,0.0,0.0,0.0,0.0,21.626799999999943,0.47286879571311524,21.61399999999994,20.947399999999966,22.350199999999923,3.7532111111111015,0.08206088540884819,3.750972222222212,3.635243055555546,3.8785972222222123,28.8508107351068,2.8851383775407613,28.39285254744465,24.678153126835873,33.658894457765825,24.280546754239307,1.7133066591046173,24.558919962138837,21.054413836468836,24.57892890989455,4.570263980867493,1.971989942006248,3.994040764496363,2.507572001234463,7.630523253609867,84.50432750501403,5.324417674847855,86.015750925058,74.15329728818469,90.65779376625393,19.731752268806876,0.04129648566520234,19.717693829999604,19.68388165068366,19.820991761423148,60.10585569813917,6.010704953209918,59.15177614050969,51.4128190142414,70.12269678701213,1.0,0.0,1.0,1.0,1.0,2.0,0.0,2.0,2.0,2.0,69.2,4.882287854467162,70.0,60.0,70.0
D_power,1,C2,1801.08,39.37824946099363,1800.0,1744.45,1861.2,1797.6,39.05882533736382,1796.0,1740.45,1858.65,74.9,1.627451055723493,74.83333333333333,72.51875,77.44375,99.80713881108069,0.1123713556085577,99.83286825083357,99.63303634260991,99.94480988018928,0.1977128420223228,0.03641366093077479,0.19652117922577975,0.14895949311013099,0.25330940566940036,3.237825236355945,0.573576061397042,3.2128848286793072,2.4123903665479203,4.23500857541337,0.3741452310566695,0.013603176271864352,0.374339185373892,0.3531214235206398,0.39435825897002585,1.2388300427482848,0.06907191243803373,1.2279058029034409,1.1509325474068466,1.3644067676368277,0.0,0.0,0.0,0.0,0.0,24.298559999999704,0.4743256506421785,24.294999999999703,23.544599999999736,25.079499999999673,3.9387500000000077,0.08199067645438239,3.937986111111118,3.8169791666666746,4.068131944444453,28.001304339154593,0.9052343455887689,28.02985199683637,26.692556830856038,29.275455681129717,23.926174470226,0.7749768858308775,23.929931752579684,22.784564125256622,25.024835191083557,4.075129868928596,0.19067620830991583,4.059680023613259,3.7785340818502524,4.397964421908527,85.44776557691061,0.45930103499117003,85.45846510549225,84.64457941972702,86.1236650241964,35.20518156796576,6.323636619936066,35.660498369240855,24.852293368282414,43.52930326613534,58.33605070657208,1.885904886643266,58.39552499340912,55.60949339761672,60.99053266902025,1.0,0.0,1.0,1.0,1.0,2.0,0.0,2.0,2.0,2.0,13428.0,311.9720029301429,13410.0,12919.0,13895.0
D_power,1,C3,1801.08,39.37824946099363,1800.0,1744.45,1861.2,1797.6,39.05882533736382,1796.0,1740.45,1858.65,74.9,1.627451055723493,74.83333333333333,72.51875,77.44375,99.80713881108069,0.1123713556085577,99.83286825083357,99.63303634260991,99.94480988018928,0.1977128420223228,0.03641366093077479,0.19652117922577975,0.14895949311013099,0.25330940566940036,3.237825236355945,0.573576061397042,3.2128848286793072,2.4123903665479203,4.23500857541337,0.3741452310566695,0.013603176271864352,0.374339185373892,0.3531214235206398,0.39435825897002585,1.2388300427482848,0.06907191243803373,1.2279058029034409,1.1509325474068466,1.3644067676368277,0.0,0.0,0.0,0.0,0.0,24.298559999999704,0.4743256506421785,24.294999999999703,23.544599999999736,25.079499999999673,3.9387500000000077,0.08199067645438239,3.937986111111118,3.8169791666666746,4.068131944444453,28.001304339154593,0.9052343455887689,28.02985199683637,26.692556830856038,29.275455681129717,23.926174470226,0.7749768858308775,23.929931752579684,22.784564125256622,25.024835191083557,4.075129868928596,0.19067620830991583,4.059680023613259,3.7785340818502524,4.397964421908527,85.44776557691061,0.45930103499117003,85.45846510549225,84.64457941972702,86.1236650241964,35.20518156796576,6.323636619936066,35.660498369240855,24.852293368282414,43.52930326613534,58.33605070657208,1.885904886643266,58.39552499340912,55.60949339761672,60.99053266902025,1.0,0.0,1.0,1.0,1.0,2.0,0.0,2.0,2.0,2.0,13428.0,311.9720029301429,13410.0,12919.0,13895.0
D_power,1,C4,1801.08,39.37824946099363,1800.0,1744.45,1861.2,1797.6,39.05882533736382,1796.0,1740.45,1858.65,74.9,1.627451055723493,74.83333333333333,72.51875,77.44375,99.80713881108069,0.1123713556085577,99.83286825083357,99.63303634260991,99.94480988018928,0.1977128420223228,0.03641366093077479,0.19652117922577975,0.14895949311013099,0.25330940566940036,3.237825236355945,0.573576061397042,3.2128848286793072,2.4123903665479203,4.23500857541337,0.3741452310566695,0.013603176271864352,0.374339185373892,0.3531214235206398,0.39435825897002585,1.2388300427482848,0.06907191243803373,1.2279058029034409,1.1509325474068466,1.3644067676368277,0.0,0.0,0.0,0.0,0.0,24.298479999999703,0.47437048467909176,24.294999999999703,23.544599999999736,25.079499999999673,3.9387444444444526,0.08199426768520185,3.937986111111118,3.8169791666666746,4.068131944444453,28.00084139156831,0.9048687118230682,28.02985199683637,26.692556830856038,29.275455681129717,23.92597807646569,0.7747962211621721,23.929931752579684,22.784564125256622,25.024835191083557,4.074863315102621,0.1906734416292514,4.0545330639371855,3.7785340818502524,4.397964421908527,85.44846516952356,0.4598405450233725,85.45846510549225,84.64457941972702,86.1236650241964,35.20518156796576,6.323636619936066,35.660498369240855,24.852293368282414,43.52930326613534,58.33508623243398,1.8851431496313924,58.39552499340912,55.60949339761672,60.99053266902025,1.0,0.0,1.0,1.0,1.0,2.0,0.0,2.0,2.0,2.0,13427.6,311.55017285195277,13410.0,12919.0,13895.0
D_power,3,C1,1801.08,39.37824946099363,1800.0,1744.45,1861.2,1797.0,38.744058135620286,1795.5,1740.45,1857.55,74.875,1.6143357556508449,74.8125,72.51875,77.39791666666667,99.77423546630449,0.15177835269510892,99.78284242990125,99.5586305343863,99.94480988018928,2.403143627702507,1.588840942468191,2.0146499827765285,0.6724008640860325,5.365735456524381,121.22489619021898,25.220876163127155,113.78895723544798,88.47324606059375,166.5690210072957,0.3112241754208963,0.016026605277526015,0.31249800923138493,0.2870173126044596,0.3354308064620148,25.331602548278884,16.99411704744668,27.337228795287352,0.0,46.783010447254064,0.0,0.0,0.0,0.0,0.0,21.623679999999958,0.47302075028910257,21.610999999999954,20.943399999999983,22.34729999999993,3.7529944444444343,0.08207142223972022,3.750763888888879,3.634965277777768,3.8783958333333235,21.730308851598966,2.716911641176607,20.450347260720598,19.073116025811608,27.648307861969602,18.8066800875726,2.0973407751824533,17.548592008321585,17.532555305696178,22.976442559846976,2.923628764026363,1.5284020934475848,2.5689368131092714,1.5403441709074719,4.585747410967147,86.8674116577711,5.325217005801895,87.87000207826453,79.27983259081323,92.16462001364465,19.732086554333563,0.042103527890841416,19.717693829999604,19.68388165068366,19.820991761423148,15.090492258054836,1.8867441952615327,14.201630042167082,13.245219462369171,19.200213793034443,0.88,0.32826072265931594,1.0,0.0,1.0,1.88,0.328260722659316,2.0,1.0,2.0,53.6,5.979557010416099,50.0,50.0,65.49999999999997
D_power,3,C2,1801.08,39.37824946099363,1800.0,1744.45,1861.2,1797.6,39.05882533736382,1796.0,1740.45,1858.65,74.9,1.627451055723493,74.83333333333333,72.51875,77.44375,99.80713881108069,0.1123713556085577,99.83286825083357,99.63303634260991,99.94480988018928,0.19724672360712137,0.03642842156738585,0.1957943772515532,0.14848387905165286,0.25278712547019333,3.237825236355945,0.573576061397042,3.2128848286793072,2.4123903665479203,4.23500857541337,0.37423143827397815,0.01360711478591849,0.37440542390910747,0.35322418257967303,0.3944712517349621,0.6744294421607329,0.0968194962714976,0.6794675290768691,0.5184283802901335,0.8165603090098621,0.0,0.0,0.0,0.0,0.0,24.298679999999703,0.4742348699080641,24.295999999999704,23.544599999999736,25.079499999999673,3.9387583333333414,0.08198398489707871,3.937986111111118,3.8169791666666746,4.068131944444453,40.74038042051611,1.3033715194095148,40.546328145285855,38.60827357083913,42.64466054369834,34.26928242736474,1.0844717817137943,34.22293382874723,32.602236818321984,35.90768528432821,6.471097993151452,0.3391403876437442,6.481500309772365,5.967659935262743,6.986637346623484,84.11901903969327,0.5857516157976912,84.12630165314746,83.2336814040783,84.99979538456932,54.9619518563556,4.14311017000514,53.8728336965236,50.079934258858614,63.11358402443689,28.291930847580716,0.9051191107010703,28.157172323115265,26.811301090860557,29.61434759979062,1.0,0.0,1.0,1.0,1.0,2.0,0.0,2.0,2.0,2.0,13428.6,312.29898024365133,13410.0,12919.0,13895.0
D_power,3,C3,1801.08,39.37824946099363,1800.0,1744.45,1861.2,1797.6,39.05882533736382,1796.0,1740.45,1858.65,74.9,1.627451055723493,74.83333333333333,72.51875,77.44375,99.80713881108069,0.1123713556085577,99.83286825083357,99.63303634260991,99.94480988018928,0.19516515911550134,0.036434635075454906,0.19338245337627658,0.14606806285072468,0.2507371214193268,3.236973990879578,0.5745515001425326,3.2128848286793072,2.4123903665479203,4.23500857541337,0.37462120849720537,0.013584652912761614,0.374787102593632,0.35373707684721173,0.39486146887484824,1.1096617657379568,0.1429026048542164,1.0999977744700296,0.9142613214236738,1.3425621499834866,0.0,0.0,0.0,0.0,0.0,22.696399999999866,0.5166008209084103,22.672999999999874,21.902499999999904,23.503099999999836,3.827488888888884,0.0849745686171186,3.8224999999999962,3.702201388888884,3.958159722222218,38.021018503371536,1.4524912461135817,37.95596554138463,35.54073147212189,40.10931571170224,32.28010161698308,1.154456453403045,32.2502077193005,30.440592725790413,33.97942735983102,5.74091688638845,0.43865415846158967,5.800142282424844,5.025886468818341,6.357766626805672,84.91193868932214,0.815846985988241,84.95907839437166,83.76851930601381,86.12087288045912,54.9619518563556,4.14311017000514,53.8728336965236,50.079934258858614,63.11358402443689,26.40348507178579,1.0086744764677653,26.358309403739327,24.68106352230687,27.853691466459885,1.0,0.0,1.0,1.0,1.0,2.0,0.0,2.0,2.0,2.0,5417.2,347.86251095887314,5470.0,4822.5,5951.0
D_power,3,C4,1801.08,39.37824946099363,1800.0,1744.45,1861.2,1797.6,39.05882533736382,1796.0,1740.45,1858.65,74.9,1.627451055723493,74.83333333333333,72.51875,77.44375,99.80713881108069,0.1123713556085577,99.83286825083357,99.63303634260991,99.94480988018928,0.1970167272391957,0.036410789756275666,0.1955577496002019,0.148220918889943,0.2527005119375727,3.237825236355945,0.573576061397042,3.2128848286793072,2.4123903665479203,4.23500857541337,0.3742749378394823,0.013604824663363846,0.374440038499092,0.35327165152418794,0.39453725025510544,0.6877020230655186,0.10207851658625236,0.6886388885151522,0.5236559455397936,0.8267421766666714,0.0,0.0,0.0,0.0,0.0,24.187799999999715,0.47609795767898955,24.183999999999713,23.435299999999742,24.985099999999683,3.93105833333334,0.08209764058198163,3.9305555555555616,3.808166666666673,4.061576388888897,39.472624563702986,1.3317181378432599,39.43743539321764,37.513436681910484,41.396768486495716,34.145450563651224,1.0844678977018647,34.11064216208054,32.492404873877526,35.78321722877263,5.327174000051846,0.31813539052152734,5.216963256580068,4.902722313259893,5.866433378581679,86.51094109414161,0.4992069001085668,86.63292676782024,85.66631066275832,87.20338726727998,54.9619518563556,4.14311017000514,53.8728336965236,50.079934258858614,63.11358402443689,27.41154483590493,0.9248042623911683,27.387107911956768,26.05099769577122,28.747755893399894,1.0,0.0,1.0,1.0,1.0,2.0,0.0,2.0,2.0,2.0,12874.2,326.88442693317234,12875.0,12315.0,13379.5
D_power,5,C1,1801.08,39.37824946099363,1800.0,1744.45,1861.2,1797.08,38.75450730863047,1795.5,1740.45,1857.55,74.87833333333333,1.6147711378596055,74.8125,72.51875,77.39791666666667,99.77868399841208,0.16320353039463165,99.78476579600175,99.55616298539722,99.94480988018928,0.7392590953195409,0.3554674656161871,0.6092398673794333,0.3900791491132481,1.4543602485054585,68.48109796203192,19.249175655742473,61.149324521063804,47.73490136254288,99.85465506759897,0.3379060225769689,0.015336309459947049,0.34024206504030413,0.3158377750904113,0.3607567662730456,8.330842411479338,12.516891619343628,0.15332061777632286,0.0,38.38823554626641,0.0,0.0,0.0,0.0,0.0,21.623599999999957,0.4730750469005779,21.610999999999958,20.943399999999983,22.34819999999993,3.752988888888879,0.08207518318827696,3.750763888888879,3.634965277777768,3.878458333333323,22.098210440745557,3.858669477879735,20.402637134089584,19.14295561527465,30.732780094118304,18.666324532017043,2.2905333217330632,17.546656167062405,17.531195347342152,22.976442559846976,3.4318859087285114,2.1986343516498312,2.670851622233126,1.6022389331054514,7.787030704710948,85.27954422170573,6.6655016727112795,87.57670734390092,71.77190887943398,91.630138293632,19.732328906490554,0.0426640897192274,19.717693829999604,19.68388165068366,19.820991761423148,9.207587683643983,1.6077789491165566,8.50109880587066,7.976231506364439,12.805325039215958,0.5,0.5050762722761054,0.5,0.0,1.0,1.48,0.5436085025840128,1.5,1.0,2.0,53.2,6.5278055193119195,50.0,50.0,65.49999999999997
D_power,5,C2,1801.08,39.37824946099363,1800.0,1744.45,1861.2,1797.6,39.05882533736382,1796.0,1740.45,1858.65,74.9,1.627451055723493,74.83333333333333,72.51875,77.44375,99.80713881108069,0.1123713556085577,99.83286825083357,99.63303634260991,99.94480988018928,0.19720126177527442,0.03642549942880602,0.19567001419852476,0.14845097521813203,0.25274313305325186,3.237825236355945,0.573576061397042,3.2128848286793072,2.4123903665479203,4.23500857541337,0.3742410877655892,0.013607513104991637,0.3744060202958273,0.35323518424088346,0.3944712517349621,0.587815774519708,0.12101399777722228,0.5804043618497746,0.4129083173344357,0.796935657655672,0.0,0.0,0.0,0.0,0.0,24.298719999999705,0.47427913248443476,24.295999999999704,23.544599999999736,25.079499999999673,3.9387611111111194,0.08198716093281391,3.937986111111118,3.8169791666666746,4.068131944444453,40.93067753760468,1.3458706152524653,40.73684971994756,38.86270958101582,42.94404214517593,34.27783490551951,1.081888755967025,34.22546330236645,32.602236818321984,35.90848460549924,6.65284263208527,0.39560785019157974,6.588957187410032,6.125171751477357,7.307325593352117,83.75199002540376,0.6638560356032144,83.81237944546547,82.60726906259036,84.59627342966753,55.04964352836921,4.143243700902874,53.8728336965236,50.16697891652572,63.15489271199528,17.05444897400197,0.5607794230218592,16.9736873833115,16.192795658756626,17.89335089382332,1.0,0.0,1.0,1.0,1.0,2.0,0.0,2.0,2.0,2.0,13428.8,312.2181341070793,13410.0,12919.0,13895.0
D_power,5,C3,1801.08,39.37824946099363,1800.0,1744.45,1861.2,1797.6,39.05882533736382,1796.0,1740.45,1858.65,74.9,1.627451055723493,74.83333333333333,72.51875,77.44375,99.80713881108069,0.1123713556085577,99.83286825083357,99.63303634260991,99.94480988018928,0.19466697864631827,0.036423944516322915,0.19297292862528104,0.1460211132501102,0.2501808730315098,3.2319965204062426,0.5716777684676339,3.2128848286793072,2.384867735293974,4.218220233519423,0.37470272666823595,0.013582334510210715,0.37488231329005395,0.3538102255090439,0.39496234150812776,0.9576889913182046,0.16058685663644487,0.9572401244669153,0.7091115563776972,1.2827021426603458,0.0,0.0,0.0,0.0,0.0,22.381399999999893,0.5015283173074122,22.374999999999893,21.63739999999992,23.16309999999986,3.805613888888883,0.0839975798419941,3.8038194444444393,3.6840347222222167,3.9350347222222166,37.805522133459576,1.4182655293805588,37.726257539640635,35.46933889668061,39.83632554485336,31.977525712476826,1.1099428780716523,31.918552706556653,30.13739057607434,33.6232590976283,5.827996420982759,0.4794600764828232,5.780184774293741,5.17026892198986,6.619153593570184,84.59752846458473,0.9155618894730073,84.84733304899211,82.85514198460643,85.70089254494505,55.04964352836921,4.143243700902874,53.8728336965236,50.16697891652572,63.15489271199528,15.752300888941491,0.5909439705752338,15.719273974850257,14.77889120695025,16.598468977022232,1.0,0.0,1.0,1.0,1.0,2.0,0.0,2.0,2.0,2.0,3842.2,228.3238838106239,3840.0,3449.0,4210.0
D_power,5,C4,1801.08,39.37824946099363,1800.0,1744.45,1861.2,1797.6,39.05882533736382,1796.0,1740.45,1858.65,74.9,1.627451055723493,74.83333333333333,72.51875,77.44375,99.80713881108069,0.1123713556085577,99.83286825083357,99.63303634260991,99.94480988018928,0.19696435145921698,0.036406457135916795,0.1954333865471734,0.14817383614242116,0.2526565195206312,3.237825236355945,0.573576061397042,3.2128848286793072,2.4123903665479203,4.23500857541337,0.3742858052142301,0.01360372361163241,0.3744422788422459,0.3532839642253526,0.39453725025510544,0.6108498043354132,0.12969035835204132,0.607543149186533,0.42641307244182836,0.8378764234842732,0.0,0.0,0.0,0.0,0.0,24.181719999999714,0.4747082472424328,24.181999999999714,23.43329999999974,24.97659999999968,3.9306361111111183,0.08199987119103565,3.9302777777777838,3.808027777777784,4.060986111111118,39.50794767688591,1.3326629670678591,39.45374014932738,37.60105843474009,41.54089607634142,34.14821848317383,1.081512866367058,34.103546635699765,32.48791320721086,35.77599571661033,5.3597291937121785,0.3386182943205564,5.25414127359614,5.000580966800778,5.959103909028203,86.44119538575393,0.5575281001538941,86.61360924032981,85.47453501344268,87.13884357890002,55.04964352836921,4.143243700902874,53.8728336965236,50.16697891652572,63.15489271199528,16.461644865369156,0.5552762362782725,16.439058395553104,15.667107681141745,17.30870669847561,1.0,0.0,1.0,1.0,1.0,2.0,0.0,2.0,2.0,2.0,12843.8,327.48198267934055,12840.0,12280.5,13365.0
ablation_efficiency,C4-Fixed,C4-Fixed,1801.08,39.37824946099363,1800.0,1744.45,1861.2,1797.6,39.05882533736382,1796.0,1740.45,1858.65,74.9,1.627451055723493,74.83333333333333,72.51875,77.44375,99.80713881108069,0.1123713556085577,99.83286825083357,99.63303634260991,99.94480988018928,0.1972381599797346,0.036429424768474925,0.1957943772515532,0.14848387905165286,0.25278712547019333,3.237825236355945,0.573576061397042,3.2128848286793072,2.4123903665479203,4.23500857541337,0.3742330969332315,0.013607228071470724,0.37440542390910747,0.35322942655122874,0.3944712517349621,0.6609273061497999,0.10123567881797661,0.6659393406491048,0.49565982624909893,0.8105854406983524,0.0,0.0,0.0,0.0,0.0,24.298679999999703,0.4742348699080641,24.295999999999704,23.544599999999736,25.079499999999673,3.9387583333333414,0.08198398489707871,3.937986111111118,3.8169791666666746,4.068131944444453,38.07909625531589,1.2042258072289445,38.027089621671976,36.22470757591313,39.89751317311993,34.27118662978446,1.0838032265060622,34.22438065950496,32.602236818321984,35.907761855808126,3.807909625531607,0.12042258072289469,3.802708962167216,3.6224707575913326,3.9897513173120127,90.00000000000041,6.329294327753902e-14,90.00000000000043,90.00000000000028,90.0000000000005,54.99603086282338,4.135465125527986,53.8728336965236,50.105323115431915,63.11283379252794,26.44381684396957,0.8362679216867984,26.40770112616132,25.156046927717632,27.70660637022243,1.0,0.0,1.0,1.0,1.0,2.0,0.0,2.0,2.0,2.0,13428.6,312.29898024365133,13410.0,12919.0,13895.0
ablation_efficiency,C4-Variable,C4-Variable,1801.08,39.37824946099363,1800.0,1744.45,1861.2,1797.6,39.05882533736382,1796.0,1740.45,1858.65,74.9,1.627451055723493,74.83333333333333,72.51875,77.44375,99.80713881108069,0.1123713556085577,99.83286825083357,99.63303634260991,99.94480988018928,0.1970167272391957,0.036410789756275666,0.1955577496002019,0.148220918889943,0.2527005119375727,3.237825236355945,0.573576061397042,3.2128848286793072,2.4123903665479203,4.23500857541337,0.3742749378394823,0.013604824663363846,0.374440038499092,0.35327165152418794,0.39453725025510544,0.6877020230655186,0.10207851658625236,0.6886388885151522,0.5236559455397936,0.8267421766666714,0.0,0.0,0.0,0.0,0.0,24.187799999999715,0.47609795767898955,24.183999999999713,23.435299999999742,24.985099999999683,3.93105833333334,0.08209764058198163,3.9305555555555616,3.808166666666673,4.061576388888897,39.472624563702986,1.3317181378432599,39.43743539321764,37.513436681910484,41.396768486495716,34.145450563651224,1.0844678977018647,34.11064216208054,32.492404873877526,35.78321722877263,5.327174000051846,0.31813539052152734,5.216963256580068,4.902722313259893,5.866433378581679,86.51094109414161,0.4992069001085668,86.63292676782024,85.66631066275832,87.20338726727998,54.9619518563556,4.14311017000514,53.8728336965236,50.079934258858614,63.11358402443689,27.41154483590493,0.9248042623911683,27.387107911956768,26.05099769577122,28.747755893399894,1.0,0.0,1.0,1.0,1.0,2.0,0.0,2.0,2.0,2.0,12874.2,326.88442693317234,12875.0,12315.0,13379.5
base,base,C1,1801.08,39.37824946099363,1800.0,1744.45,1861.2,1797.0,38.744058135620286,1795.5,1740.45,1857.55,74.875,1.6143357556508449,74.8125,72.51875,77.39791666666667,99.77423546630449,0.15177835269510892,99.78284242990125,99.5586305343863,99.94480988018928,2.403143627702507,1.588840942468191,2.0146499827765285,0.6724008640860325,5.365735456524381,121.22489619021898,25.220876163127155,113.78895723544798,88.47324606059375,166.5690210072957,0.3112241754208963,0.016026605277526015,0.31249800923138493,0.2870173126044596,0.3354308064620148,25.331602548278884,16.99411704744668,27.337228795287352,0.0,46.783010447254064,0.0,0.0,0.0,0.0,0.0,21.623679999999958,0.47302075028910257,21.610999999999954,20.943399999999983,22.34729999999993,3.7529944444444343,0.08207142223972022,3.750763888888879,3.634965277777768,3.8783958333333235,21.730308851598966,2.716911641176607,20.450347260720598,19.073116025811608,27.648307861969602,18.8066800875726,2.0973407751824533,17.548592008321585,17.532555305696178,22.976442559846976,2.923628764026363,1.5284020934475848,2.5689368131092714,1.5403441709074719,4.585747410967147,86.8674116577711,5.325217005801895,87.87000207826453,79.27983259081323,92.16462001364465,19.732086554333563,0.042103527890841416,19.717693829999604,19.68388165068366,19.820991761423148,15.090492258054836,1.8867441952615327,14.201630042167082,13.245219462369171,19.200213793034443,0.88,0.32826072265931594,1.0,0.0,1.0,1.88,0.328260722659316,2.0,1.0,2.0,53.6,5.979557010416099,50.0,50.0,65.49999999999997
base,base,C2,1801.08,39.37824946099363,1800.0,1744.45,1861.2,1797.6,39.05882533736382,1796.0,1740.45,1858.65,74.9,1.627451055723493,74.83333333333333,72.51875,77.44375,99.80713881108069,0.1123713556085577,99.83286825083357,99.63303634260991,99.94480988018928,0.19724672360712137,0.03642842156738585,0.1957943772515532,0.14848387905165286,0.25278712547019333,3.237825236355945,0.573576061397042,3.2128848286793072,2.4123903665479203,4.23500857541337,0.37423143827397815,0.01360711478591849,0.37440542390910747,0.35322418257967303,0.3944712517349621,0.6744294421607329,0.0968194962714976,0.6794675290768691,0.5184283802901335,0.8165603090098621,0.0,0.0,0.0,0.0,0.0,24.298679999999703,0.4742348699080641,24.295999999999704,23.544599999999736,25.079499999999673,3.9387583333333414,0.08198398489707871,3.937986111111118,3.8169791666666746,4.068131944444453,40.74038042051611,1.3033715194095148,40.546328145285855,38.60827357083913,42.64466054369834,34.26928242736474,1.0844717817137943,34.22293382874723,32.602236818321984,35.90768528432821,6.471097993151452,0.3391403876437442,6.481500309772365,5.967659935262743,6.986637346623484,84.11901903969327,0.5857516157976912,84.12630165314746,83.2336814040783,84.99979538456932,54.9619518563556,4.14311017000514,53.8728336965236,50.079934258858614,63.11358402443689,28.291930847580716,0.9051191107010703,28.157172323115265,26.811301090860557,29.61434759979062,1.0,0.0,1.0,1.0,1.0,2.0,0.0,2.0,2.0,2.0,13428.6,312.29898024365133,13410.0,12919.0,13895.0
base,base,C3,1801.08,39.37824946099363,1800.0,1744.45,1861.2,1797.6,39.05882533736382,1796.0,1740.45,1858.65,74.9,1.627451055723493,74.83333333333333,72.51875,77.44375,99.80713881108069,0.1123713556085577,99.83286825083357,99.63303634260991,99.94480988018928,0.19516515911550134,0.036434635075454906,0.19338245337627658,0.14606806285072468,0.2507371214193268,3.236973990879578,0.5745515001425326,3.2128848286793072,2.4123903665479203,4.23500857541337,0.37462120849720537,0.013584652912761614,0.374787102593632,0.35373707684721173,0.39486146887484824,1.1096617657379568,0.1429026048542164,1.0999977744700296,0.9142613214236738,1.3425621499834866,0.0,0.0,0.0,0.0,0.0,22.696399999999866,0.5166008209084103,22.672999999999874,21.902499999999904,23.503099999999836,3.827488888888884,0.0849745686171186,3.8224999999999962,3.702201388888884,3.958159722222218,38.021018503371536,1.4524912461135817,37.95596554138463,35.54073147212189,40.10931571170224,32.28010161698308,1.154456453403045,32.2502077193005,30.440592725790413,33.97942735983102,5.74091688638845,0.43865415846158967,5.800142282424844,5.025886468818341,6.357766626805672,84.91193868932214,0.815846985988241,84.95907839437166,83.76851930601381,86.12087288045912,54.9619518563556,4.14311017000514,53.8728336965236,50.079934258858614,63.11358402443689,26.40348507178579,1.0086744764677653,26.358309403739327,24.68106352230687,27.853691466459885,1.0,0.0,1.0,1.0,1.0,2.0,0.0,2.0,2.0,2.0,5417.2,347.86251095887314,5470.0,4822.5,5951.0
base,base,C4,1801.08,39.37824946099363,1800.0,1744.45,1861.2,1797.6,39.05882533736382,1796.0,1740.45,1858.65,74.9,1.627451055723493,74.83333333333333,72.51875,77.44375,99.80713881108069,0.1123713556085577,99.83286825083357,99.63303634260991,99.94480988018928,0.1970167272391957,0.036410789756275666,0.1955577496002019,0.148220918889943,0.2527005119375727,3.237825236355945,0.573576061397042,3.2128848286793072,2.4123903665479203,4.23500857541337,0.3742749378394823,0.013604824663363846,0.374440038499092,0.35327165152418794,0.39453725025510544,0.6877020230655186,0.10207851658625236,0.6886388885151522,0.5236559455397936,0.8267421766666714,0.0,0.0,0.0,0.0,0.0,24.187799999999715,0.47609795767898955,24.183999999999713,23.435299999999742,24.985099999999683,3.93105833333334,0.08209764058198163,3.9305555555555616,3.808166666666673,4.061576388888897,39.472624563702986,1.3317181378432599,39.43743539321764,37.513436681910484,41.396768486495716,34.145450563651224,1.0844678977018647,34.11064216208054,32.492404873877526,35.78321722877263,5.327174000051846,0.31813539052152734,5.216963256580068,4.902722313259893,5.866433378581679,86.51094109414161,0.4992069001085668,86.63292676782024,85.66631066275832,87.20338726727998,54.9619518563556,4.14311017000514,53.8728336965236,50.079934258858614,63.11358402443689,27.41154483590493,0.9248042623911683,27.387107911956768,26.05099769577122,28.747755893399894,1.0,0.0,1.0,1.0,1.0,2.0,0.0,2.0,2.0,2.0,12874.2,326.88442693317234,12875.0,12315.0,13379.5
