scenario,strategy,reps,mean_delay_mean,mean_delay_std,completion_rate_mean,completion_rate_std,urgent_on_time_rate_mean,urgent_on_time_rate_std,battery_delivered_energy_mean,battery_delivered_energy_std,wpt_loss_mean,wpt_loss_std,fleet_min_soc_mean,fleet_min_soc_std,critical_soc_event_count_mean,critical_soc_event_count_std,low_soc_stops_mean,low_soc_stops_std,charging_wait_mean,charging_wait_std,solver_mean_time_s_mean,solver_mean_time_s_std,solver_max_time_s_mean,solver_max_time_s_std,solver_calls_mean,solver_calls_std,infeasible_count_mean,infeasible_count_std,simulation_failure_count_mean,simulation_failure_count_std
base_case,C1,50,1.1039496775006503,0.44831460062353157,99.77405654109981,0.13200515974733693,100.0,0.0,20.527839292102236,0.812147644114432,5.117809152156408,0.22319905420011757,29.67871935268529,0.0006166074115258642,0.0,0.0,0.0,0.0,2.3115861829596884,3.541001443837258,0.0,0.0,0.0,0.0,0.0,0.0,0.0,0.0,0.0,0.0
base_case,C2,50,0.19795437157037302,0.03710522335097642,99.79800932390982,0.09813808758658313,100.0,0.0,36.844152462306326,1.0569275004712904,9.206596644985783,0.2620795825787423,53.84800589495349,5.107492105323606,0.0,0.0,0.0,0.0,6.039613253960851e-18,1.7763165587431086e-17,0.0,0.0,0.0,0.0,0.0,0.0,0.0,0.0,0.0,0.0
base_case,C3,50,0.19792536559131796,0.03713968397087974,99.79800932390982,0.09813808758658313,100.0,0.0,36.76262501768773,1.0521015210078413,9.184132405128516,0.25887054801426634,55.30301236299527,4.620331996033397,0.0,0.0,0.0,0.0,9.947598300641404e-18,3.583675081394465e-17,0.0,0.0,0.0,0.0,0.0,0.0,0.0,0.0,0.0,0.0
base_case,C4,50,0.19794882455317858,0.0371259065200993,99.79689882973993,0.09931843722092876,100.0,0.0,36.77631692044253,1.0488805473981735,9.182997900431126,0.2567869277637757,55.30301236299527,4.620331996033397,0.0,0.0,0.0,0.0,9.947598300641404e-18,3.583675081394465e-17,0.0,0.0,0.0,0.0,0.0,0.0,0.0,0.0,0.0,0.0
base_case,C5,50,0.19821091656831735,0.036978609665166855,99.79689882973993,0.09931843722092876,100.0,0.0,35.94157939509751,1.1046348754762523,8.979505669701117,0.2732144033459464,54.56091800086831,4.474897552892694,0.0,0.0,0.0,0.0,7.105427357601002e-18,1.85323944974876e-17,0.012704035450746774,0.0008508925058874926,0.22545669998624362,0.07241107586158241,2434.1,56.11658782010385,0.0,0.0,0.0,0.0
primary_challenge,C1,50,6.247067823255611,4.807713114263771,99.5515922597186,0.2871796787972882,55.200915369468994,9.403008848758063,28.08900429210214,1.8402361618757663,7.0099978158916585,0.5052021626017719,29.660836314016038,0.04054179641917947,0.0,0.0,0.0,0.0,31.25946677819163,16.350223419620807,0.0,0.0,0.0,0.0,0.0,0.0,0.0,0.0,0.0,0.0
primary_challenge,C2,50,4.7831190272707165,5.373081735621198,98.54145384102074,1.6154196699430812,72.36510106903131,10.929297146135964,32.20921691811584,2.8714432545551754,8.054843610628168,0.7339797830162466,20.03642258364807,1.4750746749650903,5.1,2.358224859888454,0.0,0.0,30.72013235470394,23.957320371696504,0.0,0.0,0.0,0.0,0.0,0.0,0.0,0.0,0.0,0.0
primary_challenge,C3,50,7.350139897982031,12.88633559399129,97.00048332030474,4.707417842602069,84.9037054741638,8.009185499241424,28.440659948212232,6.478263905886053,7.109698754669086,1.6338081184816629,24.403372729502145,5.5405425191737105,1.92,2.625153056762324,0.0,0.0,58.710621241078805,79.59530625664351,0.0,0.0,0.0,0.0,0.0,0.0,0.0,0.0,0.0,0.0
primary_challenge,C4,50,7.530566597455914,11.574679413541348,96.79067581370764,4.184616284927523,83.33134757374641,9.285093601662291,29.998873534542405,6.183941581446902,7.496636448921557,1.5609056215270245,22.942750809040753,4.823114506358237,2.54,2.6046269661226082,0.0,0.0,62.06686030099159,69.87682402422342,0.0,0.0,0.0,0.0,0.0,0.0,0.0,0.0,0.0,0.0
primary_challenge,C5,50,7.633001785390593,11.179955361212146,96.68727245408827,3.841171543557506,82.08740416608526,10.259038246391823,30.593169304579487,6.037752122621173,7.627499760556542,1.5051860831215127,21.1115041381147,2.061735130981571,2.9,2.5575019699954513,0.0,0.0,64.0248276215989,64.30653667265334,0.0033258183020888443,0.0006170488530162103,0.021860338383121417,0.01575071588510952,1327.6,185.75428140752098,0.0,0.0,0.0,0.0
stress_w105_p1_kw1,C1,50,466.35934939037287,45.96341191113898,59.27348943996667,2.0989009933163456,13.560435875581168,3.905428978336875,34.23820040321327,1.2177615671581314,8.557024346150206,0.3406702756205413,29.63899347295376,0.03354470393263574,0.0,0.0,0.0,0.0,811.0838996160123,41.481291161918996,0.0,0.0,0.0,0.0,0.0,0.0,0.0,0.0,0.0,0.0
stress_w105_p1_kw1,C2,50,497.5546740084326,49.248364886049124,56.16236205260031,2.2061865289173346,19.90345806756322,4.95058199276112,37.82090206987995,1.5637789700768236,9.489114967929094,0.41980925792660095,19.66422081238459,0.04152222567846113,10.5,0.5439837932759934,0.0,0.0,907.9809257827915,53.24090843282164,0.0,0.0,0.0,0.0,0.0,0.0,0.0,0.0,0.0,0.0
stress_w105_p1_kw1,C3,50,529.7509423061302,39.02910215488628,54.31284312164965,1.5626099840273295,22.177362100250253,5.530273080279955,37.80162484765773,1.5557000788948507,9.534304465267594,0.4738835380904456,19.65968373304189,0.047457316647332326,10.68,0.8191583535332259,0.0,0.0,953.416786622968,41.51784295418672,0.0,0.0,0.0,0.0,0.0,0.0,0.0,0.0,0.0,0.0
stress_w105_p1_kw1,C4,50,515.219901390748,40.80318526404918,55.10173508945413,1.7290951841663678,21.186893082113066,5.418161402251767,37.6629076254355,1.5898093962571924,9.397564183855414,0.4489088848552814,19.657913239568376,0.03839717919207748,10.4,0.6060915267313265,0.0,0.0,928.4599373048702,48.715089168100704,0.0,0.0,0.0,0.0,0.0,0.0,0.0,0.0,0.0,0.0
stress_w105_p1_kw3,C1,50,37.2892505220784,17.21113992541257,96.21723884735471,1.9396841115511603,15.086366179746475,4.766437592616434,31.2240437365466,1.2310647482005592,7.8187887100042746,0.3284572656159276,29.64598622255107,0.044321637180957364,0.0,0.0,0.0,0.0,33.67585600303193,16.4953387198262,0.0,0.0,0.0,0.0,0.0,0.0,0.0,0.0,0.0,0.0
stress_w105_p1_kw3,C2,50,60.91725168435262,23.691741392627424,92.34361215928779,2.653996166794355,25.119287513070667,6.722842853699782,36.548003736546626,1.9690332548664737,9.110373621772284,0.529798273828411,19.674758887271494,0.054928094896546535,9.38,1.0079277589921505,0.0,0.0,76.4535393117334,36.428778365313505,0.0,0.0,0.0,0.0,0.0,0.0,0.0,0.0,0.0,0.0
stress_w105_p1_kw3,C3,50,108.98352937372688,13.924095900179099,85.92541498681435,1.521462341984346,31.737491501222454,8.568847666843034,36.53775373654663,2.358317254016419,9.126483600157709,0.5962195636356904,19.67912049177255,0.04884203687416579,9.0,1.3997084244475304,0.0,0.0,164.1997869844026,12.65842143188591,0.0,0.0,0.0,0.0,0.0,0.0,0.0,0.0,0.0,0.0
stress_w105_p1_kw3,C4,50,96.86448756222893,14.476936163519674,87.60893872844127,1.5113350670656862,30.450340744334607,8.332189367283414,36.331790958768856,2.2748801319878655,9.043709577302323,0.590531879356874,19.658639205451987,0.05014654357512157,8.94,1.2521002763520246,0.0,0.0,141.7094481928483,16.444580060945857,0.0,0.0,0.0,0.0,0.0,0.0,0.0,0.0,0.0,0.0
stress_w105_p1_kw5,C1,50,7.898667774070123,3.8436162717184583,99.53999538044205,0.45177795768266343,31.144506625225148,7.995799615423516,30.945164292102152,1.2844778198575275,7.697467130538009,0.32673244072494506,29.658284162414606,0.04222353221375874,0.0,0.0,0.0,0.0,10.680082881487492,7.8953067084271975,0.0,0.0,0.0,0.0,0.0,0.0,0.0,0.0,0.0,0.0
stress_w105_p1_kw5,C2,50,9.651790793495662,7.148281052896871,98.94072602903836,1.195219341398218,42.63391818045724,11.541299864710002,33.821141933011816,2.6444728937147106,8.447733597869837,0.6787667848547523,19.69563658437421,0.06212270797848972,6.48,1.9297879760878036,0.0,0.0,14.167857488456981,16.209695838118975,0.0,0.0,0.0,0.0,0.0,0.0,0.0,0.0,0.0,0.0
stress_w105_p1_kw5,C3,50,34.20661352461953,13.911600324913886,92.93241179159747,2.2910012398863104,46.0251253540369,13.327545296859727,34.14086456070943,4.027365018886458,8.527597507604728,1.0130208589872254,20.050564580029775,1.8701454571597218,5.76,2.075709861365848,0.0,0.0,88.27722289822071,19.201960860721712,0.0,0.0,0.0,0.0,0.0,0.0,0.0,0.0,0.0,0.0
stress_w105_p1_kw5,C4,50,26.436376055779977,11.562549384333115,95.07190668668345,2.305858004639834,44.00221613887029,13.114293538769727,33.60379552569094,4.031454993614454,8.409207231537344,1.0276105972005563,19.931382704067165,1.3386918819927818,5.98,2.189865339257561,0.0,0.0,64.16957920966452,19.561421045691088,0.0,0.0,0.0,0.0,0.0,0.0,0.0,0.0,0.0,0.0
stress_w105_p2_kw1,C1,50,192.57499700410492,24.25263998131003,78.50661395485884,1.9260905293058885,13.560435875581168,3.905428978336875,32.391775403213266,1.8012964180498106,8.102281416866482,0.4973981780752554,29.644053173723613,0.03657215230295649,0.0,0.0,0.0,0.0,57.15893624629896,20.709709943585196,0.0,0.0,0.0,0.0,0.0,0.0,0.0,0.0,0.0,0.0
stress_w105_p2_kw1,C2,50,248.70174947855605,26.563302981043492,73.64239770751969,1.931837498546436,20.683003060405923,5.153713732539391,37.133988180991075,0.6966044292460735,9.283178136826322,0.23525361758740745,19.663419331483663,0.04410276461363748,10.26,0.5646020812962715,0.0,0.0,143.26561224479548,23.46135467768255,0.0,0.0,0.0,0.0,0.0,0.0,0.0,0.0,0.0,0.0
stress_w105_p2_kw1,C3,50,263.2661994351108,23.20450641811863,72.32213252516857,1.63014566940697,22.272122236751397,5.915937336531091,37.28501651432442,0.7269454493486308,9.29303919812963,0.23838729997383357,19.66289403139698,0.051456589391845955,10.04,0.3475864303027554,0.0,0.0,166.6729072268602,23.52541311318919,0.0,0.0,0.0,0.0,0.0,0.0,0.0,0.0,0.0,0.0
stress_w105_p2_kw1,C4,50,257.87537374894345,24.823498522014162,72.81928351597467,1.6961093240980936,21.85541504275922,5.6083793067271985,37.238311514324415,0.7033986129031048,9.324735148327829,0.2597543435226299,19.656897915105667,0.04545464186985977,10.22,0.7365113574085852,0.0,0.0,157.77924518061027,21.975765769272478,0.0,0.0,0.0,0.0,0.0,0.0,0.0,0.0,0.0,0.0
stress_w105_p2_kw3,C1,50,19.97112858520127,8.132636494627299,97.97587655721416,1.104673439101053,18.252260497870854,5.7300031590092395,31.02451706987993,1.4746296488696344,7.774780270385117,0.3976060121550184,29.641869705983495,0.04272110298128976,0.0,0.0,0.0,0.0,3.3739942471707947,4.274054713907848,0.0,0.0,0.0,0.0,0.0,0.0,0.0,0.0,0.0,0.0
stress_w105_p2_kw3,C2,50,20.91986443289352,10.007167147985296,97.35801229321169,1.8525422013911719,34.889832709391264,9.867764093249006,34.62952528932777,4.153817029185774,8.652217318109988,1.057907031007216,19.665412300209383,0.04786996888793673,7.4,2.3035022137995855,0.0,0.0,7.168064967718236,8.272034503980112,0.0,0.0,0.0,0.0,0.0,0.0,0.0,0.0,0.0,0.0
stress_w105_p2_kw3,C3,50,35.99395333904901,11.50775230341184,94.2040211601432,2.089248860856857,40.06731022454377,12.245403141828605,33.793672810733746,4.566629700130499,8.468242459554718,1.0946830986521905,19.745133937969335,0.42379712378653184,6.46,2.357878673031056,0.0,0.0,44.03440686762488,16.91893974134942,0.0,0.0,0.0,0.0,0.0,0.0,0.0,0.0,0.0,0.0
stress_w105_p2_kw3,C4,50,27.680168290913944,9.41298430095953,96.17581300743139,1.9683610115201489,37.878003088620574,11.246590202730244,33.884972431889395,4.298716074199719,8.455227182766883,1.0843017900923058,19.68310865923044,0.0641711487629387,6.76,2.1998144634194468,0.0,0.0,21.574035148119336,10.820164746977994,0.0,0.0,0.0,0.0,0.0,0.0,0.0,0.0,0.0,0.0
stress_w105_p2_kw5,C1,50,6.310157825939099,2.3096580954657737,99.5519386780858,0.45698568381722193,34.27927534427892,7.41127613419387,30.782743180991037,1.3126774715253031,7.691149774028355,0.3251751469325422,29.651592867741485,0.037749902133496854,0.0,0.0,0.0,0.0,0.8249541866734137,1.516307795700552,0.0,0.0,0.0,0.0,0.0,0.0,0.0,0.0,0.0,0.0
stress_w105_p2_kw5,C2,50,2.4855908205853425,1.7720568591967258,99.59028915855974,0.42841078683190875,59.63450400275973,11.122696688818875,36.53966887733022,2.2337903088127953,9.111967210816873,0.5746408672158797,24.074453706178293,8.77548379479023,2.04,2.099173792768216,0.0,0.0,0.27396716509270536,1.2293851431730474,0.0,0.0,0.0,0.0,0.0,0.0,0.0,0.0,0.0,0.0
stress_w105_p2_kw5,C3,50,2.6306286061261432,2.8911789450987246,99.34780847355238,1.0398537233894607,63.139048574046036,9.862328889016508,35.49658301805648,3.950720816852917,8.868994371243346,0.9915736996576213,34.87945813834509,12.857249504575716,1.22,2.3149029159349386,0.0,0.0,2.529702901783582,6.0021030828890805,0.0,0.0,0.0,0.0,0.0,0.0,0.0,0.0,0.0,0.0
stress_w105_p2_kw5,C4,50,2.5753535213704053,2.625608215745948,99.45074839515149,0.7905603068690568,62.473855710571364,10.458718488069714,35.657577667962045,3.225500560721341,8.90230186751282,0.813340054812523,31.4387690537753,12.361306686353425,1.36,2.2201305348642757,0.0,0.0,0.8438406852026631,2.4484463934052467,0.0,0.0,0.0,0.0,0.0,0.0,0.0,0.0,0.0,0.0
stress_w75_p1_kw1,C1,50,176.24456413120188,39.545436042845246,77.69376873002571,3.081814960513282,29.317797112967117,5.326207962820863,24.03585484765769,1.1445159920893888,5.9955263238789565,0.3124158440449287,29.65626203640191,0.04295798838237216,0.0,0.0,0.0,0.0,548.6088128108588,50.731881871660505,0.0,0.0,0.0,0.0,0.0,0.0,0.0,0.0,0.0,0.0
stress_w75_p1_kw1,C2,50,153.42940952732908,36.544101740297144,75.14180227550696,3.301540739153616,50.18501096674911,7.019485974487034,28.965292069879997,1.4296982995325016,7.237415674971774,0.36907481593550534,19.669880823786762,0.05060702386026482,7.56,1.0133798771981828,0.0,0.0,561.3627683124035,70.82253589219617,0.0,0.0,0.0,0.0,0.0,0.0,0.0,0.0,0.0,0.0
stress_w75_p1_kw1,C3,50,193.6588307982109,36.78447313441946,69.46243793012216,2.9497129624368017,60.60455778536337,6.63687382271962,29.441719847657797,1.2981921094407554,7.337082170740837,0.34621482743565213,19.664361868191815,0.052423630777514794,7.88,1.8805123053604955,0.0,0.0,649.0847996577826,46.11529729441443,0.0,0.0,0.0,0.0,0.0,0.0,0.0,0.0,0.0,0.0
stress_w75_p1_kw1,C4,50,188.86909785520612,35.51268198317928,70.02543034797414,2.7045976391150877,59.476301167713856,6.866776184850761,29.352073736546682,1.3977881189594987,7.342362792050437,0.3597271376054601,19.68500168936175,0.06535944308188123,7.8,2.531435020952764,0.0,0.0,637.1259480655683,50.501502055828034,0.0,0.0,0.0,0.0,0.0,0.0,0.0,0.0,0.0,0.0
stress_w75_p1_kw3,C1,50,1.9364746024920254,1.923974824521248,99.75970054511285,0.13374853211540025,83.43474195907982,5.442074722887712,20.776301514324345,1.0470911047628437,5.218833522634473,0.25669184748400187,29.671643931730966,0.043668032916228595,0.0,0.0,0.0,0.0,26.714297742097287,16.74618614936226,0.0,0.0,0.0,0.0,0.0,0.0,0.0,0.0,0.0,0.0
stress_w75_p1_kw3,C2,50,0.2009452701925622,0.03663605145000253,99.79137526449983,0.1035450132296415,96.60908564366879,1.665403360734886,31.99607524456214,0.802203764207367,7.998821316887721,0.20899477112211867,41.36459111831343,9.643078500919403,0.1,0.5802884574739972,0.0,0.0,1.6579330501069004e-18,7.569600335732385e-18,0.0,0.0,0.0,0.0,0.0,0.0,0.0,0.0,0.0,0.0
stress_w75_p1_kw3,C3,50,0.1982961226520054,0.037153293797484555,99.79137526449983,0.1035450132296415,96.62766149506199,1.6774204574371696,32.051864229695774,0.7647867912862468,8.009074700965089,0.1908078360850992,55.287794767122605,4.584488027574183,0.0,0.0,0.0,0.0,1.6579330501069004e-18,5.865339392455133e-18,0.0,0.0,0.0,0.0,0.0,0.0,0.0,0.0,0.0,0.0
stress_w75_p1_kw3,C4,50,0.19829564539543942,0.037153361683538146,99.79137526449983,0.1035450132296415,96.62766149506199,1.6774204574371696,32.04979699846978,0.7564601691236515,8.003009585024154,0.19221664582923134,54.7863911483353,4.63638045211658,0.0,0.0,0.0,0.0,3.079018521627101e-18,7.866268356312707e-18,0.0,0.0,0.0,0.0,0.0,0.0,0.0,0.0,0.0,0.0
stress_w75_p1_kw5,C1,50,0.6519829659532546,0.2950846009228216,99.77069960562352,0.1302214576049226,90.68617751297798,3.222542018680349,20.655570403213236,1.0027385895933871,5.165407545250232,0.2705985023232802,29.667921696597023,0.04102693836602878,0.0,0.0,0.0,0.0,8.954941510593803,7.689655276341437,0.0,0.0,0.0,0.0,0.0,0.0,0.0,0.0,0.0,0.0
stress_w75_p1_kw5,C2,50,0.1972552075524019,0.03719744214341759,99.79137526449983,0.1035450132296415,96.6278084069736,1.6779375111517956,35.28862452065773,0.9833498199652613,8.817319779126777,0.24397918119898174,51.68855365254476,5.175312726357137,0.0,0.0,0.0,0.0,3.079018521627101e-18,9.207324307721573e-18,0.0,0.0,0.0,0.0,0.0,0.0,0.0,0.0,0.0,0.0
stress_w75_p1_kw5,C3,50,0.1972038021630901,0.03721835729707782,99.79137526449983,0.1035450132296415,96.63315600055648,1.6762863264132397,35.204193191302814,0.9893433201985855,8.795236526520068,0.2497888716918267,55.42216405021534,4.612281814091687,0.0,0.0,0.0,0.0,7.105427357601002e-19,3.714192703678072e-18,0.0,0.0,0.0,0.0,0.0,0.0,0.0,0.0,0.0,0.0
stress_w75_p1_kw5,C4,50,0.19720917278237424,0.03722732761121065,99.79137526449983,0.1035450132296415,96.63315600055648,1.6762863264132397,35.246214919973646,0.9945929170518598,8.804928240093831,0.24641973813801737,55.07297162624258,4.614351641270031,0.0,0.0,0.0,0.0,7.105427357601002e-19,3.714192703678072e-18,0.0,0.0,0.0,0.0,0.0,0.0,0.0,0.0,0.0,0.0
stress_w75_p2_kw1,C1,50,29.463179852371642,17.866819580327597,98.92364371381744,1.6362145681994118,38.13981493357648,7.900087923573722,22.182742069879904,1.5687609123058621,5.5756155629481565,0.4299192976127243,29.67262211558756,0.04602034160133212,0.0,0.0,0.0,0.0,50.34857609090522,21.051299861528015,0.0,0.0,0.0,0.0,0.0,0.0,0.0,0.0,0.0,0.0
stress_w75_p2_kw1,C2,50,33.828906820387125,15.05604289130356,91.29473175979123,3.4920090699531245,63.37734782920165,10.555105076200116,29.3290308822378,2.07688177897338,7.321719357415117,0.5617768551351837,19.684537205680805,0.06689926785362277,6.1,1.4463183379511848,0.0,0.0,80.2981633852207,31.303950243293663,0.0,0.0,0.0,0.0,0.0,0.0,0.0,0.0,0.0,0.0
stress_w75_p2_kw1,C3,50,42.30593365946848,27.840216647917373,87.74225769646117,6.706676631171345,83.53511936587785,9.019947510831766,32.67873500222776,3.7894503180693384,8.180697427992266,0.9636073808367761,19.90722600062986,0.9789156990396405,5.94,2.122859065563444,0.0,0.0,192.56762778222495,49.236147266571706,0.0,0.0,0.0,0.0,0.0,0.0,0.0,0.0,0.0,0.0
stress_w75_p2_kw1,C4,50,43.59072592970909,24.437886774529588,86.850806528831,5.599164679261233,79.5005215422775,9.829888463943853,31.87495964949148,3.22535979016716,7.979939839608389,0.8402192112271958,19.811140551493338,0.6601239906182061,5.64,1.7468338705866027,0.0,0.0,166.65821227793163,40.17083454207327,0.0,0.0,0.0,0.0,0.0,0.0,0.0,0.0,0.0,0.0
stress_w75_p2_kw3,C1,50,1.1247083628177936,0.49995769512714267,99.76627111741779,0.13871595986562352,85.59876820750559,3.8741696990829384,20.494548736546566,0.8144311267111051,5.124982662603523,0.238787221845209,29.667243366307854,0.044810898977094164,0.0,0.0,0.0,0.0,2.6705725973858456,4.044855595805369,0.0,0.0,0.0,0.0,0.0,0.0,0.0,0.0,0.0,0.0
stress_w75_p2_kw3,C2,50,0.20028795477116687,0.037473018045990694,99.79137526449983,0.1035450132296415,96.59308928555767,1.682755836045125,36.806224128536996,1.069541530210308,9.198673513960019,0.2655296541368875,53.46433570090864,5.216177889235041,0.0,0.0,0.0,0.0,6.039613253960851e-18,1.7763165587431086e-17,0.0,0.0,0.0,0.0,0.0,0.0,0.0,0.0,0.0,0.0
stress_w75_p2_kw3,C3,50,0.20032958701577538,0.03747565457525303,99.79137526449983,0.1035450132296415,96.59308928555767,1.682755836045125,36.721295912229884,1.059298649542646,9.171407225145234,0.26663591002466813,55.332370612671184,4.606865965736477,0.0,0.0,0.0,0.0,9.947598300641404e-18,3.583675081394465e-17,0.0,0.0,0.0,0.0,0.0,0.0,0.0,0.0,0.0,0.0
stress_w75_p2_kw3,C4,50,0.20029929753475426,0.03748455576048784,99.79137526449983,0.1035450132296415,96.58722418291836,1.6826227830714033,36.766618343934226,1.0559551769517914,9.188941989916374,0.2615954136201765,55.12570290513255,4.499104589568297,0.0,0.0,0.0,0.0,7.223851146894351e-18,1.955767707626714e-17,0.0,0.0,0.0,0.0,0.0,0.0,0.0,0.0,0.0,0.0
stress_w75_p2_kw5,C1,50,0.5574795066695984,0.12217958747074066,99.775152087729,0.12998059412526505,91.34082871885067,2.4446493714771376,20.57464651432435,1.1183118766444295,5.162153204693769,0.2733710317604969,29.675271557635497,0.04646897970932598,0.0,0.0,0.0,0.0,0.6052160548597074,1.2984640017703009,0.0,0.0,0.0,0.0,0.0,0.0,0.0,0.0,0.0,0.0
stress_w75_p2_kw5,C2,50,0.19801697546188446,0.037330872434063245,99.79137526449983,0.1035450132296415,96.61076799495025,1.6788316396273502,35.904623173617445,1.0455958438729454,8.973531347111642,0.2610655847194484,54.50859816794623,4.843105248178367,0.0,0.0,0.0,0.0,2.979542538620687e-16,1.7210538310532213e-15,0.0,0.0,0.0,0.0,0.0,0.0,0.0,0.0,0.0,0.0
stress_w75_p2_kw5,C3,50,0.1980651722870799,0.037338679206957145,99.79137526449983,0.1035450132296415,96.61076799495025,1.6788316396273502,35.87157412413515,1.037905152584778,8.965525540336213,0.2606151395815469,55.424169713413704,4.613543261057715,0.0,0.0,0.0,0.0,6.927791673660978e-17,2.988791537644927e-16,0.0,0.0,0.0,0.0,0.0,0.0,0.0,0.0,0.0,0.0
stress_w75_p2_kw5,C4,50,0.19805727297424613,0.03734880103230858,99.79137526449983,0.1035450132296415,96.61076799495025,1.6788316396273502,35.88756848464062,1.040746973700789,8.96619331047802,0.25908470137479805,55.26924431623865,4.483227254399006,0.0,0.0,0.0,0.0,3.126388037344441e-16,1.7307907154501433e-15,0.0,0.0,0.0,0.0,0.0,0.0,0.0,0.0,0.0,0.0
stress_w90_p1_kw1,C1,50,314.16746103416557,43.774981256945075,67.31579322329407,2.498715179842652,21.366110642064537,4.242238162589866,29.058618180991033,1.3004133807062197,7.277669952583605,0.38654515722711275,29.646787920331462,0.03740881695252631,0.0,0.0,0.0,0.0,681.0666438590104,48.92757365327226,0.0,0.0,0.0,0.0,0.0,0.0,0.0,0.0,0.0,0.0
stress_w90_p1_kw1,C2,50,323.8454898914715,43.41179199953286,64.22841824988755,2.537347158112574,33.336158250057565,5.7383459005171416,33.354399847657746,1.4562561041446016,8.354915918480687,0.3793616973521714,19.668596989131352,0.055284914172400536,9.02,0.6543418566056449,0.0,0.0,755.3801109879965,54.618581818000955,0.0,0.0,0.0,0.0,0.0,0.0,0.0,0.0,0.0,0.0
stress_w90_p1_kw1,C3,50,367.4423480241367,36.25016061175427,60.29145302729609,1.4607632293651018,38.83215275429718,5.983759718392311,33.54640262543553,1.4912312186651646,8.391165670542227,0.43060336429589857,19.66262982499016,0.05070761932022501,9.26,1.174734012447073,0.0,0.0,821.8346851064505,41.08585977265279,0.0,0.0,0.0,0.0,0.0,0.0,0.0,0.0,0.0,0.0
stress_w90_p1_kw1,C4,50,355.52312705484184,35.57416794474515,61.391274980069575,1.338598448980097,37.488939320673765,6.131298553264252,33.73739706987998,1.375930609013158,8.459152311874668,0.39888043013334196,19.67558198550514,0.049582040288891994,9.0,0.8571428571428572,0.0,0.0,810.2396405739212,40.334548416205116,0.0,0.0,0.0,0.0,0.0,0.0,0.0,0.0,0.0,0.0
stress_w90_p1_kw3,C1,50,6.2470678232556125,4.807713114263771,99.55159225971863,0.2871796787972882,55.200915369468994,9.403008848758063,28.08900429210214,1.840236161875766,7.0099978158916585,0.5052021626017719,29.660836314016038,0.04054179641917947,0.0,0.0,0.0,0.0,31.25946677819163,16.350223419620807,0.0,0.0,0.0,0.0,0.0,0.0,0.0,0.0,0.0,0.0
stress_w90_p1_kw3,C2,50,4.7831190272707165,5.373081735621198,98.54145384102077,1.6154196699430812,72.36510106903131,10.929297146135964,32.20921691811585,2.871443254555175,8.054843610628168,0.7339797830162464,20.03642258364807,1.47507467496509,5.1,2.358224859888454,0.0,0.0,30.72013235470393,23.957320371696504,0.0,0.0,0.0,0.0,0.0,0.0,0.0,0.0,0.0,0.0
stress_w90_p1_kw3,C3,50,7.350139897982031,12.88633559399129,97.00048332030474,4.707417842602069,84.9037054741638,8.009185499241424,28.440659948212232,6.478263905886053,7.109698754669086,1.6338081184816629,24.403372729502145,5.5405425191737105,1.92,2.6251530567623234,0.0,0.0,58.71062124107882,79.5953062566435,0.0,0.0,0.0,0.0,0.0,0.0,0.0,0.0,0.0,0.0
stress_w90_p1_kw3,C4,50,7.530566597455914,11.574679413541348,96.79067581370761,4.184616284927523,83.33134757374641,9.285093601662291,29.998873534542405,6.183941581446902,7.496636448921558,1.5609056215270247,22.942750809040753,4.823114506358237,2.54,2.6046269661226082,0.0,0.0,62.0668603009916,69.87682402422342,0.0,0.0,0.0,0.0,0.0,0.0,0.0,0.0,0.0,0.0
stress_w90_p1_kw5,C1,50,1.850304524103675,0.8960716076239379,99.64841302413792,0.19319073875263454,71.98028576975645,5.954681976582663,27.76482540321326,1.9800625145576674,6.94605522556107,0.5196594010229636,29.67326461035571,0.04773583333792325,0.0,0.0,0.0,0.0,10.943333547003519,8.383237383016734,0.0,0.0,0.0,0.0,0.0,0.0,0.0,0.0,0.0,0.0
stress_w90_p1_kw5,C2,50,0.49496658846268565,0.10132264031736175,99.7673733409189,0.10163772676229736,88.32608633509193,3.5535020010483374,37.58825206693841,1.322624829456664,9.392908468234403,0.3305838341514562,43.34057956562651,10.177798537583469,0.04,0.19794866372215741,0.0,0.0,1.8947806286936006e-18,7.70079901763108e-18,0.0,0.0,0.0,0.0,0.0,0.0,0.0,0.0,0.0,0.0
stress_w90_p1_kw5,C3,50,0.4915705313144466,0.09880905772446154,99.7673733409189,0.10163772676229736,88.40276088295526,3.548747479224128,37.7391818360487,1.3820233769414108,9.426498958546654,0.34407711122374945,55.06300979559238,4.685506925125862,0.0,0.0,0.0,0.0,3.079018521627101e-18,1.0376486108581962e-17,0.0,0.0,0.0,0.0,0.0,0.0,0.0,0.0,0.0,0.0
stress_w90_p1_kw5,C4,50,0.49157188721126327,0.09880629575196742,99.7673733409189,0.10163772676229736,88.39739895266035,3.5467762329283103,37.71385286771519,1.361931926886284,9.4201369718013,0.3411722324829687,54.15834950696304,4.532840682453198,0.0,0.0,0.0,0.0,1.8947806286936006e-18,8.06389894985399e-18,0.0,0.0,0.0,0.0,0.0,0.0,0.0,0.0,0.0,0.0
stress_w90_p2_kw1,C1,50,100.01397650400821,24.364326497352028,88.98336352625269,2.3785897812274204,21.366110642064537,4.242238162589867,28.77938095876881,1.5472021792836264,7.203810475053063,0.40748567422046383,29.64599107911801,0.04093713539900961,0.0,0.0,0.0,0.0,55.18071216639355,20.53751339181164,0.0,0.0,0.0,0.0,0.0,0.0,0.0,0.0,0.0,0.0
stress_w90_p2_kw1,C2,50,130.0171224744475,22.703841716885137,83.16670224794899,2.9096197405977975,36.15397219077828,6.943452988985972,32.602696514324464,2.4154512263609034,8.175746500241953,0.6537151530733678,19.679564458363014,0.054613542226764386,8.38,1.3536044096999624,0.0,0.0,121.2622166857975,24.986899905586956,0.0,0.0,0.0,0.0,0.0,0.0,0.0,0.0,0.0,0.0
stress_w90_p2_kw1,C3,50,168.9350748089468,19.35480723262763,75.43708829157018,2.6513151083310627,44.08574591511439,7.038380007509671,32.874594292102266,2.4620616619171782,8.1983415509635,0.6261321527690299,19.689046010841007,0.05225813330963686,8.34,1.6612019253343928,0.0,0.0,192.8632706082013,17.24777927386055,0.0,0.0,0.0,0.0,0.0,0.0,0.0,0.0,0.0,0.0
stress_w90_p2_kw1,C4,50,155.4247270094908,19.137305538713065,78.22713630032995,2.317581374799296,41.461047196941365,6.605788732688112,32.74551040321338,2.595712210081786,8.190588623209669,0.6720968505661638,19.674132095336535,0.054376862429551046,8.46,1.606237840420901,0.0,0.0,167.08861569323759,14.057201861364172,0.0,0.0,0.0,0.0,0.0,0.0,0.0,0.0,0.0,0.0
stress_w90_p2_kw3,C1,50,3.806935240061051,1.679096261305328,99.38634179803623,0.4090679624177833,60.5650269230345,7.390150784921364,28.16941873654659,2.1316727192351355,7.052312068337087,0.5545798824852847,29.651354662156162,0.04188184397106185,0.0,0.0,0.0,0.0,3.0656062897837284,4.275127290886616,0.0,0.0,0.0,0.0,0.0,0.0,0.0,0.0,0.0,0.0
stress_w90_p2_kw3,C2,50,0.5025331969687885,0.10630772894186784,99.7673733409189,0.10163772676229736,88.16880899902476,3.6156645117071724,38.162573227277825,1.800614097990725,9.535030512332803,0.44969754976101106,41.39404372077384,10.76390573131328,0.14,0.6391959234627742,0.0,0.0,7.342274936187702e-18,1.8045706022098366e-17,0.0,0.0,0.0,0.0,0.0,0.0,0.0,0.0,0.0,0.0
stress_w90_p2_kw3,C3,50,0.49747436159453473,0.09897281234894403,99.7673733409189,0.10163772676229736,88.28625938971759,3.531450593751039,38.41137149619603,1.9140583228059072,9.595557788061852,0.47338425723041266,54.1118945361757,5.14534741807969,0.0,0.0,0.0,0.0,5.447494307494102e-18,1.378765313445753e-17,0.0,0.0,0.0,0.0,0.0,0.0,0.0,0.0,0.0,0.0
stress_w90_p2_kw3,C4,50,0.4974439385149722,0.09899227948203561,99.7673733409189,0.10163772676229736,88.29046107038987,3.5297278784744517,38.3920139891429,1.9064132584475502,9.591618292077282,0.4727785670031403,52.32338978488308,5.306180971868398,0.0,0.0,0.0,0.0,8.526512829121203e-18,2.1670490281445767e-17,0.0,0.0,0.0,0.0,0.0,0.0,0.0,0.0,0.0,0.0
stress_w90_p2_kw5,C1,50,1.5388437303013531,0.46124023529637465,99.62237027589337,0.21673964778228777,73.43018111424657,5.104121619270864,27.689466514324366,2.0058716924088205,6.937319121961617,0.5495591981561354,29.64725181541438,0.04156883926877073,0.0,0.0,0.0,0.0,0.799732163959963,1.4366019593792652,0.0,0.0,0.0,0.0,0.0,0.0,0.0,0.0,0.0,0.0
stress_w90_p2_kw5,C2,50,0.49382355920518106,0.09921714918305484,99.7673733409189,0.10163772676229736,88.34749225389433,3.54382079817688,40.700645283375536,1.047707010620725,10.17197894582439,0.26496168718030194,53.22955639283703,5.135137516026642,0.0,0.0,0.0,0.0,7.60280727263307e-17,4.279210417811969e-16,0.0,0.0,0.0,0.0,0.0,0.0,0.0,0.0,0.0,0.0
stress_w90_p2_kw5,C3,50,0.4937166478905652,0.0991470370872222,99.7673733409189,0.10163772676229736,88.35627576914605,3.534195124910474,40.64362316703225,1.0430140197423143,10.16315015681822,0.26203662707833436,55.12350324083637,4.720324751141793,0.0,0.0,0.0,0.0,1.2079226507921702e-17,2.915442730998799e-17,0.0,0.0,0.0,0.0,0.0,0.0,0.0,0.0,0.0,0.0
stress_w90_p2_kw5,C4,50,0.49373219121109024,0.09914267274038077,99.7673733409189,0.10163772676229736,88.35627576914605,3.534195124910474,40.67481846890762,1.0442968885550838,10.16552524613118,0.2613219994391891,54.7598397873226,4.562795038089736,0.0,0.0,0.0,0.0,5.051958851254312e-16,3.488650955069305e-15,0.0,0.0,0.0,0.0,0.0,0.0,0.0,0.0,0.0,0.0
